[ 5361303ms] [LOG] [HMR] connected @ http://localhost:3000/_next/static/chunks/node_modules_next_dist_115brz8._.js:2431
[ 9691319ms] [LOG] [HMR] connected @ http://localhost:3000/_next/static/chunks/node_modules_next_dist_115brz8._.js:2431
[ 9691691ms] [LOG] [Fast Refresh] rebuilding @ http://localhost:3000/_next/static/chunks/node_modules_next_dist_115brz8._.js:2431
[ 9693078ms] [LOG] [Fast Refresh] done in 1497ms @ http://localhost:3000/_next/static/chunks/node_modules_next_dist_115brz8._.js:2431
[12066174ms] [LOG] [HMR] connected @ http://localhost:3000/_next/static/chunks/node_modules_next_dist_115brz8._.js:2431
[13776233ms] [LOG] [HMR] connected @ http://localhost:3000/_next/static/chunks/node_modules_next_dist_115brz8._.js:2431
[13776492ms] [LOG] [Fast Refresh] rebuilding @ http://localhost:3000/_next/static/chunks/node_modules_next_dist_115brz8._.js:2431
[13776552ms] [LOG] [Fast Refresh] done in 171ms @ http://localhost:3000/_next/static/chunks/node_modules_next_dist_115brz8._.js:2431
[21539950ms] [LOG] [Fast Refresh] rebuilding @ http://localhost:3000/_next/static/chunks/node_modules_next_dist_115brz8._.js:2431
[21540435ms] [LOG] [Fast Refresh] done in 586ms @ http://localhost:3000/_next/static/chunks/node_modules_next_dist_115brz8._.js:2431
[21540930ms] [LOG] [Fast Refresh] rebuilding @ http://localhost:3000/_next/static/chunks/node_modules_next_dist_115brz8._.js:2431
[21542089ms] [LOG] [Fast Refresh] done in 1263ms @ http://localhost:3000/_next/static/chunks/node_modules_next_dist_115brz8._.js:2431
[21545533ms] [LOG] [Fast Refresh] rebuilding @ http://localhost:3000/_next/static/chunks/node_modules_next_dist_115brz8._.js:2431
[21546300ms] [LOG] [Fast Refresh] done in 871ms @ http://localhost:3000/_next/static/chunks/node_modules_next_dist_115brz8._.js:2431
[21546532ms] [LOG] [Fast Refresh] rebuilding @ http://localhost:3000/_next/static/chunks/node_modules_next_dist_115brz8._.js:2431
[21546575ms] [LOG] [Fast Refresh] done in 146ms @ http://localhost:3000/_next/static/chunks/node_modules_next_dist_115brz8._.js:2431
[21549278ms] [LOG] [Fast Refresh] rebuilding @ http://localhost:3000/_next/static/chunks/node_modules_next_dist_115brz8._.js:2431
[21549872ms] [LOG] [Fast Refresh] done in 700ms @ http://localhost:3000/_next/static/chunks/node_modules_next_dist_115brz8._.js:2431
[21550037ms] [LOG] [Fast Refresh] rebuilding @ http://localhost:3000/_next/static/chunks/node_modules_next_dist_115brz8._.js:2431
[21550104ms] [LOG] [Fast Refresh] done in 174ms @ http://localhost:3000/_next/static/chunks/node_modules_next_dist_115brz8._.js:2431
[21562699ms] [WARNING] The width(0) and height(0) of chart should be greater than 0,
       please check the style of container, or the props width(100%) and height(100%),
       or add a minWidth(0) or minHeight(undefined) or use aspect(undefined) to control the
       height and width. @ http://localhost:3000/_next/static/chunks/node_modules_next_dist_115brz8._.js:2431
[21562702ms] [WARNING] The width(0) and height(0) of chart should be greater than 0,
       please check the style of container, or the props width(100%) and height(100%),
       or add a minWidth(0) or minHeight(undefined) or use aspect(undefined) to control the
       height and width. @ http://localhost:3000/_next/static/chunks/node_modules_next_dist_115brz8._.js:2431
[21562705ms] [WARNING] The width(0) and height(0) of chart should be greater than 0,
       please check the style of container, or the props width(100%) and height(100%),
       or add a minWidth(0) or minHeight(undefined) or use aspect(undefined) to control the
       height and width. @ http://localhost:3000/_next/static/chunks/node_modules_next_dist_115brz8._.js:2431
[21562706ms] [WARNING] The width(0) and height(0) of chart should be greater than 0,
       please check the style of container, or the props width(100%) and height(100%),
       or add a minWidth(0) or minHeight(undefined) or use aspect(undefined) to control the
       height and width. @ http://localhost:3000/_next/static/chunks/node_modules_next_dist_115brz8._.js:2431
[21574827ms] [LOG] [Fast Refresh] rebuilding @ http://localhost:3000/_next/static/chunks/node_modules_next_dist_115brz8._.js:2431
[21574828ms] [LOG] [Fast Refresh] done in 117ms @ http://localhost:3000/_next/static/chunks/node_modules_next_dist_115brz8._.js:2431
[21575073ms] [LOG] [Fast Refresh] rebuilding @ http://localhost:3000/_next/static/chunks/node_modules_next_dist_115brz8._.js:2431
[21575160ms] [LOG] [Fast Refresh] done in 194ms @ http://localhost:3000/_next/static/chunks/node_modules_next_dist_115brz8._.js:2431
[21575449ms] [LOG] [Fast Refresh] rebuilding @ http://localhost:3000/_next/static/chunks/node_modules_next_dist_115brz8._.js:2431
[21575459ms] [LOG] [Fast Refresh] done in 115ms @ http://localhost:3000/_next/static/chunks/node_modules_next_dist_115brz8._.js:2431
[21589565ms] [LOG] [Fast Refresh] rebuilding @ http://localhost:3000/_next/static/chunks/node_modules_next_dist_115brz8._.js:2431
[21589566ms] [LOG] [Fast Refresh] done in 112ms @ http://localhost:3000/_next/static/chunks/node_modules_next_dist_115brz8._.js:2431
[22005729ms] [LOG] [Fast Refresh] rebuilding @ http://localhost:3000/_next/static/chunks/node_modules_next_dist_115brz8._.js:2431
[22006171ms] [LOG] [Fast Refresh] done in 541ms @ http://localhost:3000/_next/static/chunks/node_modules_next_dist_115brz8._.js:2431
[49573210ms] [ERROR] Failed to load resource: net::ERR_QUIC_PROTOCOL_ERROR.QUIC_NETWORK_IDLE_TIMEOUT @ https://wnitkyyodymmjedlttex.supabase.co/auth/v1/token?grant_type=refresh_token:0
[49573213ms] [ERROR] TypeError: Failed to fetch
    at http://localhost:3000/_next/static/chunks/node_modules_%40supabase_auth-js_dist_module_0.pzobh._.js:597:23
    at _handleRequest (http://localhost:3000/_next/static/chunks/node_modules_%40supabase_auth-js_dist_module_0.pzobh._.js:951:24)
    at _request (http://localhost:3000/_next/static/chunks/node_modules_%40supabase_auth-js_dist_module_0.pzobh._.js:938:24)
    at http://localhost:3000/_next/static/chunks/node_modules_%40supabase_auth-js_dist_module_0.pzobh._.js:7482:220
    at http://localhost:3000/_next/static/chunks/node_modules_%40supabase_auth-js_dist_module_0.pzobh._.js:667:42
    at http://localhost:3000/_next/static/chunks/node_modules_%40supabase_auth-js_dist_module_0.pzobh._.js:679:11
    at new Promise (<anonymous>)
    at retryable (http://localhost:3000/_next/static/chunks/node_modules_%40supabase_auth-js_dist_module_0.pzobh._.js:661:21)
    at SupabaseAuthClient._refreshAccessToken (http://localhost:3000/_next/static/chunks/node_modules_%40supabase_auth-js_dist_module_0.pzobh._.js:7477:219)
    at SupabaseAuthClient._callRefreshToken (http://localhost:3000/_next/static/chunks/node_modules_%40supabase_auth-js_dist_module_0.pzobh._.js:7633:48)
    at http://localhost:3000/_next/static/chunks/node_modules_%40supabase_auth-js_dist_module_0.pzobh._.js:7913:44
    at SupabaseAuthClient._useSession (http://localhost:3000/_next/static/chunks/node_modules_%40supabase_auth-js_dist_module_0.pzobh._.js:5927:26)
    at async http://localhost:3000/_next/static/chunks/node_modules_%40supabase_auth-js_dist_module_0.pzobh._.js:7903:32 @ http://localhost:3000/_next/static/chunks/node_modules_next_dist_115brz8._.js:3272
[49573382ms] [LOG] [Fast Refresh] rebuilding @ http://localhost:3000/_next/static/chunks/node_modules_next_dist_115brz8._.js:2431
[49573629ms] [LOG] [Fast Refresh] done in 351ms @ http://localhost:3000/_next/static/chunks/node_modules_next_dist_115brz8._.js:2431
[49577435ms] [ERROR] Failed to load resource: net::ERR_QUIC_PROTOCOL_ERROR.QUIC_NETWORK_IDLE_TIMEOUT @ https://wnitkyyodymmjedlttex.supabase.co/auth/v1/token?grant_type=refresh_token:0
[49577435ms] [ERROR] TypeError: Failed to fetch
    at http://localhost:3000/_next/static/chunks/node_modules_%40supabase_auth-js_dist_module_0.pzobh._.js:597:23
    at _handleRequest (http://localhost:3000/_next/static/chunks/node_modules_%40supabase_auth-js_dist_module_0.pzobh._.js:951:24)
    at _request (http://localhost:3000/_next/static/chunks/node_modules_%40supabase_auth-js_dist_module_0.pzobh._.js:938:24)
    at http://localhost:3000/_next/static/chunks/node_modules_%40supabase_auth-js_dist_module_0.pzobh._.js:7482:220
    at async http://localhost:3000/_next/static/chunks/node_modules_%40supabase_auth-js_dist_module_0.pzobh._.js:667:36 @ http://localhost:3000/_next/static/chunks/node_modules_next_dist_115brz8._.js:3272
[49581850ms] [ERROR] Failed to load resource: net::ERR_QUIC_PROTOCOL_ERROR.QUIC_NETWORK_IDLE_TIMEOUT @ https://wnitkyyodymmjedlttex.supabase.co/auth/v1/token?grant_type=refresh_token:0
[49581850ms] [ERROR] TypeError: Failed to fetch
    at http://localhost:3000/_next/static/chunks/node_modules_%40supabase_auth-js_dist_module_0.pzobh._.js:597:23
    at _handleRequest (http://localhost:3000/_next/static/chunks/node_modules_%40supabase_auth-js_dist_module_0.pzobh._.js:951:24)
    at _request (http://localhost:3000/_next/static/chunks/node_modules_%40supabase_auth-js_dist_module_0.pzobh._.js:938:24)
    at http://localhost:3000/_next/static/chunks/node_modules_%40supabase_auth-js_dist_module_0.pzobh._.js:7482:220
    at async http://localhost:3000/_next/static/chunks/node_modules_%40supabase_auth-js_dist_module_0.pzobh._.js:667:36 @ http://localhost:3000/_next/static/chunks/node_modules_next_dist_115brz8._.js:3272
[49586671ms] [ERROR] Failed to load resource: net::ERR_QUIC_PROTOCOL_ERROR.QUIC_NETWORK_IDLE_TIMEOUT @ https://wnitkyyodymmjedlttex.supabase.co/auth/v1/token?grant_type=refresh_token:0
[49586671ms] [ERROR] TypeError: Failed to fetch
    at http://localhost:3000/_next/static/chunks/node_modules_%40supabase_auth-js_dist_module_0.pzobh._.js:597:23
    at _handleRequest (http://localhost:3000/_next/static/chunks/node_modules_%40supabase_auth-js_dist_module_0.pzobh._.js:951:24)
    at _request (http://localhost:3000/_next/static/chunks/node_modules_%40supabase_auth-js_dist_module_0.pzobh._.js:938:24)
    at http://localhost:3000/_next/static/chunks/node_modules_%40supabase_auth-js_dist_module_0.pzobh._.js:7482:220
    at async http://localhost:3000/_next/static/chunks/node_modules_%40supabase_auth-js_dist_module_0.pzobh._.js:667:36 @ http://localhost:3000/_next/static/chunks/node_modules_next_dist_115brz8._.js:3272
[49592287ms] [ERROR] Failed to load resource: net::ERR_QUIC_PROTOCOL_ERROR.QUIC_NETWORK_IDLE_TIMEOUT @ https://wnitkyyodymmjedlttex.supabase.co/auth/v1/token?grant_type=refresh_token:0
[49592287ms] [ERROR] TypeError: Failed to fetch
    at http://localhost:3000/_next/static/chunks/node_modules_%40supabase_auth-js_dist_module_0.pzobh._.js:597:23
    at _handleRequest (http://localhost:3000/_next/static/chunks/node_modules_%40supabase_auth-js_dist_module_0.pzobh._.js:951:24)
    at _request (http://localhost:3000/_next/static/chunks/node_modules_%40supabase_auth-js_dist_module_0.pzobh._.js:938:24)
    at http://localhost:3000/_next/static/chunks/node_modules_%40supabase_auth-js_dist_module_0.pzobh._.js:7482:220
    at async http://localhost:3000/_next/static/chunks/node_modules_%40supabase_auth-js_dist_module_0.pzobh._.js:667:36 @ http://localhost:3000/_next/static/chunks/node_modules_next_dist_115brz8._.js:3272
[49599508ms] [ERROR] Failed to load resource: net::ERR_QUIC_PROTOCOL_ERROR.QUIC_NETWORK_IDLE_TIMEOUT @ https://wnitkyyodymmjedlttex.supabase.co/auth/v1/token?grant_type=refresh_token:0
[49599508ms] [ERROR] TypeError: Failed to fetch
    at http://localhost:3000/_next/static/chunks/node_modules_%40supabase_auth-js_dist_module_0.pzobh._.js:597:23
    at _handleRequest (http://localhost:3000/_next/static/chunks/node_modules_%40supabase_auth-js_dist_module_0.pzobh._.js:951:24)
    at _request (http://localhost:3000/_next/static/chunks/node_modules_%40supabase_auth-js_dist_module_0.pzobh._.js:938:24)
    at http://localhost:3000/_next/static/chunks/node_modules_%40supabase_auth-js_dist_module_0.pzobh._.js:7482:220
    at async http://localhost:3000/_next/static/chunks/node_modules_%40supabase_auth-js_dist_module_0.pzobh._.js:667:36 @ http://localhost:3000/_next/static/chunks/node_modules_next_dist_115brz8._.js:3272
[49603519ms] [ERROR] Failed to load resource: net::ERR_QUIC_PROTOCOL_ERROR.QUIC_NETWORK_IDLE_TIMEOUT @ https://wnitkyyodymmjedlttex.supabase.co/auth/v1/token?grant_type=refresh_token:0
[49603519ms] [ERROR] TypeError: Failed to fetch
    at http://localhost:3000/_next/static/chunks/node_modules_%40supabase_auth-js_dist_module_0.pzobh._.js:597:23
    at _handleRequest (http://localhost:3000/_next/static/chunks/node_modules_%40supabase_auth-js_dist_module_0.pzobh._.js:951:24)
    at _request (http://localhost:3000/_next/static/chunks/node_modules_%40supabase_auth-js_dist_module_0.pzobh._.js:938:24)
    at http://localhost:3000/_next/static/chunks/node_modules_%40supabase_auth-js_dist_module_0.pzobh._.js:7482:220
    at http://localhost:3000/_next/static/chunks/node_modules_%40supabase_auth-js_dist_module_0.pzobh._.js:667:42
    at http://localhost:3000/_next/static/chunks/node_modules_%40supabase_auth-js_dist_module_0.pzobh._.js:679:11
    at new Promise (<anonymous>)
    at retryable (http://localhost:3000/_next/static/chunks/node_modules_%40supabase_auth-js_dist_module_0.pzobh._.js:661:21)
    at SupabaseAuthClient._refreshAccessToken (http://localhost:3000/_next/static/chunks/node_modules_%40supabase_auth-js_dist_module_0.pzobh._.js:7477:219)
    at SupabaseAuthClient._callRefreshToken (http://localhost:3000/_next/static/chunks/node_modules_%40supabase_auth-js_dist_module_0.pzobh._.js:7633:48)
    at SupabaseAuthClient.__loadSession (http://localhost:3000/_next/static/chunks/node_modules_%40supabase_auth-js_dist_module_0.pzobh._.js:5996:57)
    at async SupabaseAuthClient._useSession (http://localhost:3000/_next/static/chunks/node_modules_%40supabase_auth-js_dist_module_0.pzobh._.js:5926:28)
    at async http://localhost:3000/_next/static/chunks/node_modules_%40supabase_auth-js_dist_module_0.pzobh._.js:7903:32
    at async http://localhost:3000/_next/static/chunks/node_modules_%40supabase_auth-js_dist_module_0.pzobh._.js:5875:28 @ http://localhost:3000/_next/static/chunks/node_modules_next_dist_115brz8._.js:3272
[49607739ms] [ERROR] Failed to load resource: net::ERR_QUIC_PROTOCOL_ERROR.QUIC_NETWORK_IDLE_TIMEOUT @ https://wnitkyyodymmjedlttex.supabase.co/auth/v1/token?grant_type=refresh_token:0
[49607740ms] [ERROR] TypeError: Failed to fetch
    at http://localhost:3000/_next/static/chunks/node_modules_%40supabase_auth-js_dist_module_0.pzobh._.js:597:23
    at _handleRequest (http://localhost:3000/_next/static/chunks/node_modules_%40supabase_auth-js_dist_module_0.pzobh._.js:951:24)
    at _request (http://localhost:3000/_next/static/chunks/node_modules_%40supabase_auth-js_dist_module_0.pzobh._.js:938:24)
    at http://localhost:3000/_next/static/chunks/node_modules_%40supabase_auth-js_dist_module_0.pzobh._.js:7482:220
    at async http://localhost:3000/_next/static/chunks/node_modules_%40supabase_auth-js_dist_module_0.pzobh._.js:667:36 @ http://localhost:3000/_next/static/chunks/node_modules_next_dist_115brz8._.js:3272
[49612155ms] [ERROR] Failed to load resource: net::ERR_QUIC_PROTOCOL_ERROR.QUIC_NETWORK_IDLE_TIMEOUT @ https://wnitkyyodymmjedlttex.supabase.co/auth/v1/token?grant_type=refresh_token:0
[49612155ms] [ERROR] TypeError: Failed to fetch
    at http://localhost:3000/_next/static/chunks/node_modules_%40supabase_auth-js_dist_module_0.pzobh._.js:597:23
    at _handleRequest (http://localhost:3000/_next/static/chunks/node_modules_%40supabase_auth-js_dist_module_0.pzobh._.js:951:24)
    at _request (http://localhost:3000/_next/static/chunks/node_modules_%40supabase_auth-js_dist_module_0.pzobh._.js:938:24)
    at http://localhost:3000/_next/static/chunks/node_modules_%40supabase_auth-js_dist_module_0.pzobh._.js:7482:220
    at async http://localhost:3000/_next/static/chunks/node_modules_%40supabase_auth-js_dist_module_0.pzobh._.js:667:36 @ http://localhost:3000/_next/static/chunks/node_modules_next_dist_115brz8._.js:3272
[49616973ms] [ERROR] Failed to load resource: net::ERR_QUIC_PROTOCOL_ERROR.QUIC_NETWORK_IDLE_TIMEOUT @ https://wnitkyyodymmjedlttex.supabase.co/auth/v1/token?grant_type=refresh_token:0
[49616974ms] [ERROR] TypeError: Failed to fetch
    at http://localhost:3000/_next/static/chunks/node_modules_%40supabase_auth-js_dist_module_0.pzobh._.js:597:23
    at _handleRequest (http://localhost:3000/_next/static/chunks/node_modules_%40supabase_auth-js_dist_module_0.pzobh._.js:951:24)
    at _request (http://localhost:3000/_next/static/chunks/node_modules_%40supabase_auth-js_dist_module_0.pzobh._.js:938:24)
    at http://localhost:3000/_next/static/chunks/node_modules_%40supabase_auth-js_dist_module_0.pzobh._.js:7482:220
    at async http://localhost:3000/_next/static/chunks/node_modules_%40supabase_auth-js_dist_module_0.pzobh._.js:667:36 @ http://localhost:3000/_next/static/chunks/node_modules_next_dist_115brz8._.js:3272
[49622606ms] [ERROR] Failed to load resource: net::ERR_QUIC_PROTOCOL_ERROR.QUIC_NETWORK_IDLE_TIMEOUT @ https://wnitkyyodymmjedlttex.supabase.co/auth/v1/token?grant_type=refresh_token:0
[49622606ms] [ERROR] TypeError: Failed to fetch
    at http://localhost:3000/_next/static/chunks/node_modules_%40supabase_auth-js_dist_module_0.pzobh._.js:597:23
    at _handleRequest (http://localhost:3000/_next/static/chunks/node_modules_%40supabase_auth-js_dist_module_0.pzobh._.js:951:24)
    at _request (http://localhost:3000/_next/static/chunks/node_modules_%40supabase_auth-js_dist_module_0.pzobh._.js:938:24)
    at http://localhost:3000/_next/static/chunks/node_modules_%40supabase_auth-js_dist_module_0.pzobh._.js:7482:220
    at async http://localhost:3000/_next/static/chunks/node_modules_%40supabase_auth-js_dist_module_0.pzobh._.js:667:36 @ http://localhost:3000/_next/static/chunks/node_modules_next_dist_115brz8._.js:3272
[49629823ms] [ERROR] Failed to load resource: net::ERR_QUIC_PROTOCOL_ERROR.QUIC_NETWORK_IDLE_TIMEOUT @ https://wnitkyyodymmjedlttex.supabase.co/auth/v1/token?grant_type=refresh_token:0
[49629823ms] [ERROR] TypeError: Failed to fetch
    at http://localhost:3000/_next/static/chunks/node_modules_%40supabase_auth-js_dist_module_0.pzobh._.js:597:23
    at _handleRequest (http://localhost:3000/_next/static/chunks/node_modules_%40supabase_auth-js_dist_module_0.pzobh._.js:951:24)
    at _request (http://localhost:3000/_next/static/chunks/node_modules_%40supabase_auth-js_dist_module_0.pzobh._.js:938:24)
    at http://localhost:3000/_next/static/chunks/node_modules_%40supabase_auth-js_dist_module_0.pzobh._.js:7482:220
    at async http://localhost:3000/_next/static/chunks/node_modules_%40supabase_auth-js_dist_module_0.pzobh._.js:667:36 @ http://localhost:3000/_next/static/chunks/node_modules_next_dist_115brz8._.js:3272
[49633832ms] [ERROR] Failed to load resource: net::ERR_QUIC_PROTOCOL_ERROR.QUIC_NETWORK_IDLE_TIMEOUT @ https://wnitkyyodymmjedlttex.supabase.co/auth/v1/token?grant_type=refresh_token:0
[49633832ms] [ERROR] TypeError: Failed to fetch
    at http://localhost:3000/_next/static/chunks/node_modules_%40supabase_auth-js_dist_module_0.pzobh._.js:597:23
    at _handleRequest (http://localhost:3000/_next/static/chunks/node_modules_%40supabase_auth-js_dist_module_0.pzobh._.js:951:24)
    at _request (http://localhost:3000/_next/static/chunks/node_modules_%40supabase_auth-js_dist_module_0.pzobh._.js:938:24)
    at http://localhost:3000/_next/static/chunks/node_modules_%40supabase_auth-js_dist_module_0.pzobh._.js:7482:220
    at http://localhost:3000/_next/static/chunks/node_modules_%40supabase_auth-js_dist_module_0.pzobh._.js:667:42
    at http://localhost:3000/_next/static/chunks/node_modules_%40supabase_auth-js_dist_module_0.pzobh._.js:679:11
    at new Promise (<anonymous>)
    at retryable (http://localhost:3000/_next/static/chunks/node_modules_%40supabase_auth-js_dist_module_0.pzobh._.js:661:21)
    at SupabaseAuthClient._refreshAccessToken (http://localhost:3000/_next/static/chunks/node_modules_%40supabase_auth-js_dist_module_0.pzobh._.js:7477:219)
    at SupabaseAuthClient._callRefreshToken (http://localhost:3000/_next/static/chunks/node_modules_%40supabase_auth-js_dist_module_0.pzobh._.js:7633:48)
    at SupabaseAuthClient.__loadSession (http://localhost:3000/_next/static/chunks/node_modules_%40supabase_auth-js_dist_module_0.pzobh._.js:5996:57)
    at async SupabaseAuthClient._useSession (http://localhost:3000/_next/static/chunks/node_modules_%40supabase_auth-js_dist_module_0.pzobh._.js:5926:28)
    at async http://localhost:3000/_next/static/chunks/node_modules_%40supabase_auth-js_dist_module_0.pzobh._.js:7903:32
    at async http://localhost:3000/_next/static/chunks/node_modules_%40supabase_auth-js_dist_module_0.pzobh._.js:5875:28 @ http://localhost:3000/_next/static/chunks/node_modules_next_dist_115brz8._.js:3272
[49638050ms] [ERROR] Failed to load resource: net::ERR_QUIC_PROTOCOL_ERROR.QUIC_NETWORK_IDLE_TIMEOUT @ https://wnitkyyodymmjedlttex.supabase.co/auth/v1/token?grant_type=refresh_token:0
[49638051ms] [ERROR] TypeError: Failed to fetch
    at http://localhost:3000/_next/static/chunks/node_modules_%40supabase_auth-js_dist_module_0.pzobh._.js:597:23
    at _handleRequest (http://localhost:3000/_next/static/chunks/node_modules_%40supabase_auth-js_dist_module_0.pzobh._.js:951:24)
    at _request (http://localhost:3000/_next/static/chunks/node_modules_%40supabase_auth-js_dist_module_0.pzobh._.js:938:24)
    at http://localhost:3000/_next/static/chunks/node_modules_%40supabase_auth-js_dist_module_0.pzobh._.js:7482:220
    at async http://localhost:3000/_next/static/chunks/node_modules_%40supabase_auth-js_dist_module_0.pzobh._.js:667:36 @ http://localhost:3000/_next/static/chunks/node_modules_next_dist_115brz8._.js:3272
[49642472ms] [ERROR] Failed to load resource: net::ERR_QUIC_PROTOCOL_ERROR.QUIC_NETWORK_IDLE_TIMEOUT @ https://wnitkyyodymmjedlttex.supabase.co/auth/v1/token?grant_type=refresh_token:0
[49642473ms] [ERROR] TypeError: Failed to fetch
    at http://localhost:3000/_next/static/chunks/node_modules_%40supabase_auth-js_dist_module_0.pzobh._.js:597:23
    at _handleRequest (http://localhost:3000/_next/static/chunks/node_modules_%40supabase_auth-js_dist_module_0.pzobh._.js:951:24)
    at _request (http://localhost:3000/_next/static/chunks/node_modules_%40supabase_auth-js_dist_module_0.pzobh._.js:938:24)
    at http://localhost:3000/_next/static/chunks/node_modules_%40supabase_auth-js_dist_module_0.pzobh._.js:7482:220
    at async http://localhost:3000/_next/static/chunks/node_modules_%40supabase_auth-js_dist_module_0.pzobh._.js:667:36 @ http://localhost:3000/_next/static/chunks/node_modules_next_dist_115brz8._.js:3272
[49647287ms] [ERROR] Failed to load resource: net::ERR_QUIC_PROTOCOL_ERROR.QUIC_NETWORK_IDLE_TIMEOUT @ https://wnitkyyodymmjedlttex.supabase.co/auth/v1/token?grant_type=refresh_token:0
[49647288ms] [ERROR] TypeError: Failed to fetch
    at http://localhost:3000/_next/static/chunks/node_modules_%40supabase_auth-js_dist_module_0.pzobh._.js:597:23
    at _handleRequest (http://localhost:3000/_next/static/chunks/node_modules_%40supabase_auth-js_dist_module_0.pzobh._.js:951:24)
    at _request (http://localhost:3000/_next/static/chunks/node_modules_%40supabase_auth-js_dist_module_0.pzobh._.js:938:24)
    at http://localhost:3000/_next/static/chunks/node_modules_%40supabase_auth-js_dist_module_0.pzobh._.js:7482:220
    at async http://localhost:3000/_next/static/chunks/node_modules_%40supabase_auth-js_dist_module_0.pzobh._.js:667:36 @ http://localhost:3000/_next/static/chunks/node_modules_next_dist_115brz8._.js:3272
[49652913ms] [ERROR] Failed to load resource: net::ERR_QUIC_PROTOCOL_ERROR.QUIC_NETWORK_IDLE_TIMEOUT @ https://wnitkyyodymmjedlttex.supabase.co/auth/v1/token?grant_type=refresh_token:0
[49652913ms] [ERROR] TypeError: Failed to fetch
    at http://localhost:3000/_next/static/chunks/node_modules_%40supabase_auth-js_dist_module_0.pzobh._.js:597:23
    at _handleRequest (http://localhost:3000/_next/static/chunks/node_modules_%40supabase_auth-js_dist_module_0.pzobh._.js:951:24)
    at _request (http://localhost:3000/_next/static/chunks/node_modules_%40supabase_auth-js_dist_module_0.pzobh._.js:938:24)
    at http://localhost:3000/_next/static/chunks/node_modules_%40supabase_auth-js_dist_module_0.pzobh._.js:7482:220
    at async http://localhost:3000/_next/static/chunks/node_modules_%40supabase_auth-js_dist_module_0.pzobh._.js:667:36 @ http://localhost:3000/_next/static/chunks/node_modules_next_dist_115brz8._.js:3272
[49660137ms] [ERROR] Failed to load resource: net::ERR_QUIC_PROTOCOL_ERROR.QUIC_NETWORK_IDLE_TIMEOUT @ https://wnitkyyodymmjedlttex.supabase.co/auth/v1/token?grant_type=refresh_token:0
[49660137ms] [ERROR] TypeError: Failed to fetch
    at http://localhost:3000/_next/static/chunks/node_modules_%40supabase_auth-js_dist_module_0.pzobh._.js:597:23
    at _handleRequest (http://localhost:3000/_next/static/chunks/node_modules_%40supabase_auth-js_dist_module_0.pzobh._.js:951:24)
    at _request (http://localhost:3000/_next/static/chunks/node_modules_%40supabase_auth-js_dist_module_0.pzobh._.js:938:24)
    at http://localhost:3000/_next/static/chunks/node_modules_%40supabase_auth-js_dist_module_0.pzobh._.js:7482:220
    at async http://localhost:3000/_next/static/chunks/node_modules_%40supabase_auth-js_dist_module_0.pzobh._.js:667:36 @ http://localhost:3000/_next/static/chunks/node_modules_next_dist_115brz8._.js:3272
[49664155ms] [ERROR] Failed to load resource: net::ERR_QUIC_PROTOCOL_ERROR @ https://wnitkyyodymmjedlttex.supabase.co/auth/v1/token?grant_type=refresh_token:0
[49664155ms] [ERROR] TypeError: Failed to fetch
    at http://localhost:3000/_next/static/chunks/node_modules_%40supabase_auth-js_dist_module_0.pzobh._.js:597:23
    at _handleRequest (http://localhost:3000/_next/static/chunks/node_modules_%40supabase_auth-js_dist_module_0.pzobh._.js:951:24)
    at _request (http://localhost:3000/_next/static/chunks/node_modules_%40supabase_auth-js_dist_module_0.pzobh._.js:938:24)
    at http://localhost:3000/_next/static/chunks/node_modules_%40supabase_auth-js_dist_module_0.pzobh._.js:7482:220
    at http://localhost:3000/_next/static/chunks/node_modules_%40supabase_auth-js_dist_module_0.pzobh._.js:667:42
    at http://localhost:3000/_next/static/chunks/node_modules_%40supabase_auth-js_dist_module_0.pzobh._.js:679:11
    at new Promise (<anonymous>)
    at retryable (http://localhost:3000/_next/static/chunks/node_modules_%40supabase_auth-js_dist_module_0.pzobh._.js:661:21)
    at SupabaseAuthClient._refreshAccessToken (http://localhost:3000/_next/static/chunks/node_modules_%40supabase_auth-js_dist_module_0.pzobh._.js:7477:219)
    at SupabaseAuthClient._callRefreshToken (http://localhost:3000/_next/static/chunks/node_modules_%40supabase_auth-js_dist_module_0.pzobh._.js:7633:48)
    at SupabaseAuthClient.__loadSession (http://localhost:3000/_next/static/chunks/node_modules_%40supabase_auth-js_dist_module_0.pzobh._.js:5996:57)
    at async SupabaseAuthClient._useSession (http://localhost:3000/_next/static/chunks/node_modules_%40supabase_auth-js_dist_module_0.pzobh._.js:5926:28)
    at async http://localhost:3000/_next/static/chunks/node_modules_%40supabase_auth-js_dist_module_0.pzobh._.js:7903:32
    at async http://localhost:3000/_next/static/chunks/node_modules_%40supabase_auth-js_dist_module_0.pzobh._.js:5875:28 @ http://localhost:3000/_next/static/chunks/node_modules_next_dist_115brz8._.js:3272
[49668370ms] [ERROR] Failed to load resource: net::ERR_QUIC_PROTOCOL_ERROR @ https://wnitkyyodymmjedlttex.supabase.co/auth/v1/token?grant_type=refresh_token:0
[49668370ms] [ERROR] TypeError: Failed to fetch
    at http://localhost:3000/_next/static/chunks/node_modules_%40supabase_auth-js_dist_module_0.pzobh._.js:597:23
    at _handleRequest (http://localhost:3000/_next/static/chunks/node_modules_%40supabase_auth-js_dist_module_0.pzobh._.js:951:24)
    at _request (http://localhost:3000/_next/static/chunks/node_modules_%40supabase_auth-js_dist_module_0.pzobh._.js:938:24)
    at http://localhost:3000/_next/static/chunks/node_modules_%40supabase_auth-js_dist_module_0.pzobh._.js:7482:220
    at async http://localhost:3000/_next/static/chunks/node_modules_%40supabase_auth-js_dist_module_0.pzobh._.js:667:36 @ http://localhost:3000/_next/static/chunks/node_modules_next_dist_115brz8._.js:3272
[49672785ms] [ERROR] Failed to load resource: net::ERR_QUIC_PROTOCOL_ERROR @ https://wnitkyyodymmjedlttex.supabase.co/auth/v1/token?grant_type=refresh_token:0
[49672785ms] [ERROR] TypeError: Failed to fetch
    at http://localhost:3000/_next/static/chunks/node_modules_%40supabase_auth-js_dist_module_0.pzobh._.js:597:23
    at _handleRequest (http://localhost:3000/_next/static/chunks/node_modules_%40supabase_auth-js_dist_module_0.pzobh._.js:951:24)
    at _request (http://localhost:3000/_next/static/chunks/node_modules_%40supabase_auth-js_dist_module_0.pzobh._.js:938:24)
    at http://localhost:3000/_next/static/chunks/node_modules_%40supabase_auth-js_dist_module_0.pzobh._.js:7482:220
    at async http://localhost:3000/_next/static/chunks/node_modules_%40supabase_auth-js_dist_module_0.pzobh._.js:667:36 @ http://localhost:3000/_next/static/chunks/node_modules_next_dist_115brz8._.js:3272
[49677611ms] [ERROR] Failed to load resource: net::ERR_QUIC_PROTOCOL_ERROR @ https://wnitkyyodymmjedlttex.supabase.co/auth/v1/token?grant_type=refresh_token:0
[49677612ms] [ERROR] TypeError: Failed to fetch
    at http://localhost:3000/_next/static/chunks/node_modules_%40supabase_auth-js_dist_module_0.pzobh._.js:597:23
    at _handleRequest (http://localhost:3000/_next/static/chunks/node_modules_%40supabase_auth-js_dist_module_0.pzobh._.js:951:24)
    at _request (http://localhost:3000/_next/static/chunks/node_modules_%40supabase_auth-js_dist_module_0.pzobh._.js:938:24)
    at http://localhost:3000/_next/static/chunks/node_modules_%40supabase_auth-js_dist_module_0.pzobh._.js:7482:220
    at async http://localhost:3000/_next/static/chunks/node_modules_%40supabase_auth-js_dist_module_0.pzobh._.js:667:36 @ http://localhost:3000/_next/static/chunks/node_modules_next_dist_115brz8._.js:3272
[49683237ms] [ERROR] Failed to load resource: net::ERR_QUIC_PROTOCOL_ERROR @ https://wnitkyyodymmjedlttex.supabase.co/auth/v1/token?grant_type=refresh_token:0
[49683237ms] [ERROR] TypeError: Failed to fetch
    at http://localhost:3000/_next/static/chunks/node_modules_%40supabase_auth-js_dist_module_0.pzobh._.js:597:23
    at _handleRequest (http://localhost:3000/_next/static/chunks/node_modules_%40supabase_auth-js_dist_module_0.pzobh._.js:951:24)
    at _request (http://localhost:3000/_next/static/chunks/node_modules_%40supabase_auth-js_dist_module_0.pzobh._.js:938:24)
    at http://localhost:3000/_next/static/chunks/node_modules_%40supabase_auth-js_dist_module_0.pzobh._.js:7482:220
    at async http://localhost:3000/_next/static/chunks/node_modules_%40supabase_auth-js_dist_module_0.pzobh._.js:667:36 @ http://localhost:3000/_next/static/chunks/node_modules_next_dist_115brz8._.js:3272
[49690446ms] [ERROR] Failed to load resource: net::ERR_QUIC_PROTOCOL_ERROR @ https://wnitkyyodymmjedlttex.supabase.co/auth/v1/token?grant_type=refresh_token:0
[49690446ms] [ERROR] TypeError: Failed to fetch
    at http://localhost:3000/_next/static/chunks/node_modules_%40supabase_auth-js_dist_module_0.pzobh._.js:597:23
    at _handleRequest (http://localhost:3000/_next/static/chunks/node_modules_%40supabase_auth-js_dist_module_0.pzobh._.js:951:24)
    at _request (http://localhost:3000/_next/static/chunks/node_modules_%40supabase_auth-js_dist_module_0.pzobh._.js:938:24)
    at http://localhost:3000/_next/static/chunks/node_modules_%40supabase_auth-js_dist_module_0.pzobh._.js:7482:220
    at async http://localhost:3000/_next/static/chunks/node_modules_%40supabase_auth-js_dist_module_0.pzobh._.js:667:36 @ http://localhost:3000/_next/static/chunks/node_modules_next_dist_115brz8._.js:3272
[49694457ms] [ERROR] Failed to load resource: net::ERR_QUIC_PROTOCOL_ERROR @ https://wnitkyyodymmjedlttex.supabase.co/auth/v1/token?grant_type=refresh_token:0
[49694457ms] [ERROR] TypeError: Failed to fetch
    at http://localhost:3000/_next/static/chunks/node_modules_%40supabase_auth-js_dist_module_0.pzobh._.js:597:23
    at _handleRequest (http://localhost:3000/_next/static/chunks/node_modules_%40supabase_auth-js_dist_module_0.pzobh._.js:951:24)
    at _request (http://localhost:3000/_next/static/chunks/node_modules_%40supabase_auth-js_dist_module_0.pzobh._.js:938:24)
    at http://localhost:3000/_next/static/chunks/node_modules_%40supabase_auth-js_dist_module_0.pzobh._.js:7482:220
    at http://localhost:3000/_next/static/chunks/node_modules_%40supabase_auth-js_dist_module_0.pzobh._.js:667:42
    at http://localhost:3000/_next/static/chunks/node_modules_%40supabase_auth-js_dist_module_0.pzobh._.js:679:11
    at new Promise (<anonymous>)
    at retryable (http://localhost:3000/_next/static/chunks/node_modules_%40supabase_auth-js_dist_module_0.pzobh._.js:661:21)
    at SupabaseAuthClient._refreshAccessToken (http://localhost:3000/_next/static/chunks/node_modules_%40supabase_auth-js_dist_module_0.pzobh._.js:7477:219)
    at SupabaseAuthClient._callRefreshToken (http://localhost:3000/_next/static/chunks/node_modules_%40supabase_auth-js_dist_module_0.pzobh._.js:7633:48)
    at SupabaseAuthClient.__loadSession (http://localhost:3000/_next/static/chunks/node_modules_%40supabase_auth-js_dist_module_0.pzobh._.js:5996:57)
    at async SupabaseAuthClient._useSession (http://localhost:3000/_next/static/chunks/node_modules_%40supabase_auth-js_dist_module_0.pzobh._.js:5926:28)
    at async http://localhost:3000/_next/static/chunks/node_modules_%40supabase_auth-js_dist_module_0.pzobh._.js:7903:32
    at async http://localhost:3000/_next/static/chunks/node_modules_%40supabase_auth-js_dist_module_0.pzobh._.js:5875:28 @ http://localhost:3000/_next/static/chunks/node_modules_next_dist_115brz8._.js:3272
[49698676ms] [ERROR] Failed to load resource: net::ERR_QUIC_PROTOCOL_ERROR @ https://wnitkyyodymmjedlttex.supabase.co/auth/v1/token?grant_type=refresh_token:0
[49698676ms] [ERROR] TypeError: Failed to fetch
    at http://localhost:3000/_next/static/chunks/node_modules_%40supabase_auth-js_dist_module_0.pzobh._.js:597:23
    at _handleRequest (http://localhost:3000/_next/static/chunks/node_modules_%40supabase_auth-js_dist_module_0.pzobh._.js:951:24)
    at _request (http://localhost:3000/_next/static/chunks/node_modules_%40supabase_auth-js_dist_module_0.pzobh._.js:938:24)
    at http://localhost:3000/_next/static/chunks/node_modules_%40supabase_auth-js_dist_module_0.pzobh._.js:7482:220
    at async http://localhost:3000/_next/static/chunks/node_modules_%40supabase_auth-js_dist_module_0.pzobh._.js:667:36 @ http://localhost:3000/_next/static/chunks/node_modules_next_dist_115brz8._.js:3272
[49703096ms] [ERROR] Failed to load resource: net::ERR_QUIC_PROTOCOL_ERROR @ https://wnitkyyodymmjedlttex.supabase.co/auth/v1/token?grant_type=refresh_token:0
[49703096ms] [ERROR] TypeError: Failed to fetch
    at http://localhost:3000/_next/static/chunks/node_modules_%40supabase_auth-js_dist_module_0.pzobh._.js:597:23
    at _handleRequest (http://localhost:3000/_next/static/chunks/node_modules_%40supabase_auth-js_dist_module_0.pzobh._.js:951:24)
    at _request (http://localhost:3000/_next/static/chunks/node_modules_%40supabase_auth-js_dist_module_0.pzobh._.js:938:24)
    at http://localhost:3000/_next/static/chunks/node_modules_%40supabase_auth-js_dist_module_0.pzobh._.js:7482:220
    at async http://localhost:3000/_next/static/chunks/node_modules_%40supabase_auth-js_dist_module_0.pzobh._.js:667:36 @ http://localhost:3000/_next/static/chunks/node_modules_next_dist_115brz8._.js:3272
[49707915ms] [ERROR] Failed to load resource: net::ERR_QUIC_PROTOCOL_ERROR @ https://wnitkyyodymmjedlttex.supabase.co/auth/v1/token?grant_type=refresh_token:0
[49707915ms] [ERROR] TypeError: Failed to fetch
    at http://localhost:3000/_next/static/chunks/node_modules_%40supabase_auth-js_dist_module_0.pzobh._.js:597:23
    at _handleRequest (http://localhost:3000/_next/static/chunks/node_modules_%40supabase_auth-js_dist_module_0.pzobh._.js:951:24)
    at _request (http://localhost:3000/_next/static/chunks/node_modules_%40supabase_auth-js_dist_module_0.pzobh._.js:938:24)
    at http://localhost:3000/_next/static/chunks/node_modules_%40supabase_auth-js_dist_module_0.pzobh._.js:7482:220
    at async http://localhost:3000/_next/static/chunks/node_modules_%40supabase_auth-js_dist_module_0.pzobh._.js:667:36 @ http://localhost:3000/_next/static/chunks/node_modules_next_dist_115brz8._.js:3272
[49713539ms] [ERROR] Failed to load resource: net::ERR_QUIC_PROTOCOL_ERROR @ https://wnitkyyodymmjedlttex.supabase.co/auth/v1/token?grant_type=refresh_token:0
[49713540ms] [ERROR] TypeError: Failed to fetch
    at http://localhost:3000/_next/static/chunks/node_modules_%40supabase_auth-js_dist_module_0.pzobh._.js:597:23
    at _handleRequest (http://localhost:3000/_next/static/chunks/node_modules_%40supabase_auth-js_dist_module_0.pzobh._.js:951:24)
    at _request (http://localhost:3000/_next/static/chunks/node_modules_%40supabase_auth-js_dist_module_0.pzobh._.js:938:24)
    at http://localhost:3000/_next/static/chunks/node_modules_%40supabase_auth-js_dist_module_0.pzobh._.js:7482:220
    at async http://localhost:3000/_next/static/chunks/node_modules_%40supabase_auth-js_dist_module_0.pzobh._.js:667:36 @ http://localhost:3000/_next/static/chunks/node_modules_next_dist_115brz8._.js:3272
[49720763ms] [ERROR] Failed to load resource: net::ERR_QUIC_PROTOCOL_ERROR @ https://wnitkyyodymmjedlttex.supabase.co/auth/v1/token?grant_type=refresh_token:0
[49720763ms] [ERROR] TypeError: Failed to fetch
    at http://localhost:3000/_next/static/chunks/node_modules_%40supabase_auth-js_dist_module_0.pzobh._.js:597:23
    at _handleRequest (http://localhost:3000/_next/static/chunks/node_modules_%40supabase_auth-js_dist_module_0.pzobh._.js:951:24)
    at _request (http://localhost:3000/_next/static/chunks/node_modules_%40supabase_auth-js_dist_module_0.pzobh._.js:938:24)
    at http://localhost:3000/_next/static/chunks/node_modules_%40supabase_auth-js_dist_module_0.pzobh._.js:7482:220
    at async http://localhost:3000/_next/static/chunks/node_modules_%40supabase_auth-js_dist_module_0.pzobh._.js:667:36 @ http://localhost:3000/_next/static/chunks/node_modules_next_dist_115brz8._.js:3272
[49724770ms] [ERROR] Failed to load resource: net::ERR_QUIC_PROTOCOL_ERROR @ https://wnitkyyodymmjedlttex.supabase.co/auth/v1/token?grant_type=refresh_token:0
[49724770ms] [ERROR] TypeError: Failed to fetch
    at http://localhost:3000/_next/static/chunks/node_modules_%40supabase_auth-js_dist_module_0.pzobh._.js:597:23
    at _handleRequest (http://localhost:3000/_next/static/chunks/node_modules_%40supabase_auth-js_dist_module_0.pzobh._.js:951:24)
    at _request (http://localhost:3000/_next/static/chunks/node_modules_%40supabase_auth-js_dist_module_0.pzobh._.js:938:24)
    at http://localhost:3000/_next/static/chunks/node_modules_%40supabase_auth-js_dist_module_0.pzobh._.js:7482:220
    at http://localhost:3000/_next/static/chunks/node_modules_%40supabase_auth-js_dist_module_0.pzobh._.js:667:42
    at http://localhost:3000/_next/static/chunks/node_modules_%40supabase_auth-js_dist_module_0.pzobh._.js:679:11
    at new Promise (<anonymous>)
    at retryable (http://localhost:3000/_next/static/chunks/node_modules_%40supabase_auth-js_dist_module_0.pzobh._.js:661:21)
    at SupabaseAuthClient._refreshAccessToken (http://localhost:3000/_next/static/chunks/node_modules_%40supabase_auth-js_dist_module_0.pzobh._.js:7477:219)
    at SupabaseAuthClient._callRefreshToken (http://localhost:3000/_next/static/chunks/node_modules_%40supabase_auth-js_dist_module_0.pzobh._.js:7633:48)
    at SupabaseAuthClient.__loadSession (http://localhost:3000/_next/static/chunks/node_modules_%40supabase_auth-js_dist_module_0.pzobh._.js:5996:57)
    at async SupabaseAuthClient._useSession (http://localhost:3000/_next/static/chunks/node_modules_%40supabase_auth-js_dist_module_0.pzobh._.js:5926:28)
    at async http://localhost:3000/_next/static/chunks/node_modules_%40supabase_auth-js_dist_module_0.pzobh._.js:7903:32
    at async http://localhost:3000/_next/static/chunks/node_modules_%40supabase_auth-js_dist_module_0.pzobh._.js:5875:28 @ http://localhost:3000/_next/static/chunks/node_modules_next_dist_115brz8._.js:3272
[49728987ms] [ERROR] Failed to load resource: net::ERR_QUIC_PROTOCOL_ERROR @ https://wnitkyyodymmjedlttex.supabase.co/auth/v1/token?grant_type=refresh_token:0
[49728987ms] [ERROR] TypeError: Failed to fetch
    at http://localhost:3000/_next/static/chunks/node_modules_%40supabase_auth-js_dist_module_0.pzobh._.js:597:23
    at _handleRequest (http://localhost:3000/_next/static/chunks/node_modules_%40supabase_auth-js_dist_module_0.pzobh._.js:951:24)
    at _request (http://localhost:3000/_next/static/chunks/node_modules_%40supabase_auth-js_dist_module_0.pzobh._.js:938:24)
    at http://localhost:3000/_next/static/chunks/node_modules_%40supabase_auth-js_dist_module_0.pzobh._.js:7482:220
    at async http://localhost:3000/_next/static/chunks/node_modules_%40supabase_auth-js_dist_module_0.pzobh._.js:667:36 @ http://localhost:3000/_next/static/chunks/node_modules_next_dist_115brz8._.js:3272
[49733436ms] [ERROR] Failed to load resource: net::ERR_QUIC_PROTOCOL_ERROR @ https://wnitkyyodymmjedlttex.supabase.co/auth/v1/token?grant_type=refresh_token:0
[49733436ms] [ERROR] TypeError: Failed to fetch
    at http://localhost:3000/_next/static/chunks/node_modules_%40supabase_auth-js_dist_module_0.pzobh._.js:597:23
    at _handleRequest (http://localhost:3000/_next/static/chunks/node_modules_%40supabase_auth-js_dist_module_0.pzobh._.js:951:24)
    at _request (http://localhost:3000/_next/static/chunks/node_modules_%40supabase_auth-js_dist_module_0.pzobh._.js:938:24)
    at http://localhost:3000/_next/static/chunks/node_modules_%40supabase_auth-js_dist_module_0.pzobh._.js:7482:220
    at async http://localhost:3000/_next/static/chunks/node_modules_%40supabase_auth-js_dist_module_0.pzobh._.js:667:36 @ http://localhost:3000/_next/static/chunks/node_modules_next_dist_115brz8._.js:3272
[49738260ms] [ERROR] Failed to load resource: net::ERR_QUIC_PROTOCOL_ERROR @ https://wnitkyyodymmjedlttex.supabase.co/auth/v1/token?grant_type=refresh_token:0
[49738260ms] [ERROR] TypeError: Failed to fetch
    at http://localhost:3000/_next/static/chunks/node_modules_%40supabase_auth-js_dist_module_0.pzobh._.js:597:23
    at _handleRequest (http://localhost:3000/_next/static/chunks/node_modules_%40supabase_auth-js_dist_module_0.pzobh._.js:951:24)
    at _request (http://localhost:3000/_next/static/chunks/node_modules_%40supabase_auth-js_dist_module_0.pzobh._.js:938:24)
    at http://localhost:3000/_next/static/chunks/node_modules_%40supabase_auth-js_dist_module_0.pzobh._.js:7482:220
    at async http://localhost:3000/_next/static/chunks/node_modules_%40supabase_auth-js_dist_module_0.pzobh._.js:667:36 @ http://localhost:3000/_next/static/chunks/node_modules_next_dist_115brz8._.js:3272
[49743883ms] [ERROR] Failed to load resource: net::ERR_QUIC_PROTOCOL_ERROR @ https://wnitkyyodymmjedlttex.supabase.co/auth/v1/token?grant_type=refresh_token:0
[49743883ms] [ERROR] TypeError: Failed to fetch
    at http://localhost:3000/_next/static/chunks/node_modules_%40supabase_auth-js_dist_module_0.pzobh._.js:597:23
    at _handleRequest (http://localhost:3000/_next/static/chunks/node_modules_%40supabase_auth-js_dist_module_0.pzobh._.js:951:24)
    at _request (http://localhost:3000/_next/static/chunks/node_modules_%40supabase_auth-js_dist_module_0.pzobh._.js:938:24)
    at http://localhost:3000/_next/static/chunks/node_modules_%40supabase_auth-js_dist_module_0.pzobh._.js:7482:220
    at async http://localhost:3000/_next/static/chunks/node_modules_%40supabase_auth-js_dist_module_0.pzobh._.js:667:36 @ http://localhost:3000/_next/static/chunks/node_modules_next_dist_115brz8._.js:3272
[49751107ms] [ERROR] Failed to load resource: net::ERR_QUIC_PROTOCOL_ERROR @ https://wnitkyyodymmjedlttex.supabase.co/auth/v1/token?grant_type=refresh_token:0
[49751107ms] [ERROR] TypeError: Failed to fetch
    at http://localhost:3000/_next/static/chunks/node_modules_%40supabase_auth-js_dist_module_0.pzobh._.js:597:23
    at _handleRequest (http://localhost:3000/_next/static/chunks/node_modules_%40supabase_auth-js_dist_module_0.pzobh._.js:951:24)
    at _request (http://localhost:3000/_next/static/chunks/node_modules_%40supabase_auth-js_dist_module_0.pzobh._.js:938:24)
    at http://localhost:3000/_next/static/chunks/node_modules_%40supabase_auth-js_dist_module_0.pzobh._.js:7482:220
    at async http://localhost:3000/_next/static/chunks/node_modules_%40supabase_auth-js_dist_module_0.pzobh._.js:667:36 @ http://localhost:3000/_next/static/chunks/node_modules_next_dist_115brz8._.js:3272
[49755118ms] [ERROR] Failed to load resource: net::ERR_QUIC_PROTOCOL_ERROR @ https://wnitkyyodymmjedlttex.supabase.co/auth/v1/token?grant_type=refresh_token:0
[49755118ms] [ERROR] TypeError: Failed to fetch
    at http://localhost:3000/_next/static/chunks/node_modules_%40supabase_auth-js_dist_module_0.pzobh._.js:597:23
    at _handleRequest (http://localhost:3000/_next/static/chunks/node_modules_%40supabase_auth-js_dist_module_0.pzobh._.js:951:24)
    at _request (http://localhost:3000/_next/static/chunks/node_modules_%40supabase_auth-js_dist_module_0.pzobh._.js:938:24)
    at http://localhost:3000/_next/static/chunks/node_modules_%40supabase_auth-js_dist_module_0.pzobh._.js:7482:220
    at http://localhost:3000/_next/static/chunks/node_modules_%40supabase_auth-js_dist_module_0.pzobh._.js:667:42
    at http://localhost:3000/_next/static/chunks/node_modules_%40supabase_auth-js_dist_module_0.pzobh._.js:679:11
    at new Promise (<anonymous>)
    at retryable (http://localhost:3000/_next/static/chunks/node_modules_%40supabase_auth-js_dist_module_0.pzobh._.js:661:21)
    at SupabaseAuthClient._refreshAccessToken (http://localhost:3000/_next/static/chunks/node_modules_%40supabase_auth-js_dist_module_0.pzobh._.js:7477:219)
    at SupabaseAuthClient._callRefreshToken (http://localhost:3000/_next/static/chunks/node_modules_%40supabase_auth-js_dist_module_0.pzobh._.js:7633:48)
    at SupabaseAuthClient.__loadSession (http://localhost:3000/_next/static/chunks/node_modules_%40supabase_auth-js_dist_module_0.pzobh._.js:5996:57)
    at async SupabaseAuthClient._useSession (http://localhost:3000/_next/static/chunks/node_modules_%40supabase_auth-js_dist_module_0.pzobh._.js:5926:28)
    at async http://localhost:3000/_next/static/chunks/node_modules_%40supabase_auth-js_dist_module_0.pzobh._.js:7903:32
    at async http://localhost:3000/_next/static/chunks/node_modules_%40supabase_auth-js_dist_module_0.pzobh._.js:5875:28 @ http://localhost:3000/_next/static/chunks/node_modules_next_dist_115brz8._.js:3272
[49759334ms] [ERROR] Failed to load resource: net::ERR_QUIC_PROTOCOL_ERROR @ https://wnitkyyodymmjedlttex.supabase.co/auth/v1/token?grant_type=refresh_token:0
[49759335ms] [ERROR] TypeError: Failed to fetch
    at http://localhost:3000/_next/static/chunks/node_modules_%40supabase_auth-js_dist_module_0.pzobh._.js:597:23
    at _handleRequest (http://localhost:3000/_next/static/chunks/node_modules_%40supabase_auth-js_dist_module_0.pzobh._.js:951:24)
    at _request (http://localhost:3000/_next/static/chunks/node_modules_%40supabase_auth-js_dist_module_0.pzobh._.js:938:24)
    at http://localhost:3000/_next/static/chunks/node_modules_%40supabase_auth-js_dist_module_0.pzobh._.js:7482:220
    at async http://localhost:3000/_next/static/chunks/node_modules_%40supabase_auth-js_dist_module_0.pzobh._.js:667:36 @ http://localhost:3000/_next/static/chunks/node_modules_next_dist_115brz8._.js:3272
[49763747ms] [ERROR] Failed to load resource: net::ERR_QUIC_PROTOCOL_ERROR @ https://wnitkyyodymmjedlttex.supabase.co/auth/v1/token?grant_type=refresh_token:0
[49763747ms] [ERROR] TypeError: Failed to fetch
    at http://localhost:3000/_next/static/chunks/node_modules_%40supabase_auth-js_dist_module_0.pzobh._.js:597:23
    at _handleRequest (http://localhost:3000/_next/static/chunks/node_modules_%40supabase_auth-js_dist_module_0.pzobh._.js:951:24)
    at _request (http://localhost:3000/_next/static/chunks/node_modules_%40supabase_auth-js_dist_module_0.pzobh._.js:938:24)
    at http://localhost:3000/_next/static/chunks/node_modules_%40supabase_auth-js_dist_module_0.pzobh._.js:7482:220
    at async http://localhost:3000/_next/static/chunks/node_modules_%40supabase_auth-js_dist_module_0.pzobh._.js:667:36 @ http://localhost:3000/_next/static/chunks/node_modules_next_dist_115brz8._.js:3272
[49768557ms] [ERROR] Failed to load resource: net::ERR_QUIC_PROTOCOL_ERROR @ https://wnitkyyodymmjedlttex.supabase.co/auth/v1/token?grant_type=refresh_token:0
[49768557ms] [ERROR] TypeError: Failed to fetch
    at http://localhost:3000/_next/static/chunks/node_modules_%40supabase_auth-js_dist_module_0.pzobh._.js:597:23
    at _handleRequest (http://localhost:3000/_next/static/chunks/node_modules_%40supabase_auth-js_dist_module_0.pzobh._.js:951:24)
    at _request (http://localhost:3000/_next/static/chunks/node_modules_%40supabase_auth-js_dist_module_0.pzobh._.js:938:24)
    at http://localhost:3000/_next/static/chunks/node_modules_%40supabase_auth-js_dist_module_0.pzobh._.js:7482:220
    at async http://localhost:3000/_next/static/chunks/node_modules_%40supabase_auth-js_dist_module_0.pzobh._.js:667:36 @ http://localhost:3000/_next/static/chunks/node_modules_next_dist_115brz8._.js:3272
[49774173ms] [ERROR] Failed to load resource: net::ERR_QUIC_PROTOCOL_ERROR @ https://wnitkyyodymmjedlttex.supabase.co/auth/v1/token?grant_type=refresh_token:0
[49774173ms] [ERROR] TypeError: Failed to fetch
    at http://localhost:3000/_next/static/chunks/node_modules_%40supabase_auth-js_dist_module_0.pzobh._.js:597:23
    at _handleRequest (http://localhost:3000/_next/static/chunks/node_modules_%40supabase_auth-js_dist_module_0.pzobh._.js:951:24)
    at _request (http://localhost:3000/_next/static/chunks/node_modules_%40supabase_auth-js_dist_module_0.pzobh._.js:938:24)
    at http://localhost:3000/_next/static/chunks/node_modules_%40supabase_auth-js_dist_module_0.pzobh._.js:7482:220
    at async http://localhost:3000/_next/static/chunks/node_modules_%40supabase_auth-js_dist_module_0.pzobh._.js:667:36 @ http://localhost:3000/_next/static/chunks/node_modules_next_dist_115brz8._.js:3272
[49781383ms] [ERROR] Failed to load resource: net::ERR_QUIC_PROTOCOL_ERROR @ https://wnitkyyodymmjedlttex.supabase.co/auth/v1/token?grant_type=refresh_token:0
[49781384ms] [ERROR] TypeError: Failed to fetch
    at http://localhost:3000/_next/static/chunks/node_modules_%40supabase_auth-js_dist_module_0.pzobh._.js:597:23
    at _handleRequest (http://localhost:3000/_next/static/chunks/node_modules_%40supabase_auth-js_dist_module_0.pzobh._.js:951:24)
    at _request (http://localhost:3000/_next/static/chunks/node_modules_%40supabase_auth-js_dist_module_0.pzobh._.js:938:24)
    at http://localhost:3000/_next/static/chunks/node_modules_%40supabase_auth-js_dist_module_0.pzobh._.js:7482:220
    at async http://localhost:3000/_next/static/chunks/node_modules_%40supabase_auth-js_dist_module_0.pzobh._.js:667:36 @ http://localhost:3000/_next/static/chunks/node_modules_next_dist_115brz8._.js:3272
[49785387ms] [ERROR] Failed to load resource: net::ERR_QUIC_PROTOCOL_ERROR @ https://wnitkyyodymmjedlttex.supabase.co/auth/v1/token?grant_type=refresh_token:0
[49785387ms] [ERROR] TypeError: Failed to fetch
    at http://localhost:3000/_next/static/chunks/node_modules_%40supabase_auth-js_dist_module_0.pzobh._.js:597:23
    at _handleRequest (http://localhost:3000/_next/static/chunks/node_modules_%40supabase_auth-js_dist_module_0.pzobh._.js:951:24)
    at _request (http://localhost:3000/_next/static/chunks/node_modules_%40supabase_auth-js_dist_module_0.pzobh._.js:938:24)
    at http://localhost:3000/_next/static/chunks/node_modules_%40supabase_auth-js_dist_module_0.pzobh._.js:7482:220
    at http://localhost:3000/_next/static/chunks/node_modules_%40supabase_auth-js_dist_module_0.pzobh._.js:667:42
    at http://localhost:3000/_next/static/chunks/node_modules_%40supabase_auth-js_dist_module_0.pzobh._.js:679:11
    at new Promise (<anonymous>)
    at retryable (http://localhost:3000/_next/static/chunks/node_modules_%40supabase_auth-js_dist_module_0.pzobh._.js:661:21)
    at SupabaseAuthClient._refreshAccessToken (http://localhost:3000/_next/static/chunks/node_modules_%40supabase_auth-js_dist_module_0.pzobh._.js:7477:219)
    at SupabaseAuthClient._callRefreshToken (http://localhost:3000/_next/static/chunks/node_modules_%40supabase_auth-js_dist_module_0.pzobh._.js:7633:48)
    at SupabaseAuthClient.__loadSession (http://localhost:3000/_next/static/chunks/node_modules_%40supabase_auth-js_dist_module_0.pzobh._.js:5996:57)
    at async SupabaseAuthClient._useSession (http://localhost:3000/_next/static/chunks/node_modules_%40supabase_auth-js_dist_module_0.pzobh._.js:5926:28)
    at async http://localhost:3000/_next/static/chunks/node_modules_%40supabase_auth-js_dist_module_0.pzobh._.js:7903:32
    at async http://localhost:3000/_next/static/chunks/node_modules_%40supabase_auth-js_dist_module_0.pzobh._.js:5875:28 @ http://localhost:3000/_next/static/chunks/node_modules_next_dist_115brz8._.js:3272
[49789600ms] [ERROR] Failed to load resource: net::ERR_QUIC_PROTOCOL_ERROR @ https://wnitkyyodymmjedlttex.supabase.co/auth/v1/token?grant_type=refresh_token:0
[49789600ms] [ERROR] TypeError: Failed to fetch
    at http://localhost:3000/_next/static/chunks/node_modules_%40supabase_auth-js_dist_module_0.pzobh._.js:597:23
    at _handleRequest (http://localhost:3000/_next/static/chunks/node_modules_%40supabase_auth-js_dist_module_0.pzobh._.js:951:24)
    at _request (http://localhost:3000/_next/static/chunks/node_modules_%40supabase_auth-js_dist_module_0.pzobh._.js:938:24)
    at http://localhost:3000/_next/static/chunks/node_modules_%40supabase_auth-js_dist_module_0.pzobh._.js:7482:220
    at async http://localhost:3000/_next/static/chunks/node_modules_%40supabase_auth-js_dist_module_0.pzobh._.js:667:36 @ http://localhost:3000/_next/static/chunks/node_modules_next_dist_115brz8._.js:3272
[49794017ms] [ERROR] Failed to load resource: net::ERR_QUIC_PROTOCOL_ERROR @ https://wnitkyyodymmjedlttex.supabase.co/auth/v1/token?grant_type=refresh_token:0
[49794017ms] [ERROR] TypeError: Failed to fetch
    at http://localhost:3000/_next/static/chunks/node_modules_%40supabase_auth-js_dist_module_0.pzobh._.js:597:23
    at _handleRequest (http://localhost:3000/_next/static/chunks/node_modules_%40supabase_auth-js_dist_module_0.pzobh._.js:951:24)
    at _request (http://localhost:3000/_next/static/chunks/node_modules_%40supabase_auth-js_dist_module_0.pzobh._.js:938:24)
    at http://localhost:3000/_next/static/chunks/node_modules_%40supabase_auth-js_dist_module_0.pzobh._.js:7482:220
    at async http://localhost:3000/_next/static/chunks/node_modules_%40supabase_auth-js_dist_module_0.pzobh._.js:667:36 @ http://localhost:3000/_next/static/chunks/node_modules_next_dist_115brz8._.js:3272
[49798831ms] [ERROR] Failed to load resource: net::ERR_QUIC_PROTOCOL_ERROR @ https://wnitkyyodymmjedlttex.supabase.co/auth/v1/token?grant_type=refresh_token:0
[49798831ms] [ERROR] TypeError: Failed to fetch
    at http://localhost:3000/_next/static/chunks/node_modules_%40supabase_auth-js_dist_module_0.pzobh._.js:597:23
    at _handleRequest (http://localhost:3000/_next/static/chunks/node_modules_%40supabase_auth-js_dist_module_0.pzobh._.js:951:24)
    at _request (http://localhost:3000/_next/static/chunks/node_modules_%40supabase_auth-js_dist_module_0.pzobh._.js:938:24)
    at http://localhost:3000/_next/static/chunks/node_modules_%40supabase_auth-js_dist_module_0.pzobh._.js:7482:220
    at async http://localhost:3000/_next/static/chunks/node_modules_%40supabase_auth-js_dist_module_0.pzobh._.js:667:36 @ http://localhost:3000/_next/static/chunks/node_modules_next_dist_115brz8._.js:3272
[49804449ms] [ERROR] Failed to load resource: net::ERR_QUIC_PROTOCOL_ERROR @ https://wnitkyyodymmjedlttex.supabase.co/auth/v1/token?grant_type=refresh_token:0
[49804449ms] [ERROR] TypeError: Failed to fetch
    at http://localhost:3000/_next/static/chunks/node_modules_%40supabase_auth-js_dist_module_0.pzobh._.js:597:23
    at _handleRequest (http://localhost:3000/_next/static/chunks/node_modules_%40supabase_auth-js_dist_module_0.pzobh._.js:951:24)
    at _request (http://localhost:3000/_next/static/chunks/node_modules_%40supabase_auth-js_dist_module_0.pzobh._.js:938:24)
    at http://localhost:3000/_next/static/chunks/node_modules_%40supabase_auth-js_dist_module_0.pzobh._.js:7482:220
    at async http://localhost:3000/_next/static/chunks/node_modules_%40supabase_auth-js_dist_module_0.pzobh._.js:667:36 @ http://localhost:3000/_next/static/chunks/node_modules_next_dist_115brz8._.js:3272
[49811668ms] [ERROR] Failed to load resource: net::ERR_QUIC_PROTOCOL_ERROR @ https://wnitkyyodymmjedlttex.supabase.co/auth/v1/token?grant_type=refresh_token:0
[49811668ms] [ERROR] TypeError: Failed to fetch
    at http://localhost:3000/_next/static/chunks/node_modules_%40supabase_auth-js_dist_module_0.pzobh._.js:597:23
    at _handleRequest (http://localhost:3000/_next/static/chunks/node_modules_%40supabase_auth-js_dist_module_0.pzobh._.js:951:24)
    at _request (http://localhost:3000/_next/static/chunks/node_modules_%40supabase_auth-js_dist_module_0.pzobh._.js:938:24)
    at http://localhost:3000/_next/static/chunks/node_modules_%40supabase_auth-js_dist_module_0.pzobh._.js:7482:220
    at async http://localhost:3000/_next/static/chunks/node_modules_%40supabase_auth-js_dist_module_0.pzobh._.js:667:36 @ http://localhost:3000/_next/static/chunks/node_modules_next_dist_115brz8._.js:3272
[49815686ms] [ERROR] Failed to load resource: net::ERR_QUIC_PROTOCOL_ERROR @ https://wnitkyyodymmjedlttex.supabase.co/auth/v1/token?grant_type=refresh_token:0
[49815686ms] [ERROR] TypeError: Failed to fetch
    at http://localhost:3000/_next/static/chunks/node_modules_%40supabase_auth-js_dist_module_0.pzobh._.js:597:23
    at _handleRequest (http://localhost:3000/_next/static/chunks/node_modules_%40supabase_auth-js_dist_module_0.pzobh._.js:951:24)
    at _request (http://localhost:3000/_next/static/chunks/node_modules_%40supabase_auth-js_dist_module_0.pzobh._.js:938:24)
    at http://localhost:3000/_next/static/chunks/node_modules_%40supabase_auth-js_dist_module_0.pzobh._.js:7482:220
    at http://localhost:3000/_next/static/chunks/node_modules_%40supabase_auth-js_dist_module_0.pzobh._.js:667:42
    at http://localhost:3000/_next/static/chunks/node_modules_%40supabase_auth-js_dist_module_0.pzobh._.js:679:11
    at new Promise (<anonymous>)
    at retryable (http://localhost:3000/_next/static/chunks/node_modules_%40supabase_auth-js_dist_module_0.pzobh._.js:661:21)
    at SupabaseAuthClient._refreshAccessToken (http://localhost:3000/_next/static/chunks/node_modules_%40supabase_auth-js_dist_module_0.pzobh._.js:7477:219)
    at SupabaseAuthClient._callRefreshToken (http://localhost:3000/_next/static/chunks/node_modules_%40supabase_auth-js_dist_module_0.pzobh._.js:7633:48)
    at SupabaseAuthClient.__loadSession (http://localhost:3000/_next/static/chunks/node_modules_%40supabase_auth-js_dist_module_0.pzobh._.js:5996:57)
    at async SupabaseAuthClient._useSession (http://localhost:3000/_next/static/chunks/node_modules_%40supabase_auth-js_dist_module_0.pzobh._.js:5926:28)
    at async http://localhost:3000/_next/static/chunks/node_modules_%40supabase_auth-js_dist_module_0.pzobh._.js:7903:32
    at async http://localhost:3000/_next/static/chunks/node_modules_%40supabase_auth-js_dist_module_0.pzobh._.js:5875:28 @ http://localhost:3000/_next/static/chunks/node_modules_next_dist_115brz8._.js:3272
[49819899ms] [ERROR] Failed to load resource: net::ERR_QUIC_PROTOCOL_ERROR @ https://wnitkyyodymmjedlttex.supabase.co/auth/v1/token?grant_type=refresh_token:0
[49819900ms] [ERROR] TypeError: Failed to fetch
    at http://localhost:3000/_next/static/chunks/node_modules_%40supabase_auth-js_dist_module_0.pzobh._.js:597:23
    at _handleRequest (http://localhost:3000/_next/static/chunks/node_modules_%40supabase_auth-js_dist_module_0.pzobh._.js:951:24)
    at _request (http://localhost:3000/_next/static/chunks/node_modules_%40supabase_auth-js_dist_module_0.pzobh._.js:938:24)
    at http://localhost:3000/_next/static/chunks/node_modules_%40supabase_auth-js_dist_module_0.pzobh._.js:7482:220
    at async http://localhost:3000/_next/static/chunks/node_modules_%40supabase_auth-js_dist_module_0.pzobh._.js:667:36 @ http://localhost:3000/_next/static/chunks/node_modules_next_dist_115brz8._.js:3272
[49824318ms] [ERROR] Failed to load resource: net::ERR_QUIC_PROTOCOL_ERROR @ https://wnitkyyodymmjedlttex.supabase.co/auth/v1/token?grant_type=refresh_token:0
[49824319ms] [ERROR] TypeError: Failed to fetch
    at http://localhost:3000/_next/static/chunks/node_modules_%40supabase_auth-js_dist_module_0.pzobh._.js:597:23
    at _handleRequest (http://localhost:3000/_next/static/chunks/node_modules_%40supabase_auth-js_dist_module_0.pzobh._.js:951:24)
    at _request (http://localhost:3000/_next/static/chunks/node_modules_%40supabase_auth-js_dist_module_0.pzobh._.js:938:24)
    at http://localhost:3000/_next/static/chunks/node_modules_%40supabase_auth-js_dist_module_0.pzobh._.js:7482:220
    at async http://localhost:3000/_next/static/chunks/node_modules_%40supabase_auth-js_dist_module_0.pzobh._.js:667:36 @ http://localhost:3000/_next/static/chunks/node_modules_next_dist_115brz8._.js:3272
[49829134ms] [ERROR] Failed to load resource: net::ERR_QUIC_PROTOCOL_ERROR @ https://wnitkyyodymmjedlttex.supabase.co/auth/v1/token?grant_type=refresh_token:0
[49829134ms] [ERROR] TypeError: Failed to fetch
    at http://localhost:3000/_next/static/chunks/node_modules_%40supabase_auth-js_dist_module_0.pzobh._.js:597:23
    at _handleRequest (http://localhost:3000/_next/static/chunks/node_modules_%40supabase_auth-js_dist_module_0.pzobh._.js:951:24)
    at _request (http://localhost:3000/_next/static/chunks/node_modules_%40supabase_auth-js_dist_module_0.pzobh._.js:938:24)
    at http://localhost:3000/_next/static/chunks/node_modules_%40supabase_auth-js_dist_module_0.pzobh._.js:7482:220
    at async http://localhost:3000/_next/static/chunks/node_modules_%40supabase_auth-js_dist_module_0.pzobh._.js:667:36 @ http://localhost:3000/_next/static/chunks/node_modules_next_dist_115brz8._.js:3272
[49834754ms] [ERROR] Failed to load resource: net::ERR_QUIC_PROTOCOL_ERROR @ https://wnitkyyodymmjedlttex.supabase.co/auth/v1/token?grant_type=refresh_token:0
[49834754ms] [ERROR] TypeError: Failed to fetch
    at http://localhost:3000/_next/static/chunks/node_modules_%40supabase_auth-js_dist_module_0.pzobh._.js:597:23
    at _handleRequest (http://localhost:3000/_next/static/chunks/node_modules_%40supabase_auth-js_dist_module_0.pzobh._.js:951:24)
    at _request (http://localhost:3000/_next/static/chunks/node_modules_%40supabase_auth-js_dist_module_0.pzobh._.js:938:24)
    at http://localhost:3000/_next/static/chunks/node_modules_%40supabase_auth-js_dist_module_0.pzobh._.js:7482:220
    at async http://localhost:3000/_next/static/chunks/node_modules_%40supabase_auth-js_dist_module_0.pzobh._.js:667:36 @ http://localhost:3000/_next/static/chunks/node_modules_next_dist_115brz8._.js:3272
[49841970ms] [ERROR] Failed to load resource: net::ERR_QUIC_PROTOCOL_ERROR @ https://wnitkyyodymmjedlttex.supabase.co/auth/v1/token?grant_type=refresh_token:0
[49841971ms] [ERROR] TypeError: Failed to fetch
    at http://localhost:3000/_next/static/chunks/node_modules_%40supabase_auth-js_dist_module_0.pzobh._.js:597:23
    at _handleRequest (http://localhost:3000/_next/static/chunks/node_modules_%40supabase_auth-js_dist_module_0.pzobh._.js:951:24)
    at _request (http://localhost:3000/_next/static/chunks/node_modules_%40supabase_auth-js_dist_module_0.pzobh._.js:938:24)
    at http://localhost:3000/_next/static/chunks/node_modules_%40supabase_auth-js_dist_module_0.pzobh._.js:7482:220
    at async http://localhost:3000/_next/static/chunks/node_modules_%40supabase_auth-js_dist_module_0.pzobh._.js:667:36 @ http://localhost:3000/_next/static/chunks/node_modules_next_dist_115brz8._.js:3272
[49845980ms] [ERROR] Failed to load resource: net::ERR_QUIC_PROTOCOL_ERROR @ https://wnitkyyodymmjedlttex.supabase.co/auth/v1/token?grant_type=refresh_token:0
[49845980ms] [ERROR] TypeError: Failed to fetch
    at http://localhost:3000/_next/static/chunks/node_modules_%40supabase_auth-js_dist_module_0.pzobh._.js:597:23
    at _handleRequest (http://localhost:3000/_next/static/chunks/node_modules_%40supabase_auth-js_dist_module_0.pzobh._.js:951:24)
    at _request (http://localhost:3000/_next/static/chunks/node_modules_%40supabase_auth-js_dist_module_0.pzobh._.js:938:24)
    at http://localhost:3000/_next/static/chunks/node_modules_%40supabase_auth-js_dist_module_0.pzobh._.js:7482:220
    at http://localhost:3000/_next/static/chunks/node_modules_%40supabase_auth-js_dist_module_0.pzobh._.js:667:42
    at http://localhost:3000/_next/static/chunks/node_modules_%40supabase_auth-js_dist_module_0.pzobh._.js:679:11
    at new Promise (<anonymous>)
    at retryable (http://localhost:3000/_next/static/chunks/node_modules_%40supabase_auth-js_dist_module_0.pzobh._.js:661:21)
    at SupabaseAuthClient._refreshAccessToken (http://localhost:3000/_next/static/chunks/node_modules_%40supabase_auth-js_dist_module_0.pzobh._.js:7477:219)
    at SupabaseAuthClient._callRefreshToken (http://localhost:3000/_next/static/chunks/node_modules_%40supabase_auth-js_dist_module_0.pzobh._.js:7633:48)
    at SupabaseAuthClient.__loadSession (http://localhost:3000/_next/static/chunks/node_modules_%40supabase_auth-js_dist_module_0.pzobh._.js:5996:57)
    at async SupabaseAuthClient._useSession (http://localhost:3000/_next/static/chunks/node_modules_%40supabase_auth-js_dist_module_0.pzobh._.js:5926:28)
    at async http://localhost:3000/_next/static/chunks/node_modules_%40supabase_auth-js_dist_module_0.pzobh._.js:7903:32
    at async http://localhost:3000/_next/static/chunks/node_modules_%40supabase_auth-js_dist_module_0.pzobh._.js:5875:28 @ http://localhost:3000/_next/static/chunks/node_modules_next_dist_115brz8._.js:3272
[49850200ms] [ERROR] Failed to load resource: net::ERR_QUIC_PROTOCOL_ERROR @ https://wnitkyyodymmjedlttex.supabase.co/auth/v1/token?grant_type=refresh_token:0
[49850200ms] [ERROR] TypeError: Failed to fetch
    at http://localhost:3000/_next/static/chunks/node_modules_%40supabase_auth-js_dist_module_0.pzobh._.js:597:23
    at _handleRequest (http://localhost:3000/_next/static/chunks/node_modules_%40supabase_auth-js_dist_module_0.pzobh._.js:951:24)
    at _request (http://localhost:3000/_next/static/chunks/node_modules_%40supabase_auth-js_dist_module_0.pzobh._.js:938:24)
    at http://localhost:3000/_next/static/chunks/node_modules_%40supabase_auth-js_dist_module_0.pzobh._.js:7482:220
    at async http://localhost:3000/_next/static/chunks/node_modules_%40supabase_auth-js_dist_module_0.pzobh._.js:667:36 @ http://localhost:3000/_next/static/chunks/node_modules_next_dist_115brz8._.js:3272
[49854612ms] [ERROR] Failed to load resource: net::ERR_QUIC_PROTOCOL_ERROR @ https://wnitkyyodymmjedlttex.supabase.co/auth/v1/token?grant_type=refresh_token:0
[49854612ms] [ERROR] TypeError: Failed to fetch
    at http://localhost:3000/_next/static/chunks/node_modules_%40supabase_auth-js_dist_module_0.pzobh._.js:597:23
    at _handleRequest (http://localhost:3000/_next/static/chunks/node_modules_%40supabase_auth-js_dist_module_0.pzobh._.js:951:24)
    at _request (http://localhost:3000/_next/static/chunks/node_modules_%40supabase_auth-js_dist_module_0.pzobh._.js:938:24)
    at http://localhost:3000/_next/static/chunks/node_modules_%40supabase_auth-js_dist_module_0.pzobh._.js:7482:220
    at async http://localhost:3000/_next/static/chunks/node_modules_%40supabase_auth-js_dist_module_0.pzobh._.js:667:36 @ http://localhost:3000/_next/static/chunks/node_modules_next_dist_115brz8._.js:3272
[49859434ms] [ERROR] Failed to load resource: net::ERR_QUIC_PROTOCOL_ERROR @ https://wnitkyyodymmjedlttex.supabase.co/auth/v1/token?grant_type=refresh_token:0
[49859434ms] [ERROR] TypeError: Failed to fetch
    at http://localhost:3000/_next/static/chunks/node_modules_%40supabase_auth-js_dist_module_0.pzobh._.js:597:23
    at _handleRequest (http://localhost:3000/_next/static/chunks/node_modules_%40supabase_auth-js_dist_module_0.pzobh._.js:951:24)
    at _request (http://localhost:3000/_next/static/chunks/node_modules_%40supabase_auth-js_dist_module_0.pzobh._.js:938:24)
    at http://localhost:3000/_next/static/chunks/node_modules_%40supabase_auth-js_dist_module_0.pzobh._.js:7482:220
    at async http://localhost:3000/_next/static/chunks/node_modules_%40supabase_auth-js_dist_module_0.pzobh._.js:667:36 @ http://localhost:3000/_next/static/chunks/node_modules_next_dist_115brz8._.js:3272
[49865040ms] [ERROR] Failed to load resource: net::ERR_QUIC_PROTOCOL_ERROR @ https://wnitkyyodymmjedlttex.supabase.co/auth/v1/token?grant_type=refresh_token:0
[49865040ms] [ERROR] TypeError: Failed to fetch
    at http://localhost:3000/_next/static/chunks/node_modules_%40supabase_auth-js_dist_module_0.pzobh._.js:597:23
    at _handleRequest (http://localhost:3000/_next/static/chunks/node_modules_%40supabase_auth-js_dist_module_0.pzobh._.js:951:24)
    at _request (http://localhost:3000/_next/static/chunks/node_modules_%40supabase_auth-js_dist_module_0.pzobh._.js:938:24)
    at http://localhost:3000/_next/static/chunks/node_modules_%40supabase_auth-js_dist_module_0.pzobh._.js:7482:220
    at async http://localhost:3000/_next/static/chunks/node_modules_%40supabase_auth-js_dist_module_0.pzobh._.js:667:36 @ http://localhost:3000/_next/static/chunks/node_modules_next_dist_115brz8._.js:3272
[49872251ms] [ERROR] Failed to load resource: net::ERR_QUIC_PROTOCOL_ERROR @ https://wnitkyyodymmjedlttex.supabase.co/auth/v1/token?grant_type=refresh_token:0
[49872252ms] [ERROR] TypeError: Failed to fetch
    at http://localhost:3000/_next/static/chunks/node_modules_%40supabase_auth-js_dist_module_0.pzobh._.js:597:23
    at _handleRequest (http://localhost:3000/_next/static/chunks/node_modules_%40supabase_auth-js_dist_module_0.pzobh._.js:951:24)
    at _request (http://localhost:3000/_next/static/chunks/node_modules_%40supabase_auth-js_dist_module_0.pzobh._.js:938:24)
    at http://localhost:3000/_next/static/chunks/node_modules_%40supabase_auth-js_dist_module_0.pzobh._.js:7482:220
    at async http://localhost:3000/_next/static/chunks/node_modules_%40supabase_auth-js_dist_module_0.pzobh._.js:667:36 @ http://localhost:3000/_next/static/chunks/node_modules_next_dist_115brz8._.js:3272
[49876268ms] [ERROR] Failed to load resource: net::ERR_QUIC_PROTOCOL_ERROR @ https://wnitkyyodymmjedlttex.supabase.co/auth/v1/token?grant_type=refresh_token:0
[49876268ms] [ERROR] TypeError: Failed to fetch
    at http://localhost:3000/_next/static/chunks/node_modules_%40supabase_auth-js_dist_module_0.pzobh._.js:597:23
    at _handleRequest (http://localhost:3000/_next/static/chunks/node_modules_%40supabase_auth-js_dist_module_0.pzobh._.js:951:24)
    at _request (http://localhost:3000/_next/static/chunks/node_modules_%40supabase_auth-js_dist_module_0.pzobh._.js:938:24)
    at http://localhost:3000/_next/static/chunks/node_modules_%40supabase_auth-js_dist_module_0.pzobh._.js:7482:220
    at http://localhost:3000/_next/static/chunks/node_modules_%40supabase_auth-js_dist_module_0.pzobh._.js:667:42
    at http://localhost:3000/_next/static/chunks/node_modules_%40supabase_auth-js_dist_module_0.pzobh._.js:679:11
    at new Promise (<anonymous>)
    at retryable (http://localhost:3000/_next/static/chunks/node_modules_%40supabase_auth-js_dist_module_0.pzobh._.js:661:21)
    at SupabaseAuthClient._refreshAccessToken (http://localhost:3000/_next/static/chunks/node_modules_%40supabase_auth-js_dist_module_0.pzobh._.js:7477:219)
    at SupabaseAuthClient._callRefreshToken (http://localhost:3000/_next/static/chunks/node_modules_%40supabase_auth-js_dist_module_0.pzobh._.js:7633:48)
    at SupabaseAuthClient.__loadSession (http://localhost:3000/_next/static/chunks/node_modules_%40supabase_auth-js_dist_module_0.pzobh._.js:5996:57)
    at async SupabaseAuthClient._useSession (http://localhost:3000/_next/static/chunks/node_modules_%40supabase_auth-js_dist_module_0.pzobh._.js:5926:28)
    at async http://localhost:3000/_next/static/chunks/node_modules_%40supabase_auth-js_dist_module_0.pzobh._.js:7903:32
    at async http://localhost:3000/_next/static/chunks/node_modules_%40supabase_auth-js_dist_module_0.pzobh._.js:5875:28 @ http://localhost:3000/_next/static/chunks/node_modules_next_dist_115brz8._.js:3272
[49880480ms] [ERROR] Failed to load resource: net::ERR_QUIC_PROTOCOL_ERROR @ https://wnitkyyodymmjedlttex.supabase.co/auth/v1/token?grant_type=refresh_token:0
[49880480ms] [ERROR] TypeError: Failed to fetch
    at http://localhost:3000/_next/static/chunks/node_modules_%40supabase_auth-js_dist_module_0.pzobh._.js:597:23
    at _handleRequest (http://localhost:3000/_next/static/chunks/node_modules_%40supabase_auth-js_dist_module_0.pzobh._.js:951:24)
    at _request (http://localhost:3000/_next/static/chunks/node_modules_%40supabase_auth-js_dist_module_0.pzobh._.js:938:24)
    at http://localhost:3000/_next/static/chunks/node_modules_%40supabase_auth-js_dist_module_0.pzobh._.js:7482:220
    at async http://localhost:3000/_next/static/chunks/node_modules_%40supabase_auth-js_dist_module_0.pzobh._.js:667:36 @ http://localhost:3000/_next/static/chunks/node_modules_next_dist_115brz8._.js:3272
[49884907ms] [ERROR] Failed to load resource: net::ERR_QUIC_PROTOCOL_ERROR @ https://wnitkyyodymmjedlttex.supabase.co/auth/v1/token?grant_type=refresh_token:0
[49884908ms] [ERROR] TypeError: Failed to fetch
    at http://localhost:3000/_next/static/chunks/node_modules_%40supabase_auth-js_dist_module_0.pzobh._.js:597:23
    at _handleRequest (http://localhost:3000/_next/static/chunks/node_modules_%40supabase_auth-js_dist_module_0.pzobh._.js:951:24)
    at _request (http://localhost:3000/_next/static/chunks/node_modules_%40supabase_auth-js_dist_module_0.pzobh._.js:938:24)
    at http://localhost:3000/_next/static/chunks/node_modules_%40supabase_auth-js_dist_module_0.pzobh._.js:7482:220
    at async http://localhost:3000/_next/static/chunks/node_modules_%40supabase_auth-js_dist_module_0.pzobh._.js:667:36 @ http://localhost:3000/_next/static/chunks/node_modules_next_dist_115brz8._.js:3272
[49889716ms] [ERROR] Failed to load resource: net::ERR_QUIC_PROTOCOL_ERROR @ https://wnitkyyodymmjedlttex.supabase.co/auth/v1/token?grant_type=refresh_token:0
[49889716ms] [ERROR] TypeError: Failed to fetch
    at http://localhost:3000/_next/static/chunks/node_modules_%40supabase_auth-js_dist_module_0.pzobh._.js:597:23
    at _handleRequest (http://localhost:3000/_next/static/chunks/node_modules_%40supabase_auth-js_dist_module_0.pzobh._.js:951:24)
    at _request (http://localhost:3000/_next/static/chunks/node_modules_%40supabase_auth-js_dist_module_0.pzobh._.js:938:24)
    at http://localhost:3000/_next/static/chunks/node_modules_%40supabase_auth-js_dist_module_0.pzobh._.js:7482:220
    at async http://localhost:3000/_next/static/chunks/node_modules_%40supabase_auth-js_dist_module_0.pzobh._.js:667:36 @ http://localhost:3000/_next/static/chunks/node_modules_next_dist_115brz8._.js:3272
[49895339ms] [ERROR] Failed to load resource: net::ERR_QUIC_PROTOCOL_ERROR @ https://wnitkyyodymmjedlttex.supabase.co/auth/v1/token?grant_type=refresh_token:0
[49895340ms] [ERROR] TypeError: Failed to fetch
    at http://localhost:3000/_next/static/chunks/node_modules_%40supabase_auth-js_dist_module_0.pzobh._.js:597:23
    at _handleRequest (http://localhost:3000/_next/static/chunks/node_modules_%40supabase_auth-js_dist_module_0.pzobh._.js:951:24)
    at _request (http://localhost:3000/_next/static/chunks/node_modules_%40supabase_auth-js_dist_module_0.pzobh._.js:938:24)
    at http://localhost:3000/_next/static/chunks/node_modules_%40supabase_auth-js_dist_module_0.pzobh._.js:7482:220
    at async http://localhost:3000/_next/static/chunks/node_modules_%40supabase_auth-js_dist_module_0.pzobh._.js:667:36 @ http://localhost:3000/_next/static/chunks/node_modules_next_dist_115brz8._.js:3272
[49902564ms] [ERROR] Failed to load resource: net::ERR_QUIC_PROTOCOL_ERROR @ https://wnitkyyodymmjedlttex.supabase.co/auth/v1/token?grant_type=refresh_token:0
[49902564ms] [ERROR] TypeError: Failed to fetch
    at http://localhost:3000/_next/static/chunks/node_modules_%40supabase_auth-js_dist_module_0.pzobh._.js:597:23
    at _handleRequest (http://localhost:3000/_next/static/chunks/node_modules_%40supabase_auth-js_dist_module_0.pzobh._.js:951:24)
    at _request (http://localhost:3000/_next/static/chunks/node_modules_%40supabase_auth-js_dist_module_0.pzobh._.js:938:24)
    at http://localhost:3000/_next/static/chunks/node_modules_%40supabase_auth-js_dist_module_0.pzobh._.js:7482:220
    at async http://localhost:3000/_next/static/chunks/node_modules_%40supabase_auth-js_dist_module_0.pzobh._.js:667:36 @ http://localhost:3000/_next/static/chunks/node_modules_next_dist_115brz8._.js:3272
[49906571ms] [ERROR] Failed to load resource: net::ERR_QUIC_PROTOCOL_ERROR @ https://wnitkyyodymmjedlttex.supabase.co/auth/v1/token?grant_type=refresh_token:0
[49906571ms] [ERROR] TypeError: Failed to fetch
    at http://localhost:3000/_next/static/chunks/node_modules_%40supabase_auth-js_dist_module_0.pzobh._.js:597:23
    at _handleRequest (http://localhost:3000/_next/static/chunks/node_modules_%40supabase_auth-js_dist_module_0.pzobh._.js:951:24)
    at _request (http://localhost:3000/_next/static/chunks/node_modules_%40supabase_auth-js_dist_module_0.pzobh._.js:938:24)
    at http://localhost:3000/_next/static/chunks/node_modules_%40supabase_auth-js_dist_module_0.pzobh._.js:7482:220
    at http://localhost:3000/_next/static/chunks/node_modules_%40supabase_auth-js_dist_module_0.pzobh._.js:667:42
    at http://localhost:3000/_next/static/chunks/node_modules_%40supabase_auth-js_dist_module_0.pzobh._.js:679:11
    at new Promise (<anonymous>)
    at retryable (http://localhost:3000/_next/static/chunks/node_modules_%40supabase_auth-js_dist_module_0.pzobh._.js:661:21)
    at SupabaseAuthClient._refreshAccessToken (http://localhost:3000/_next/static/chunks/node_modules_%40supabase_auth-js_dist_module_0.pzobh._.js:7477:219)
    at SupabaseAuthClient._callRefreshToken (http://localhost:3000/_next/static/chunks/node_modules_%40supabase_auth-js_dist_module_0.pzobh._.js:7633:48)
    at SupabaseAuthClient.__loadSession (http://localhost:3000/_next/static/chunks/node_modules_%40supabase_auth-js_dist_module_0.pzobh._.js:5996:57)
    at async SupabaseAuthClient._useSession (http://localhost:3000/_next/static/chunks/node_modules_%40supabase_auth-js_dist_module_0.pzobh._.js:5926:28)
    at async http://localhost:3000/_next/static/chunks/node_modules_%40supabase_auth-js_dist_module_0.pzobh._.js:7903:32
    at async http://localhost:3000/_next/static/chunks/node_modules_%40supabase_auth-js_dist_module_0.pzobh._.js:5875:28 @ http://localhost:3000/_next/static/chunks/node_modules_next_dist_115brz8._.js:3272
[49910788ms] [ERROR] Failed to load resource: net::ERR_QUIC_PROTOCOL_ERROR @ https://wnitkyyodymmjedlttex.supabase.co/auth/v1/token?grant_type=refresh_token:0
[49910789ms] [ERROR] TypeError: Failed to fetch
    at http://localhost:3000/_next/static/chunks/node_modules_%40supabase_auth-js_dist_module_0.pzobh._.js:597:23
    at _handleRequest (http://localhost:3000/_next/static/chunks/node_modules_%40supabase_auth-js_dist_module_0.pzobh._.js:951:24)
    at _request (http://localhost:3000/_next/static/chunks/node_modules_%40supabase_auth-js_dist_module_0.pzobh._.js:938:24)
    at http://localhost:3000/_next/static/chunks/node_modules_%40supabase_auth-js_dist_module_0.pzobh._.js:7482:220
    at async http://localhost:3000/_next/static/chunks/node_modules_%40supabase_auth-js_dist_module_0.pzobh._.js:667:36 @ http://localhost:3000/_next/static/chunks/node_modules_next_dist_115brz8._.js:3272
[49915214ms] [ERROR] Failed to load resource: net::ERR_QUIC_PROTOCOL_ERROR @ https://wnitkyyodymmjedlttex.supabase.co/auth/v1/token?grant_type=refresh_token:0
[49915214ms] [ERROR] TypeError: Failed to fetch
    at http://localhost:3000/_next/static/chunks/node_modules_%40supabase_auth-js_dist_module_0.pzobh._.js:597:23
    at _handleRequest (http://localhost:3000/_next/static/chunks/node_modules_%40supabase_auth-js_dist_module_0.pzobh._.js:951:24)
    at _request (http://localhost:3000/_next/static/chunks/node_modules_%40supabase_auth-js_dist_module_0.pzobh._.js:938:24)
    at http://localhost:3000/_next/static/chunks/node_modules_%40supabase_auth-js_dist_module_0.pzobh._.js:7482:220
    at async http://localhost:3000/_next/static/chunks/node_modules_%40supabase_auth-js_dist_module_0.pzobh._.js:667:36 @ http://localhost:3000/_next/static/chunks/node_modules_next_dist_115brz8._.js:3272
[49920027ms] [ERROR] Failed to load resource: net::ERR_QUIC_PROTOCOL_ERROR @ https://wnitkyyodymmjedlttex.supabase.co/auth/v1/token?grant_type=refresh_token:0
[49920027ms] [ERROR] TypeError: Failed to fetch
    at http://localhost:3000/_next/static/chunks/node_modules_%40supabase_auth-js_dist_module_0.pzobh._.js:597:23
    at _handleRequest (http://localhost:3000/_next/static/chunks/node_modules_%40supabase_auth-js_dist_module_0.pzobh._.js:951:24)
    at _request (http://localhost:3000/_next/static/chunks/node_modules_%40supabase_auth-js_dist_module_0.pzobh._.js:938:24)
    at http://localhost:3000/_next/static/chunks/node_modules_%40supabase_auth-js_dist_module_0.pzobh._.js:7482:220
    at async http://localhost:3000/_next/static/chunks/node_modules_%40supabase_auth-js_dist_module_0.pzobh._.js:667:36 @ http://localhost:3000/_next/static/chunks/node_modules_next_dist_115brz8._.js:3272
[49925648ms] [ERROR] Failed to load resource: net::ERR_QUIC_PROTOCOL_ERROR @ https://wnitkyyodymmjedlttex.supabase.co/auth/v1/token?grant_type=refresh_token:0
[49925648ms] [ERROR] TypeError: Failed to fetch
    at http://localhost:3000/_next/static/chunks/node_modules_%40supabase_auth-js_dist_module_0.pzobh._.js:597:23
    at _handleRequest (http://localhost:3000/_next/static/chunks/node_modules_%40supabase_auth-js_dist_module_0.pzobh._.js:951:24)
    at _request (http://localhost:3000/_next/static/chunks/node_modules_%40supabase_auth-js_dist_module_0.pzobh._.js:938:24)
    at http://localhost:3000/_next/static/chunks/node_modules_%40supabase_auth-js_dist_module_0.pzobh._.js:7482:220
    at async http://localhost:3000/_next/static/chunks/node_modules_%40supabase_auth-js_dist_module_0.pzobh._.js:667:36 @ http://localhost:3000/_next/static/chunks/node_modules_next_dist_115brz8._.js:3272
[49932872ms] [ERROR] Failed to load resource: net::ERR_QUIC_PROTOCOL_ERROR @ https://wnitkyyodymmjedlttex.supabase.co/auth/v1/token?grant_type=refresh_token:0
[49932872ms] [ERROR] TypeError: Failed to fetch
    at http://localhost:3000/_next/static/chunks/node_modules_%40supabase_auth-js_dist_module_0.pzobh._.js:597:23
    at _handleRequest (http://localhost:3000/_next/static/chunks/node_modules_%40supabase_auth-js_dist_module_0.pzobh._.js:951:24)
    at _request (http://localhost:3000/_next/static/chunks/node_modules_%40supabase_auth-js_dist_module_0.pzobh._.js:938:24)
    at http://localhost:3000/_next/static/chunks/node_modules_%40supabase_auth-js_dist_module_0.pzobh._.js:7482:220
    at async http://localhost:3000/_next/static/chunks/node_modules_%40supabase_auth-js_dist_module_0.pzobh._.js:667:36 @ http://localhost:3000/_next/static/chunks/node_modules_next_dist_115brz8._.js:3272
[49936886ms] [ERROR] Failed to load resource: net::ERR_QUIC_PROTOCOL_ERROR @ https://wnitkyyodymmjedlttex.supabase.co/auth/v1/token?grant_type=refresh_token:0
[49936886ms] [ERROR] TypeError: Failed to fetch
    at http://localhost:3000/_next/static/chunks/node_modules_%40supabase_auth-js_dist_module_0.pzobh._.js:597:23
    at _handleRequest (http://localhost:3000/_next/static/chunks/node_modules_%40supabase_auth-js_dist_module_0.pzobh._.js:951:24)
    at _request (http://localhost:3000/_next/static/chunks/node_modules_%40supabase_auth-js_dist_module_0.pzobh._.js:938:24)
    at http://localhost:3000/_next/static/chunks/node_modules_%40supabase_auth-js_dist_module_0.pzobh._.js:7482:220
    at http://localhost:3000/_next/static/chunks/node_modules_%40supabase_auth-js_dist_module_0.pzobh._.js:667:42
    at http://localhost:3000/_next/static/chunks/node_modules_%40supabase_auth-js_dist_module_0.pzobh._.js:679:11
    at new Promise (<anonymous>)
    at retryable (http://localhost:3000/_next/static/chunks/node_modules_%40supabase_auth-js_dist_module_0.pzobh._.js:661:21)
    at SupabaseAuthClient._refreshAccessToken (http://localhost:3000/_next/static/chunks/node_modules_%40supabase_auth-js_dist_module_0.pzobh._.js:7477:219)
    at SupabaseAuthClient._callRefreshToken (http://localhost:3000/_next/static/chunks/node_modules_%40supabase_auth-js_dist_module_0.pzobh._.js:7633:48)
    at SupabaseAuthClient.__loadSession (http://localhost:3000/_next/static/chunks/node_modules_%40supabase_auth-js_dist_module_0.pzobh._.js:5996:57)
    at async SupabaseAuthClient._useSession (http://localhost:3000/_next/static/chunks/node_modules_%40supabase_auth-js_dist_module_0.pzobh._.js:5926:28)
    at async http://localhost:3000/_next/static/chunks/node_modules_%40supabase_auth-js_dist_module_0.pzobh._.js:7903:32
    at async http://localhost:3000/_next/static/chunks/node_modules_%40supabase_auth-js_dist_module_0.pzobh._.js:5875:28 @ http://localhost:3000/_next/static/chunks/node_modules_next_dist_115brz8._.js:3272
[49941104ms] [ERROR] Failed to load resource: net::ERR_QUIC_PROTOCOL_ERROR @ https://wnitkyyodymmjedlttex.supabase.co/auth/v1/token?grant_type=refresh_token:0
[49941105ms] [ERROR] TypeError: Failed to fetch
    at http://localhost:3000/_next/static/chunks/node_modules_%40supabase_auth-js_dist_module_0.pzobh._.js:597:23
    at _handleRequest (http://localhost:3000/_next/static/chunks/node_modules_%40supabase_auth-js_dist_module_0.pzobh._.js:951:24)
    at _request (http://localhost:3000/_next/static/chunks/node_modules_%40supabase_auth-js_dist_module_0.pzobh._.js:938:24)
    at http://localhost:3000/_next/static/chunks/node_modules_%40supabase_auth-js_dist_module_0.pzobh._.js:7482:220
    at async http://localhost:3000/_next/static/chunks/node_modules_%40supabase_auth-js_dist_module_0.pzobh._.js:667:36 @ http://localhost:3000/_next/static/chunks/node_modules_next_dist_115brz8._.js:3272
[49945522ms] [ERROR] Failed to load resource: net::ERR_QUIC_PROTOCOL_ERROR @ https://wnitkyyodymmjedlttex.supabase.co/auth/v1/token?grant_type=refresh_token:0
[49945522ms] [ERROR] TypeError: Failed to fetch
    at http://localhost:3000/_next/static/chunks/node_modules_%40supabase_auth-js_dist_module_0.pzobh._.js:597:23
    at _handleRequest (http://localhost:3000/_next/static/chunks/node_modules_%40supabase_auth-js_dist_module_0.pzobh._.js:951:24)
    at _request (http://localhost:3000/_next/static/chunks/node_modules_%40supabase_auth-js_dist_module_0.pzobh._.js:938:24)
    at http://localhost:3000/_next/static/chunks/node_modules_%40supabase_auth-js_dist_module_0.pzobh._.js:7482:220
    at async http://localhost:3000/_next/static/chunks/node_modules_%40supabase_auth-js_dist_module_0.pzobh._.js:667:36 @ http://localhost:3000/_next/static/chunks/node_modules_next_dist_115brz8._.js:3272
[49950334ms] [ERROR] Failed to load resource: net::ERR_QUIC_PROTOCOL_ERROR @ https://wnitkyyodymmjedlttex.supabase.co/auth/v1/token?grant_type=refresh_token:0
[49950335ms] [ERROR] TypeError: Failed to fetch
    at http://localhost:3000/_next/static/chunks/node_modules_%40supabase_auth-js_dist_module_0.pzobh._.js:597:23
    at _handleRequest (http://localhost:3000/_next/static/chunks/node_modules_%40supabase_auth-js_dist_module_0.pzobh._.js:951:24)
    at _request (http://localhost:3000/_next/static/chunks/node_modules_%40supabase_auth-js_dist_module_0.pzobh._.js:938:24)
    at http://localhost:3000/_next/static/chunks/node_modules_%40supabase_auth-js_dist_module_0.pzobh._.js:7482:220
    at async http://localhost:3000/_next/static/chunks/node_modules_%40supabase_auth-js_dist_module_0.pzobh._.js:667:36 @ http://localhost:3000/_next/static/chunks/node_modules_next_dist_115brz8._.js:3272
[49955953ms] [ERROR] Failed to load resource: net::ERR_QUIC_PROTOCOL_ERROR @ https://wnitkyyodymmjedlttex.supabase.co/auth/v1/token?grant_type=refresh_token:0
[49955953ms] [ERROR] TypeError: Failed to fetch
    at http://localhost:3000/_next/static/chunks/node_modules_%40supabase_auth-js_dist_module_0.pzobh._.js:597:23
    at _handleRequest (http://localhost:3000/_next/static/chunks/node_modules_%40supabase_auth-js_dist_module_0.pzobh._.js:951:24)
    at _request (http://localhost:3000/_next/static/chunks/node_modules_%40supabase_auth-js_dist_module_0.pzobh._.js:938:24)
    at http://localhost:3000/_next/static/chunks/node_modules_%40supabase_auth-js_dist_module_0.pzobh._.js:7482:220
    at async http://localhost:3000/_next/static/chunks/node_modules_%40supabase_auth-js_dist_module_0.pzobh._.js:667:36 @ http://localhost:3000/_next/static/chunks/node_modules_next_dist_115brz8._.js:3272
[49963175ms] [ERROR] Failed to load resource: net::ERR_QUIC_PROTOCOL_ERROR @ https://wnitkyyodymmjedlttex.supabase.co/auth/v1/token?grant_type=refresh_token:0
[49963175ms] [ERROR] TypeError: Failed to fetch
    at http://localhost:3000/_next/static/chunks/node_modules_%40supabase_auth-js_dist_module_0.pzobh._.js:597:23
    at _handleRequest (http://localhost:3000/_next/static/chunks/node_modules_%40supabase_auth-js_dist_module_0.pzobh._.js:951:24)
    at _request (http://localhost:3000/_next/static/chunks/node_modules_%40supabase_auth-js_dist_module_0.pzobh._.js:938:24)
    at http://localhost:3000/_next/static/chunks/node_modules_%40supabase_auth-js_dist_module_0.pzobh._.js:7482:220
    at async http://localhost:3000/_next/static/chunks/node_modules_%40supabase_auth-js_dist_module_0.pzobh._.js:667:36 @ http://localhost:3000/_next/static/chunks/node_modules_next_dist_115brz8._.js:3272
[49967186ms] [ERROR] Failed to load resource: net::ERR_QUIC_PROTOCOL_ERROR @ https://wnitkyyodymmjedlttex.supabase.co/auth/v1/token?grant_type=refresh_token:0
[49967187ms] [ERROR] TypeError: Failed to fetch
    at http://localhost:3000/_next/static/chunks/node_modules_%40supabase_auth-js_dist_module_0.pzobh._.js:597:23
    at _handleRequest (http://localhost:3000/_next/static/chunks/node_modules_%40supabase_auth-js_dist_module_0.pzobh._.js:951:24)
    at _request (http://localhost:3000/_next/static/chunks/node_modules_%40supabase_auth-js_dist_module_0.pzobh._.js:938:24)
    at http://localhost:3000/_next/static/chunks/node_modules_%40supabase_auth-js_dist_module_0.pzobh._.js:7482:220
    at http://localhost:3000/_next/static/chunks/node_modules_%40supabase_auth-js_dist_module_0.pzobh._.js:667:42
    at http://localhost:3000/_next/static/chunks/node_modules_%40supabase_auth-js_dist_module_0.pzobh._.js:679:11
    at new Promise (<anonymous>)
    at retryable (http://localhost:3000/_next/static/chunks/node_modules_%40supabase_auth-js_dist_module_0.pzobh._.js:661:21)
    at SupabaseAuthClient._refreshAccessToken (http://localhost:3000/_next/static/chunks/node_modules_%40supabase_auth-js_dist_module_0.pzobh._.js:7477:219)
    at SupabaseAuthClient._callRefreshToken (http://localhost:3000/_next/static/chunks/node_modules_%40supabase_auth-js_dist_module_0.pzobh._.js:7633:48)
    at SupabaseAuthClient.__loadSession (http://localhost:3000/_next/static/chunks/node_modules_%40supabase_auth-js_dist_module_0.pzobh._.js:5996:57)
    at async SupabaseAuthClient._useSession (http://localhost:3000/_next/static/chunks/node_modules_%40supabase_auth-js_dist_module_0.pzobh._.js:5926:28)
    at async http://localhost:3000/_next/static/chunks/node_modules_%40supabase_auth-js_dist_module_0.pzobh._.js:7903:32
    at async http://localhost:3000/_next/static/chunks/node_modules_%40supabase_auth-js_dist_module_0.pzobh._.js:5875:28 @ http://localhost:3000/_next/static/chunks/node_modules_next_dist_115brz8._.js:3272
[49971411ms] [ERROR] Failed to load resource: net::ERR_QUIC_PROTOCOL_ERROR @ https://wnitkyyodymmjedlttex.supabase.co/auth/v1/token?grant_type=refresh_token:0
[49971411ms] [ERROR] TypeError: Failed to fetch
    at http://localhost:3000/_next/static/chunks/node_modules_%40supabase_auth-js_dist_module_0.pzobh._.js:597:23
    at _handleRequest (http://localhost:3000/_next/static/chunks/node_modules_%40supabase_auth-js_dist_module_0.pzobh._.js:951:24)
    at _request (http://localhost:3000/_next/static/chunks/node_modules_%40supabase_auth-js_dist_module_0.pzobh._.js:938:24)
    at http://localhost:3000/_next/static/chunks/node_modules_%40supabase_auth-js_dist_module_0.pzobh._.js:7482:220
    at async http://localhost:3000/_next/static/chunks/node_modules_%40supabase_auth-js_dist_module_0.pzobh._.js:667:36 @ http://localhost:3000/_next/static/chunks/node_modules_next_dist_115brz8._.js:3272
[49975836ms] [ERROR] Failed to load resource: net::ERR_QUIC_PROTOCOL_ERROR @ https://wnitkyyodymmjedlttex.supabase.co/auth/v1/token?grant_type=refresh_token:0
[49975836ms] [ERROR] TypeError: Failed to fetch
    at http://localhost:3000/_next/static/chunks/node_modules_%40supabase_auth-js_dist_module_0.pzobh._.js:597:23
    at _handleRequest (http://localhost:3000/_next/static/chunks/node_modules_%40supabase_auth-js_dist_module_0.pzobh._.js:951:24)
    at _request (http://localhost:3000/_next/static/chunks/node_modules_%40supabase_auth-js_dist_module_0.pzobh._.js:938:24)
    at http://localhost:3000/_next/static/chunks/node_modules_%40supabase_auth-js_dist_module_0.pzobh._.js:7482:220
    at async http://localhost:3000/_next/static/chunks/node_modules_%40supabase_auth-js_dist_module_0.pzobh._.js:667:36 @ http://localhost:3000/_next/static/chunks/node_modules_next_dist_115brz8._.js:3272
[49980650ms] [ERROR] Failed to load resource: net::ERR_QUIC_PROTOCOL_ERROR @ https://wnitkyyodymmjedlttex.supabase.co/auth/v1/token?grant_type=refresh_token:0
[49980651ms] [ERROR] TypeError: Failed to fetch
    at http://localhost:3000/_next/static/chunks/node_modules_%40supabase_auth-js_dist_module_0.pzobh._.js:597:23
    at _handleRequest (http://localhost:3000/_next/static/chunks/node_modules_%40supabase_auth-js_dist_module_0.pzobh._.js:951:24)
    at _request (http://localhost:3000/_next/static/chunks/node_modules_%40supabase_auth-js_dist_module_0.pzobh._.js:938:24)
    at http://localhost:3000/_next/static/chunks/node_modules_%40supabase_auth-js_dist_module_0.pzobh._.js:7482:220
    at async http://localhost:3000/_next/static/chunks/node_modules_%40supabase_auth-js_dist_module_0.pzobh._.js:667:36 @ http://localhost:3000/_next/static/chunks/node_modules_next_dist_115brz8._.js:3272
[49986271ms] [ERROR] Failed to load resource: net::ERR_QUIC_PROTOCOL_ERROR @ https://wnitkyyodymmjedlttex.supabase.co/auth/v1/token?grant_type=refresh_token:0
[49986272ms] [ERROR] TypeError: Failed to fetch
    at http://localhost:3000/_next/static/chunks/node_modules_%40supabase_auth-js_dist_module_0.pzobh._.js:597:23
    at _handleRequest (http://localhost:3000/_next/static/chunks/node_modules_%40supabase_auth-js_dist_module_0.pzobh._.js:951:24)
    at _request (http://localhost:3000/_next/static/chunks/node_modules_%40supabase_auth-js_dist_module_0.pzobh._.js:938:24)
    at http://localhost:3000/_next/static/chunks/node_modules_%40supabase_auth-js_dist_module_0.pzobh._.js:7482:220
    at async http://localhost:3000/_next/static/chunks/node_modules_%40supabase_auth-js_dist_module_0.pzobh._.js:667:36 @ http://localhost:3000/_next/static/chunks/node_modules_next_dist_115brz8._.js:3272
[49993497ms] [ERROR] Failed to load resource: net::ERR_QUIC_PROTOCOL_ERROR @ https://wnitkyyodymmjedlttex.supabase.co/auth/v1/token?grant_type=refresh_token:0
[49993497ms] [ERROR] TypeError: Failed to fetch
    at http://localhost:3000/_next/static/chunks/node_modules_%40supabase_auth-js_dist_module_0.pzobh._.js:597:23
    at _handleRequest (http://localhost:3000/_next/static/chunks/node_modules_%40supabase_auth-js_dist_module_0.pzobh._.js:951:24)
    at _request (http://localhost:3000/_next/static/chunks/node_modules_%40supabase_auth-js_dist_module_0.pzobh._.js:938:24)
    at http://localhost:3000/_next/static/chunks/node_modules_%40supabase_auth-js_dist_module_0.pzobh._.js:7482:220
    at async http://localhost:3000/_next/static/chunks/node_modules_%40supabase_auth-js_dist_module_0.pzobh._.js:667:36 @ http://localhost:3000/_next/static/chunks/node_modules_next_dist_115brz8._.js:3272
[49997512ms] [ERROR] Failed to load resource: net::ERR_QUIC_PROTOCOL_ERROR @ https://wnitkyyodymmjedlttex.supabase.co/auth/v1/token?grant_type=refresh_token:0
[49997512ms] [ERROR] TypeError: Failed to fetch
    at http://localhost:3000/_next/static/chunks/node_modules_%40supabase_auth-js_dist_module_0.pzobh._.js:597:23
    at _handleRequest (http://localhost:3000/_next/static/chunks/node_modules_%40supabase_auth-js_dist_module_0.pzobh._.js:951:24)
    at _request (http://localhost:3000/_next/static/chunks/node_modules_%40supabase_auth-js_dist_module_0.pzobh._.js:938:24)
    at http://localhost:3000/_next/static/chunks/node_modules_%40supabase_auth-js_dist_module_0.pzobh._.js:7482:220
    at http://localhost:3000/_next/static/chunks/node_modules_%40supabase_auth-js_dist_module_0.pzobh._.js:667:42
    at http://localhost:3000/_next/static/chunks/node_modules_%40supabase_auth-js_dist_module_0.pzobh._.js:679:11
    at new Promise (<anonymous>)
    at retryable (http://localhost:3000/_next/static/chunks/node_modules_%40supabase_auth-js_dist_module_0.pzobh._.js:661:21)
    at SupabaseAuthClient._refreshAccessToken (http://localhost:3000/_next/static/chunks/node_modules_%40supabase_auth-js_dist_module_0.pzobh._.js:7477:219)
    at SupabaseAuthClient._callRefreshToken (http://localhost:3000/_next/static/chunks/node_modules_%40supabase_auth-js_dist_module_0.pzobh._.js:7633:48)
    at SupabaseAuthClient.__loadSession (http://localhost:3000/_next/static/chunks/node_modules_%40supabase_auth-js_dist_module_0.pzobh._.js:5996:57)
    at async SupabaseAuthClient._useSession (http://localhost:3000/_next/static/chunks/node_modules_%40supabase_auth-js_dist_module_0.pzobh._.js:5926:28)
    at async http://localhost:3000/_next/static/chunks/node_modules_%40supabase_auth-js_dist_module_0.pzobh._.js:7903:32
    at async http://localhost:3000/_next/static/chunks/node_modules_%40supabase_auth-js_dist_module_0.pzobh._.js:5875:28 @ http://localhost:3000/_next/static/chunks/node_modules_next_dist_115brz8._.js:3272
[50001718ms] [ERROR] Failed to load resource: net::ERR_QUIC_PROTOCOL_ERROR @ https://wnitkyyodymmjedlttex.supabase.co/auth/v1/token?grant_type=refresh_token:0
[50001718ms] [ERROR] TypeError: Failed to fetch
    at http://localhost:3000/_next/static/chunks/node_modules_%40supabase_auth-js_dist_module_0.pzobh._.js:597:23
    at _handleRequest (http://localhost:3000/_next/static/chunks/node_modules_%40supabase_auth-js_dist_module_0.pzobh._.js:951:24)
    at _request (http://localhost:3000/_next/static/chunks/node_modules_%40supabase_auth-js_dist_module_0.pzobh._.js:938:24)
    at http://localhost:3000/_next/static/chunks/node_modules_%40supabase_auth-js_dist_module_0.pzobh._.js:7482:220
    at async http://localhost:3000/_next/static/chunks/node_modules_%40supabase_auth-js_dist_module_0.pzobh._.js:667:36 @ http://localhost:3000/_next/static/chunks/node_modules_next_dist_115brz8._.js:3272
[50006135ms] [ERROR] Failed to load resource: net::ERR_QUIC_PROTOCOL_ERROR @ https://wnitkyyodymmjedlttex.supabase.co/auth/v1/token?grant_type=refresh_token:0
[50006135ms] [ERROR] TypeError: Failed to fetch
    at http://localhost:3000/_next/static/chunks/node_modules_%40supabase_auth-js_dist_module_0.pzobh._.js:597:23
    at _handleRequest (http://localhost:3000/_next/static/chunks/node_modules_%40supabase_auth-js_dist_module_0.pzobh._.js:951:24)
    at _request (http://localhost:3000/_next/static/chunks/node_modules_%40supabase_auth-js_dist_module_0.pzobh._.js:938:24)
    at http://localhost:3000/_next/static/chunks/node_modules_%40supabase_auth-js_dist_module_0.pzobh._.js:7482:220
    at async http://localhost:3000/_next/static/chunks/node_modules_%40supabase_auth-js_dist_module_0.pzobh._.js:667:36 @ http://localhost:3000/_next/static/chunks/node_modules_next_dist_115brz8._.js:3272
[50010956ms] [ERROR] Failed to load resource: net::ERR_QUIC_PROTOCOL_ERROR @ https://wnitkyyodymmjedlttex.supabase.co/auth/v1/token?grant_type=refresh_token:0
[50010957ms] [ERROR] TypeError: Failed to fetch
    at http://localhost:3000/_next/static/chunks/node_modules_%40supabase_auth-js_dist_module_0.pzobh._.js:597:23
    at _handleRequest (http://localhost:3000/_next/static/chunks/node_modules_%40supabase_auth-js_dist_module_0.pzobh._.js:951:24)
    at _request (http://localhost:3000/_next/static/chunks/node_modules_%40supabase_auth-js_dist_module_0.pzobh._.js:938:24)
    at http://localhost:3000/_next/static/chunks/node_modules_%40supabase_auth-js_dist_module_0.pzobh._.js:7482:220
    at async http://localhost:3000/_next/static/chunks/node_modules_%40supabase_auth-js_dist_module_0.pzobh._.js:667:36 @ http://localhost:3000/_next/static/chunks/node_modules_next_dist_115brz8._.js:3272
[50016586ms] [ERROR] Failed to load resource: net::ERR_QUIC_PROTOCOL_ERROR @ https://wnitkyyodymmjedlttex.supabase.co/auth/v1/token?grant_type=refresh_token:0
[50016586ms] [ERROR] TypeError: Failed to fetch
    at http://localhost:3000/_next/static/chunks/node_modules_%40supabase_auth-js_dist_module_0.pzobh._.js:597:23
    at _handleRequest (http://localhost:3000/_next/static/chunks/node_modules_%40supabase_auth-js_dist_module_0.pzobh._.js:951:24)
    at _request (http://localhost:3000/_next/static/chunks/node_modules_%40supabase_auth-js_dist_module_0.pzobh._.js:938:24)
    at http://localhost:3000/_next/static/chunks/node_modules_%40supabase_auth-js_dist_module_0.pzobh._.js:7482:220
    at async http://localhost:3000/_next/static/chunks/node_modules_%40supabase_auth-js_dist_module_0.pzobh._.js:667:36 @ http://localhost:3000/_next/static/chunks/node_modules_next_dist_115brz8._.js:3272
[50023800ms] [ERROR] Failed to load resource: net::ERR_QUIC_PROTOCOL_ERROR @ https://wnitkyyodymmjedlttex.supabase.co/auth/v1/token?grant_type=refresh_token:0
[50023800ms] [ERROR] TypeError: Failed to fetch
    at http://localhost:3000/_next/static/chunks/node_modules_%40supabase_auth-js_dist_module_0.pzobh._.js:597:23
    at _handleRequest (http://localhost:3000/_next/static/chunks/node_modules_%40supabase_auth-js_dist_module_0.pzobh._.js:951:24)
    at _request (http://localhost:3000/_next/static/chunks/node_modules_%40supabase_auth-js_dist_module_0.pzobh._.js:938:24)
    at http://localhost:3000/_next/static/chunks/node_modules_%40supabase_auth-js_dist_module_0.pzobh._.js:7482:220
    at async http://localhost:3000/_next/static/chunks/node_modules_%40supabase_auth-js_dist_module_0.pzobh._.js:667:36 @ http://localhost:3000/_next/static/chunks/node_modules_next_dist_115brz8._.js:3272
[50027807ms] [ERROR] Failed to load resource: net::ERR_QUIC_PROTOCOL_ERROR @ https://wnitkyyodymmjedlttex.supabase.co/auth/v1/token?grant_type=refresh_token:0
[50027807ms] [ERROR] TypeError: Failed to fetch
    at http://localhost:3000/_next/static/chunks/node_modules_%40supabase_auth-js_dist_module_0.pzobh._.js:597:23
    at _handleRequest (http://localhost:3000/_next/static/chunks/node_modules_%40supabase_auth-js_dist_module_0.pzobh._.js:951:24)
    at _request (http://localhost:3000/_next/static/chunks/node_modules_%40supabase_auth-js_dist_module_0.pzobh._.js:938:24)
    at http://localhost:3000/_next/static/chunks/node_modules_%40supabase_auth-js_dist_module_0.pzobh._.js:7482:220
    at http://localhost:3000/_next/static/chunks/node_modules_%40supabase_auth-js_dist_module_0.pzobh._.js:667:42
    at http://localhost:3000/_next/static/chunks/node_modules_%40supabase_auth-js_dist_module_0.pzobh._.js:679:11
    at new Promise (<anonymous>)
    at retryable (http://localhost:3000/_next/static/chunks/node_modules_%40supabase_auth-js_dist_module_0.pzobh._.js:661:21)
    at SupabaseAuthClient._refreshAccessToken (http://localhost:3000/_next/static/chunks/node_modules_%40supabase_auth-js_dist_module_0.pzobh._.js:7477:219)
    at SupabaseAuthClient._callRefreshToken (http://localhost:3000/_next/static/chunks/node_modules_%40supabase_auth-js_dist_module_0.pzobh._.js:7633:48)
    at SupabaseAuthClient.__loadSession (http://localhost:3000/_next/static/chunks/node_modules_%40supabase_auth-js_dist_module_0.pzobh._.js:5996:57)
    at async SupabaseAuthClient._useSession (http://localhost:3000/_next/static/chunks/node_modules_%40supabase_auth-js_dist_module_0.pzobh._.js:5926:28)
    at async http://localhost:3000/_next/static/chunks/node_modules_%40supabase_auth-js_dist_module_0.pzobh._.js:7903:32
    at async http://localhost:3000/_next/static/chunks/node_modules_%40supabase_auth-js_dist_module_0.pzobh._.js:5875:28 @ http://localhost:3000/_next/static/chunks/node_modules_next_dist_115brz8._.js:3272
[50032015ms] [ERROR] Failed to load resource: net::ERR_QUIC_PROTOCOL_ERROR @ https://wnitkyyodymmjedlttex.supabase.co/auth/v1/token?grant_type=refresh_token:0
[50032016ms] [ERROR] TypeError: Failed to fetch
    at http://localhost:3000/_next/static/chunks/node_modules_%40supabase_auth-js_dist_module_0.pzobh._.js:597:23
    at _handleRequest (http://localhost:3000/_next/static/chunks/node_modules_%40supabase_auth-js_dist_module_0.pzobh._.js:951:24)
    at _request (http://localhost:3000/_next/static/chunks/node_modules_%40supabase_auth-js_dist_module_0.pzobh._.js:938:24)
    at http://localhost:3000/_next/static/chunks/node_modules_%40supabase_auth-js_dist_module_0.pzobh._.js:7482:220
    at async http://localhost:3000/_next/static/chunks/node_modules_%40supabase_auth-js_dist_module_0.pzobh._.js:667:36 @ http://localhost:3000/_next/static/chunks/node_modules_next_dist_115brz8._.js:3272
[50036550ms] [ERROR] Failed to load resource: net::ERR_QUIC_PROTOCOL_ERROR @ https://wnitkyyodymmjedlttex.supabase.co/auth/v1/token?grant_type=refresh_token:0
[50036550ms] [ERROR] TypeError: Failed to fetch
    at http://localhost:3000/_next/static/chunks/node_modules_%40supabase_auth-js_dist_module_0.pzobh._.js:597:23
    at _handleRequest (http://localhost:3000/_next/static/chunks/node_modules_%40supabase_auth-js_dist_module_0.pzobh._.js:951:24)
    at _request (http://localhost:3000/_next/static/chunks/node_modules_%40supabase_auth-js_dist_module_0.pzobh._.js:938:24)
    at http://localhost:3000/_next/static/chunks/node_modules_%40supabase_auth-js_dist_module_0.pzobh._.js:7482:220
    at async http://localhost:3000/_next/static/chunks/node_modules_%40supabase_auth-js_dist_module_0.pzobh._.js:667:36 @ http://localhost:3000/_next/static/chunks/node_modules_next_dist_115brz8._.js:3272
[50041363ms] [ERROR] Failed to load resource: net::ERR_QUIC_PROTOCOL_ERROR @ https://wnitkyyodymmjedlttex.supabase.co/auth/v1/token?grant_type=refresh_token:0
[50041363ms] [ERROR] TypeError: Failed to fetch
    at http://localhost:3000/_next/static/chunks/node_modules_%40supabase_auth-js_dist_module_0.pzobh._.js:597:23
    at _handleRequest (http://localhost:3000/_next/static/chunks/node_modules_%40supabase_auth-js_dist_module_0.pzobh._.js:951:24)
    at _request (http://localhost:3000/_next/static/chunks/node_modules_%40supabase_auth-js_dist_module_0.pzobh._.js:938:24)
    at http://localhost:3000/_next/static/chunks/node_modules_%40supabase_auth-js_dist_module_0.pzobh._.js:7482:220
    at async http://localhost:3000/_next/static/chunks/node_modules_%40supabase_auth-js_dist_module_0.pzobh._.js:667:36 @ http://localhost:3000/_next/static/chunks/node_modules_next_dist_115brz8._.js:3272
[50046981ms] [ERROR] Failed to load resource: net::ERR_QUIC_PROTOCOL_ERROR @ https://wnitkyyodymmjedlttex.supabase.co/auth/v1/token?grant_type=refresh_token:0
[50046982ms] [ERROR] TypeError: Failed to fetch
    at http://localhost:3000/_next/static/chunks/node_modules_%40supabase_auth-js_dist_module_0.pzobh._.js:597:23
    at _handleRequest (http://localhost:3000/_next/static/chunks/node_modules_%40supabase_auth-js_dist_module_0.pzobh._.js:951:24)
    at _request (http://localhost:3000/_next/static/chunks/node_modules_%40supabase_auth-js_dist_module_0.pzobh._.js:938:24)
    at http://localhost:3000/_next/static/chunks/node_modules_%40supabase_auth-js_dist_module_0.pzobh._.js:7482:220
    at async http://localhost:3000/_next/static/chunks/node_modules_%40supabase_auth-js_dist_module_0.pzobh._.js:667:36 @ http://localhost:3000/_next/static/chunks/node_modules_next_dist_115brz8._.js:3272
[50054199ms] [ERROR] Failed to load resource: net::ERR_QUIC_PROTOCOL_ERROR @ https://wnitkyyodymmjedlttex.supabase.co/auth/v1/token?grant_type=refresh_token:0
[50054199ms] [ERROR] TypeError: Failed to fetch
    at http://localhost:3000/_next/static/chunks/node_modules_%40supabase_auth-js_dist_module_0.pzobh._.js:597:23
    at _handleRequest (http://localhost:3000/_next/static/chunks/node_modules_%40supabase_auth-js_dist_module_0.pzobh._.js:951:24)
    at _request (http://localhost:3000/_next/static/chunks/node_modules_%40supabase_auth-js_dist_module_0.pzobh._.js:938:24)
    at http://localhost:3000/_next/static/chunks/node_modules_%40supabase_auth-js_dist_module_0.pzobh._.js:7482:220
    at async http://localhost:3000/_next/static/chunks/node_modules_%40supabase_auth-js_dist_module_0.pzobh._.js:667:36 @ http://localhost:3000/_next/static/chunks/node_modules_next_dist_115brz8._.js:3272
[50058205ms] [ERROR] Failed to load resource: net::ERR_QUIC_PROTOCOL_ERROR @ https://wnitkyyodymmjedlttex.supabase.co/auth/v1/token?grant_type=refresh_token:0
[50058205ms] [ERROR] TypeError: Failed to fetch
    at http://localhost:3000/_next/static/chunks/node_modules_%40supabase_auth-js_dist_module_0.pzobh._.js:597:23
    at _handleRequest (http://localhost:3000/_next/static/chunks/node_modules_%40supabase_auth-js_dist_module_0.pzobh._.js:951:24)
    at _request (http://localhost:3000/_next/static/chunks/node_modules_%40supabase_auth-js_dist_module_0.pzobh._.js:938:24)
    at http://localhost:3000/_next/static/chunks/node_modules_%40supabase_auth-js_dist_module_0.pzobh._.js:7482:220
    at http://localhost:3000/_next/static/chunks/node_modules_%40supabase_auth-js_dist_module_0.pzobh._.js:667:42
    at http://localhost:3000/_next/static/chunks/node_modules_%40supabase_auth-js_dist_module_0.pzobh._.js:679:11
    at new Promise (<anonymous>)
    at retryable (http://localhost:3000/_next/static/chunks/node_modules_%40supabase_auth-js_dist_module_0.pzobh._.js:661:21)
    at SupabaseAuthClient._refreshAccessToken (http://localhost:3000/_next/static/chunks/node_modules_%40supabase_auth-js_dist_module_0.pzobh._.js:7477:219)
    at SupabaseAuthClient._callRefreshToken (http://localhost:3000/_next/static/chunks/node_modules_%40supabase_auth-js_dist_module_0.pzobh._.js:7633:48)
    at SupabaseAuthClient.__loadSession (http://localhost:3000/_next/static/chunks/node_modules_%40supabase_auth-js_dist_module_0.pzobh._.js:5996:57)
    at async SupabaseAuthClient._useSession (http://localhost:3000/_next/static/chunks/node_modules_%40supabase_auth-js_dist_module_0.pzobh._.js:5926:28)
    at async http://localhost:3000/_next/static/chunks/node_modules_%40supabase_auth-js_dist_module_0.pzobh._.js:7903:32
    at async http://localhost:3000/_next/static/chunks/node_modules_%40supabase_auth-js_dist_module_0.pzobh._.js:5875:28 @ http://localhost:3000/_next/static/chunks/node_modules_next_dist_115brz8._.js:3272
[50062415ms] [ERROR] Failed to load resource: net::ERR_QUIC_PROTOCOL_ERROR @ https://wnitkyyodymmjedlttex.supabase.co/auth/v1/token?grant_type=refresh_token:0
[50062415ms] [ERROR] TypeError: Failed to fetch
    at http://localhost:3000/_next/static/chunks/node_modules_%40supabase_auth-js_dist_module_0.pzobh._.js:597:23
    at _handleRequest (http://localhost:3000/_next/static/chunks/node_modules_%40supabase_auth-js_dist_module_0.pzobh._.js:951:24)
    at _request (http://localhost:3000/_next/static/chunks/node_modules_%40supabase_auth-js_dist_module_0.pzobh._.js:938:24)
    at http://localhost:3000/_next/static/chunks/node_modules_%40supabase_auth-js_dist_module_0.pzobh._.js:7482:220
    at async http://localhost:3000/_next/static/chunks/node_modules_%40supabase_auth-js_dist_module_0.pzobh._.js:667:36 @ http://localhost:3000/_next/static/chunks/node_modules_next_dist_115brz8._.js:3272
[50066831ms] [ERROR] Failed to load resource: net::ERR_QUIC_PROTOCOL_ERROR @ https://wnitkyyodymmjedlttex.supabase.co/auth/v1/token?grant_type=refresh_token:0
[50066831ms] [ERROR] TypeError: Failed to fetch
    at http://localhost:3000/_next/static/chunks/node_modules_%40supabase_auth-js_dist_module_0.pzobh._.js:597:23
    at _handleRequest (http://localhost:3000/_next/static/chunks/node_modules_%40supabase_auth-js_dist_module_0.pzobh._.js:951:24)
    at _request (http://localhost:3000/_next/static/chunks/node_modules_%40supabase_auth-js_dist_module_0.pzobh._.js:938:24)
    at http://localhost:3000/_next/static/chunks/node_modules_%40supabase_auth-js_dist_module_0.pzobh._.js:7482:220
    at async http://localhost:3000/_next/static/chunks/node_modules_%40supabase_auth-js_dist_module_0.pzobh._.js:667:36 @ http://localhost:3000/_next/static/chunks/node_modules_next_dist_115brz8._.js:3272
[50071652ms] [ERROR] Failed to load resource: net::ERR_QUIC_PROTOCOL_ERROR @ https://wnitkyyodymmjedlttex.supabase.co/auth/v1/token?grant_type=refresh_token:0
[50071652ms] [ERROR] TypeError: Failed to fetch
    at http://localhost:3000/_next/static/chunks/node_modules_%40supabase_auth-js_dist_module_0.pzobh._.js:597:23
    at _handleRequest (http://localhost:3000/_next/static/chunks/node_modules_%40supabase_auth-js_dist_module_0.pzobh._.js:951:24)
    at _request (http://localhost:3000/_next/static/chunks/node_modules_%40supabase_auth-js_dist_module_0.pzobh._.js:938:24)
    at http://localhost:3000/_next/static/chunks/node_modules_%40supabase_auth-js_dist_module_0.pzobh._.js:7482:220
    at async http://localhost:3000/_next/static/chunks/node_modules_%40supabase_auth-js_dist_module_0.pzobh._.js:667:36 @ http://localhost:3000/_next/static/chunks/node_modules_next_dist_115brz8._.js:3272
[50077282ms] [ERROR] Failed to load resource: net::ERR_QUIC_PROTOCOL_ERROR @ https://wnitkyyodymmjedlttex.supabase.co/auth/v1/token?grant_type=refresh_token:0
[50077282ms] [ERROR] TypeError: Failed to fetch
    at http://localhost:3000/_next/static/chunks/node_modules_%40supabase_auth-js_dist_module_0.pzobh._.js:597:23
    at _handleRequest (http://localhost:3000/_next/static/chunks/node_modules_%40supabase_auth-js_dist_module_0.pzobh._.js:951:24)
    at _request (http://localhost:3000/_next/static/chunks/node_modules_%40supabase_auth-js_dist_module_0.pzobh._.js:938:24)
    at http://localhost:3000/_next/static/chunks/node_modules_%40supabase_auth-js_dist_module_0.pzobh._.js:7482:220
    at async http://localhost:3000/_next/static/chunks/node_modules_%40supabase_auth-js_dist_module_0.pzobh._.js:667:36 @ http://localhost:3000/_next/static/chunks/node_modules_next_dist_115brz8._.js:3272
[50084495ms] [ERROR] Failed to load resource: net::ERR_QUIC_PROTOCOL_ERROR @ https://wnitkyyodymmjedlttex.supabase.co/auth/v1/token?grant_type=refresh_token:0
[50084495ms] [ERROR] TypeError: Failed to fetch
    at http://localhost:3000/_next/static/chunks/node_modules_%40supabase_auth-js_dist_module_0.pzobh._.js:597:23
    at _handleRequest (http://localhost:3000/_next/static/chunks/node_modules_%40supabase_auth-js_dist_module_0.pzobh._.js:951:24)
    at _request (http://localhost:3000/_next/static/chunks/node_modules_%40supabase_auth-js_dist_module_0.pzobh._.js:938:24)
    at http://localhost:3000/_next/static/chunks/node_modules_%40supabase_auth-js_dist_module_0.pzobh._.js:7482:220
    at async http://localhost:3000/_next/static/chunks/node_modules_%40supabase_auth-js_dist_module_0.pzobh._.js:667:36 @ http://localhost:3000/_next/static/chunks/node_modules_next_dist_115brz8._.js:3272
[50088501ms] [ERROR] Failed to load resource: net::ERR_QUIC_PROTOCOL_ERROR @ https://wnitkyyodymmjedlttex.supabase.co/auth/v1/token?grant_type=refresh_token:0
[50088501ms] [ERROR] TypeError: Failed to fetch
    at http://localhost:3000/_next/static/chunks/node_modules_%40supabase_auth-js_dist_module_0.pzobh._.js:597:23
    at _handleRequest (http://localhost:3000/_next/static/chunks/node_modules_%40supabase_auth-js_dist_module_0.pzobh._.js:951:24)
    at _request (http://localhost:3000/_next/static/chunks/node_modules_%40supabase_auth-js_dist_module_0.pzobh._.js:938:24)
    at http://localhost:3000/_next/static/chunks/node_modules_%40supabase_auth-js_dist_module_0.pzobh._.js:7482:220
    at http://localhost:3000/_next/static/chunks/node_modules_%40supabase_auth-js_dist_module_0.pzobh._.js:667:42
    at http://localhost:3000/_next/static/chunks/node_modules_%40supabase_auth-js_dist_module_0.pzobh._.js:679:11
    at new Promise (<anonymous>)
    at retryable (http://localhost:3000/_next/static/chunks/node_modules_%40supabase_auth-js_dist_module_0.pzobh._.js:661:21)
    at SupabaseAuthClient._refreshAccessToken (http://localhost:3000/_next/static/chunks/node_modules_%40supabase_auth-js_dist_module_0.pzobh._.js:7477:219)
    at SupabaseAuthClient._callRefreshToken (http://localhost:3000/_next/static/chunks/node_modules_%40supabase_auth-js_dist_module_0.pzobh._.js:7633:48)
    at SupabaseAuthClient.__loadSession (http://localhost:3000/_next/static/chunks/node_modules_%40supabase_auth-js_dist_module_0.pzobh._.js:5996:57)
    at async SupabaseAuthClient._useSession (http://localhost:3000/_next/static/chunks/node_modules_%40supabase_auth-js_dist_module_0.pzobh._.js:5926:28)
    at async http://localhost:3000/_next/static/chunks/node_modules_%40supabase_auth-js_dist_module_0.pzobh._.js:7903:32
    at async http://localhost:3000/_next/static/chunks/node_modules_%40supabase_auth-js_dist_module_0.pzobh._.js:5875:28 @ http://localhost:3000/_next/static/chunks/node_modules_next_dist_115brz8._.js:3272
[50092714ms] [ERROR] Failed to load resource: net::ERR_QUIC_PROTOCOL_ERROR @ https://wnitkyyodymmjedlttex.supabase.co/auth/v1/token?grant_type=refresh_token:0
[50092715ms] [ERROR] TypeError: Failed to fetch
    at http://localhost:3000/_next/static/chunks/node_modules_%40supabase_auth-js_dist_module_0.pzobh._.js:597:23
    at _handleRequest (http://localhost:3000/_next/static/chunks/node_modules_%40supabase_auth-js_dist_module_0.pzobh._.js:951:24)
    at _request (http://localhost:3000/_next/static/chunks/node_modules_%40supabase_auth-js_dist_module_0.pzobh._.js:938:24)
    at http://localhost:3000/_next/static/chunks/node_modules_%40supabase_auth-js_dist_module_0.pzobh._.js:7482:220
    at async http://localhost:3000/_next/static/chunks/node_modules_%40supabase_auth-js_dist_module_0.pzobh._.js:667:36 @ http://localhost:3000/_next/static/chunks/node_modules_next_dist_115brz8._.js:3272
[50097133ms] [ERROR] Failed to load resource: net::ERR_QUIC_PROTOCOL_ERROR @ https://wnitkyyodymmjedlttex.supabase.co/auth/v1/token?grant_type=refresh_token:0
[50097133ms] [ERROR] TypeError: Failed to fetch
    at http://localhost:3000/_next/static/chunks/node_modules_%40supabase_auth-js_dist_module_0.pzobh._.js:597:23
    at _handleRequest (http://localhost:3000/_next/static/chunks/node_modules_%40supabase_auth-js_dist_module_0.pzobh._.js:951:24)
    at _request (http://localhost:3000/_next/static/chunks/node_modules_%40supabase_auth-js_dist_module_0.pzobh._.js:938:24)
    at http://localhost:3000/_next/static/chunks/node_modules_%40supabase_auth-js_dist_module_0.pzobh._.js:7482:220
    at async http://localhost:3000/_next/static/chunks/node_modules_%40supabase_auth-js_dist_module_0.pzobh._.js:667:36 @ http://localhost:3000/_next/static/chunks/node_modules_next_dist_115brz8._.js:3272
[50101941ms] [ERROR] Failed to load resource: net::ERR_QUIC_PROTOCOL_ERROR @ https://wnitkyyodymmjedlttex.supabase.co/auth/v1/token?grant_type=refresh_token:0
[50101941ms] [ERROR] TypeError: Failed to fetch
    at http://localhost:3000/_next/static/chunks/node_modules_%40supabase_auth-js_dist_module_0.pzobh._.js:597:23
    at _handleRequest (http://localhost:3000/_next/static/chunks/node_modules_%40supabase_auth-js_dist_module_0.pzobh._.js:951:24)
    at _request (http://localhost:3000/_next/static/chunks/node_modules_%40supabase_auth-js_dist_module_0.pzobh._.js:938:24)
    at http://localhost:3000/_next/static/chunks/node_modules_%40supabase_auth-js_dist_module_0.pzobh._.js:7482:220
    at async http://localhost:3000/_next/static/chunks/node_modules_%40supabase_auth-js_dist_module_0.pzobh._.js:667:36 @ http://localhost:3000/_next/static/chunks/node_modules_next_dist_115brz8._.js:3272
[50107574ms] [ERROR] Failed to load resource: net::ERR_QUIC_PROTOCOL_ERROR @ https://wnitkyyodymmjedlttex.supabase.co/auth/v1/token?grant_type=refresh_token:0
[50107574ms] [ERROR] TypeError: Failed to fetch
    at http://localhost:3000/_next/static/chunks/node_modules_%40supabase_auth-js_dist_module_0.pzobh._.js:597:23
    at _handleRequest (http://localhost:3000/_next/static/chunks/node_modules_%40supabase_auth-js_dist_module_0.pzobh._.js:951:24)
    at _request (http://localhost:3000/_next/static/chunks/node_modules_%40supabase_auth-js_dist_module_0.pzobh._.js:938:24)
    at http://localhost:3000/_next/static/chunks/node_modules_%40supabase_auth-js_dist_module_0.pzobh._.js:7482:220
    at async http://localhost:3000/_next/static/chunks/node_modules_%40supabase_auth-js_dist_module_0.pzobh._.js:667:36 @ http://localhost:3000/_next/static/chunks/node_modules_next_dist_115brz8._.js:3272
[50114791ms] [ERROR] Failed to load resource: net::ERR_QUIC_PROTOCOL_ERROR @ https://wnitkyyodymmjedlttex.supabase.co/auth/v1/token?grant_type=refresh_token:0
[50114792ms] [ERROR] TypeError: Failed to fetch
    at http://localhost:3000/_next/static/chunks/node_modules_%40supabase_auth-js_dist_module_0.pzobh._.js:597:23
    at _handleRequest (http://localhost:3000/_next/static/chunks/node_modules_%40supabase_auth-js_dist_module_0.pzobh._.js:951:24)
    at _request (http://localhost:3000/_next/static/chunks/node_modules_%40supabase_auth-js_dist_module_0.pzobh._.js:938:24)
    at http://localhost:3000/_next/static/chunks/node_modules_%40supabase_auth-js_dist_module_0.pzobh._.js:7482:220
    at async http://localhost:3000/_next/static/chunks/node_modules_%40supabase_auth-js_dist_module_0.pzobh._.js:667:36 @ http://localhost:3000/_next/static/chunks/node_modules_next_dist_115brz8._.js:3272
[50118799ms] [ERROR] Failed to load resource: net::ERR_QUIC_PROTOCOL_ERROR @ https://wnitkyyodymmjedlttex.supabase.co/auth/v1/token?grant_type=refresh_token:0
[50118799ms] [ERROR] TypeError: Failed to fetch
    at http://localhost:3000/_next/static/chunks/node_modules_%40supabase_auth-js_dist_module_0.pzobh._.js:597:23
    at _handleRequest (http://localhost:3000/_next/static/chunks/node_modules_%40supabase_auth-js_dist_module_0.pzobh._.js:951:24)
    at _request (http://localhost:3000/_next/static/chunks/node_modules_%40supabase_auth-js_dist_module_0.pzobh._.js:938:24)
    at http://localhost:3000/_next/static/chunks/node_modules_%40supabase_auth-js_dist_module_0.pzobh._.js:7482:220
    at http://localhost:3000/_next/static/chunks/node_modules_%40supabase_auth-js_dist_module_0.pzobh._.js:667:42
    at http://localhost:3000/_next/static/chunks/node_modules_%40supabase_auth-js_dist_module_0.pzobh._.js:679:11
    at new Promise (<anonymous>)
    at retryable (http://localhost:3000/_next/static/chunks/node_modules_%40supabase_auth-js_dist_module_0.pzobh._.js:661:21)
    at SupabaseAuthClient._refreshAccessToken (http://localhost:3000/_next/static/chunks/node_modules_%40supabase_auth-js_dist_module_0.pzobh._.js:7477:219)
    at SupabaseAuthClient._callRefreshToken (http://localhost:3000/_next/static/chunks/node_modules_%40supabase_auth-js_dist_module_0.pzobh._.js:7633:48)
    at SupabaseAuthClient.__loadSession (http://localhost:3000/_next/static/chunks/node_modules_%40supabase_auth-js_dist_module_0.pzobh._.js:5996:57)
    at async SupabaseAuthClient._useSession (http://localhost:3000/_next/static/chunks/node_modules_%40supabase_auth-js_dist_module_0.pzobh._.js:5926:28)
    at async http://localhost:3000/_next/static/chunks/node_modules_%40supabase_auth-js_dist_module_0.pzobh._.js:7903:32
    at async http://localhost:3000/_next/static/chunks/node_modules_%40supabase_auth-js_dist_module_0.pzobh._.js:5875:28 @ http://localhost:3000/_next/static/chunks/node_modules_next_dist_115brz8._.js:3272
[50123020ms] [ERROR] Failed to load resource: net::ERR_QUIC_PROTOCOL_ERROR @ https://wnitkyyodymmjedlttex.supabase.co/auth/v1/token?grant_type=refresh_token:0
[50123020ms] [ERROR] TypeError: Failed to fetch
    at http://localhost:3000/_next/static/chunks/node_modules_%40supabase_auth-js_dist_module_0.pzobh._.js:597:23
    at _handleRequest (http://localhost:3000/_next/static/chunks/node_modules_%40supabase_auth-js_dist_module_0.pzobh._.js:951:24)
    at _request (http://localhost:3000/_next/static/chunks/node_modules_%40supabase_auth-js_dist_module_0.pzobh._.js:938:24)
    at http://localhost:3000/_next/static/chunks/node_modules_%40supabase_auth-js_dist_module_0.pzobh._.js:7482:220
    at async http://localhost:3000/_next/static/chunks/node_modules_%40supabase_auth-js_dist_module_0.pzobh._.js:667:36 @ http://localhost:3000/_next/static/chunks/node_modules_next_dist_115brz8._.js:3272
[50127439ms] [ERROR] Failed to load resource: net::ERR_QUIC_PROTOCOL_ERROR @ https://wnitkyyodymmjedlttex.supabase.co/auth/v1/token?grant_type=refresh_token:0
[50127439ms] [ERROR] TypeError: Failed to fetch
    at http://localhost:3000/_next/static/chunks/node_modules_%40supabase_auth-js_dist_module_0.pzobh._.js:597:23
    at _handleRequest (http://localhost:3000/_next/static/chunks/node_modules_%40supabase_auth-js_dist_module_0.pzobh._.js:951:24)
    at _request (http://localhost:3000/_next/static/chunks/node_modules_%40supabase_auth-js_dist_module_0.pzobh._.js:938:24)
    at http://localhost:3000/_next/static/chunks/node_modules_%40supabase_auth-js_dist_module_0.pzobh._.js:7482:220
    at async http://localhost:3000/_next/static/chunks/node_modules_%40supabase_auth-js_dist_module_0.pzobh._.js:667:36 @ http://localhost:3000/_next/static/chunks/node_modules_next_dist_115brz8._.js:3272
[50132267ms] [ERROR] Failed to load resource: net::ERR_QUIC_PROTOCOL_ERROR @ https://wnitkyyodymmjedlttex.supabase.co/auth/v1/token?grant_type=refresh_token:0
[50132267ms] [ERROR] TypeError: Failed to fetch
    at http://localhost:3000/_next/static/chunks/node_modules_%40supabase_auth-js_dist_module_0.pzobh._.js:597:23
    at _handleRequest (http://localhost:3000/_next/static/chunks/node_modules_%40supabase_auth-js_dist_module_0.pzobh._.js:951:24)
    at _request (http://localhost:3000/_next/static/chunks/node_modules_%40supabase_auth-js_dist_module_0.pzobh._.js:938:24)
    at http://localhost:3000/_next/static/chunks/node_modules_%40supabase_auth-js_dist_module_0.pzobh._.js:7482:220
    at async http://localhost:3000/_next/static/chunks/node_modules_%40supabase_auth-js_dist_module_0.pzobh._.js:667:36 @ http://localhost:3000/_next/static/chunks/node_modules_next_dist_115brz8._.js:3272
[50137879ms] [ERROR] Failed to load resource: net::ERR_QUIC_PROTOCOL_ERROR @ https://wnitkyyodymmjedlttex.supabase.co/auth/v1/token?grant_type=refresh_token:0
[50137880ms] [ERROR] TypeError: Failed to fetch
    at http://localhost:3000/_next/static/chunks/node_modules_%40supabase_auth-js_dist_module_0.pzobh._.js:597:23
    at _handleRequest (http://localhost:3000/_next/static/chunks/node_modules_%40supabase_auth-js_dist_module_0.pzobh._.js:951:24)
    at _request (http://localhost:3000/_next/static/chunks/node_modules_%40supabase_auth-js_dist_module_0.pzobh._.js:938:24)
    at http://localhost:3000/_next/static/chunks/node_modules_%40supabase_auth-js_dist_module_0.pzobh._.js:7482:220
    at async http://localhost:3000/_next/static/chunks/node_modules_%40supabase_auth-js_dist_module_0.pzobh._.js:667:36 @ http://localhost:3000/_next/static/chunks/node_modules_next_dist_115brz8._.js:3272
[50145108ms] [ERROR] Failed to load resource: net::ERR_QUIC_PROTOCOL_ERROR @ https://wnitkyyodymmjedlttex.supabase.co/auth/v1/token?grant_type=refresh_token:0
[50145108ms] [ERROR] TypeError: Failed to fetch
    at http://localhost:3000/_next/static/chunks/node_modules_%40supabase_auth-js_dist_module_0.pzobh._.js:597:23
    at _handleRequest (http://localhost:3000/_next/static/chunks/node_modules_%40supabase_auth-js_dist_module_0.pzobh._.js:951:24)
    at _request (http://localhost:3000/_next/static/chunks/node_modules_%40supabase_auth-js_dist_module_0.pzobh._.js:938:24)
    at http://localhost:3000/_next/static/chunks/node_modules_%40supabase_auth-js_dist_module_0.pzobh._.js:7482:220
    at async http://localhost:3000/_next/static/chunks/node_modules_%40supabase_auth-js_dist_module_0.pzobh._.js:667:36 @ http://localhost:3000/_next/static/chunks/node_modules_next_dist_115brz8._.js:3272
[50149125ms] [ERROR] Failed to load resource: net::ERR_QUIC_PROTOCOL_ERROR @ https://wnitkyyodymmjedlttex.supabase.co/auth/v1/token?grant_type=refresh_token:0
[50149126ms] [ERROR] TypeError: Failed to fetch
    at http://localhost:3000/_next/static/chunks/node_modules_%40supabase_auth-js_dist_module_0.pzobh._.js:597:23
    at _handleRequest (http://localhost:3000/_next/static/chunks/node_modules_%40supabase_auth-js_dist_module_0.pzobh._.js:951:24)
    at _request (http://localhost:3000/_next/static/chunks/node_modules_%40supabase_auth-js_dist_module_0.pzobh._.js:938:24)
    at http://localhost:3000/_next/static/chunks/node_modules_%40supabase_auth-js_dist_module_0.pzobh._.js:7482:220
    at http://localhost:3000/_next/static/chunks/node_modules_%40supabase_auth-js_dist_module_0.pzobh._.js:667:42
    at http://localhost:3000/_next/static/chunks/node_modules_%40supabase_auth-js_dist_module_0.pzobh._.js:679:11
    at new Promise (<anonymous>)
    at retryable (http://localhost:3000/_next/static/chunks/node_modules_%40supabase_auth-js_dist_module_0.pzobh._.js:661:21)
    at SupabaseAuthClient._refreshAccessToken (http://localhost:3000/_next/static/chunks/node_modules_%40supabase_auth-js_dist_module_0.pzobh._.js:7477:219)
    at SupabaseAuthClient._callRefreshToken (http://localhost:3000/_next/static/chunks/node_modules_%40supabase_auth-js_dist_module_0.pzobh._.js:7633:48)
    at SupabaseAuthClient.__loadSession (http://localhost:3000/_next/static/chunks/node_modules_%40supabase_auth-js_dist_module_0.pzobh._.js:5996:57)
    at async SupabaseAuthClient._useSession (http://localhost:3000/_next/static/chunks/node_modules_%40supabase_auth-js_dist_module_0.pzobh._.js:5926:28)
    at async http://localhost:3000/_next/static/chunks/node_modules_%40supabase_auth-js_dist_module_0.pzobh._.js:7903:32
    at async http://localhost:3000/_next/static/chunks/node_modules_%40supabase_auth-js_dist_module_0.pzobh._.js:5875:28 @ http://localhost:3000/_next/static/chunks/node_modules_next_dist_115brz8._.js:3272
[50153335ms] [ERROR] Failed to load resource: net::ERR_QUIC_PROTOCOL_ERROR @ https://wnitkyyodymmjedlttex.supabase.co/auth/v1/token?grant_type=refresh_token:0
[50153335ms] [ERROR] TypeError: Failed to fetch
    at http://localhost:3000/_next/static/chunks/node_modules_%40supabase_auth-js_dist_module_0.pzobh._.js:597:23
    at _handleRequest (http://localhost:3000/_next/static/chunks/node_modules_%40supabase_auth-js_dist_module_0.pzobh._.js:951:24)
    at _request (http://localhost:3000/_next/static/chunks/node_modules_%40supabase_auth-js_dist_module_0.pzobh._.js:938:24)
    at http://localhost:3000/_next/static/chunks/node_modules_%40supabase_auth-js_dist_module_0.pzobh._.js:7482:220
    at async http://localhost:3000/_next/static/chunks/node_modules_%40supabase_auth-js_dist_module_0.pzobh._.js:667:36 @ http://localhost:3000/_next/static/chunks/node_modules_next_dist_115brz8._.js:3272
[50157752ms] [ERROR] Failed to load resource: net::ERR_QUIC_PROTOCOL_ERROR @ https://wnitkyyodymmjedlttex.supabase.co/auth/v1/token?grant_type=refresh_token:0
[50157752ms] [ERROR] TypeError: Failed to fetch
    at http://localhost:3000/_next/static/chunks/node_modules_%40supabase_auth-js_dist_module_0.pzobh._.js:597:23
    at _handleRequest (http://localhost:3000/_next/static/chunks/node_modules_%40supabase_auth-js_dist_module_0.pzobh._.js:951:24)
    at _request (http://localhost:3000/_next/static/chunks/node_modules_%40supabase_auth-js_dist_module_0.pzobh._.js:938:24)
    at http://localhost:3000/_next/static/chunks/node_modules_%40supabase_auth-js_dist_module_0.pzobh._.js:7482:220
    at async http://localhost:3000/_next/static/chunks/node_modules_%40supabase_auth-js_dist_module_0.pzobh._.js:667:36 @ http://localhost:3000/_next/static/chunks/node_modules_next_dist_115brz8._.js:3272
[50162556ms] [ERROR] Failed to load resource: net::ERR_QUIC_PROTOCOL_ERROR @ https://wnitkyyodymmjedlttex.supabase.co/auth/v1/token?grant_type=refresh_token:0
[50162556ms] [ERROR] TypeError: Failed to fetch
    at http://localhost:3000/_next/static/chunks/node_modules_%40supabase_auth-js_dist_module_0.pzobh._.js:597:23
    at _handleRequest (http://localhost:3000/_next/static/chunks/node_modules_%40supabase_auth-js_dist_module_0.pzobh._.js:951:24)
    at _request (http://localhost:3000/_next/static/chunks/node_modules_%40supabase_auth-js_dist_module_0.pzobh._.js:938:24)
    at http://localhost:3000/_next/static/chunks/node_modules_%40supabase_auth-js_dist_module_0.pzobh._.js:7482:220
    at async http://localhost:3000/_next/static/chunks/node_modules_%40supabase_auth-js_dist_module_0.pzobh._.js:667:36 @ http://localhost:3000/_next/static/chunks/node_modules_next_dist_115brz8._.js:3272
[50168183ms] [ERROR] Failed to load resource: net::ERR_QUIC_PROTOCOL_ERROR @ https://wnitkyyodymmjedlttex.supabase.co/auth/v1/token?grant_type=refresh_token:0
[50168183ms] [ERROR] TypeError: Failed to fetch
    at http://localhost:3000/_next/static/chunks/node_modules_%40supabase_auth-js_dist_module_0.pzobh._.js:597:23
    at _handleRequest (http://localhost:3000/_next/static/chunks/node_modules_%40supabase_auth-js_dist_module_0.pzobh._.js:951:24)
    at _request (http://localhost:3000/_next/static/chunks/node_modules_%40supabase_auth-js_dist_module_0.pzobh._.js:938:24)
    at http://localhost:3000/_next/static/chunks/node_modules_%40supabase_auth-js_dist_module_0.pzobh._.js:7482:220
    at async http://localhost:3000/_next/static/chunks/node_modules_%40supabase_auth-js_dist_module_0.pzobh._.js:667:36 @ http://localhost:3000/_next/static/chunks/node_modules_next_dist_115brz8._.js:3272
[50175405ms] [ERROR] Failed to load resource: net::ERR_QUIC_PROTOCOL_ERROR @ https://wnitkyyodymmjedlttex.supabase.co/auth/v1/token?grant_type=refresh_token:0
[50175406ms] [ERROR] TypeError: Failed to fetch
    at http://localhost:3000/_next/static/chunks/node_modules_%40supabase_auth-js_dist_module_0.pzobh._.js:597:23
    at _handleRequest (http://localhost:3000/_next/static/chunks/node_modules_%40supabase_auth-js_dist_module_0.pzobh._.js:951:24)
    at _request (http://localhost:3000/_next/static/chunks/node_modules_%40supabase_auth-js_dist_module_0.pzobh._.js:938:24)
    at http://localhost:3000/_next/static/chunks/node_modules_%40supabase_auth-js_dist_module_0.pzobh._.js:7482:220
    at async http://localhost:3000/_next/static/chunks/node_modules_%40supabase_auth-js_dist_module_0.pzobh._.js:667:36 @ http://localhost:3000/_next/static/chunks/node_modules_next_dist_115brz8._.js:3272
[50179421ms] [ERROR] Failed to load resource: net::ERR_QUIC_PROTOCOL_ERROR @ https://wnitkyyodymmjedlttex.supabase.co/auth/v1/token?grant_type=refresh_token:0
[50179422ms] [ERROR] TypeError: Failed to fetch
    at http://localhost:3000/_next/static/chunks/node_modules_%40supabase_auth-js_dist_module_0.pzobh._.js:597:23
    at _handleRequest (http://localhost:3000/_next/static/chunks/node_modules_%40supabase_auth-js_dist_module_0.pzobh._.js:951:24)
    at _request (http://localhost:3000/_next/static/chunks/node_modules_%40supabase_auth-js_dist_module_0.pzobh._.js:938:24)
    at http://localhost:3000/_next/static/chunks/node_modules_%40supabase_auth-js_dist_module_0.pzobh._.js:7482:220
    at http://localhost:3000/_next/static/chunks/node_modules_%40supabase_auth-js_dist_module_0.pzobh._.js:667:42
    at http://localhost:3000/_next/static/chunks/node_modules_%40supabase_auth-js_dist_module_0.pzobh._.js:679:11
    at new Promise (<anonymous>)
    at retryable (http://localhost:3000/_next/static/chunks/node_modules_%40supabase_auth-js_dist_module_0.pzobh._.js:661:21)
    at SupabaseAuthClient._refreshAccessToken (http://localhost:3000/_next/static/chunks/node_modules_%40supabase_auth-js_dist_module_0.pzobh._.js:7477:219)
    at SupabaseAuthClient._callRefreshToken (http://localhost:3000/_next/static/chunks/node_modules_%40supabase_auth-js_dist_module_0.pzobh._.js:7633:48)
    at SupabaseAuthClient.__loadSession (http://localhost:3000/_next/static/chunks/node_modules_%40supabase_auth-js_dist_module_0.pzobh._.js:5996:57)
    at async SupabaseAuthClient._useSession (http://localhost:3000/_next/static/chunks/node_modules_%40supabase_auth-js_dist_module_0.pzobh._.js:5926:28)
    at async http://localhost:3000/_next/static/chunks/node_modules_%40supabase_auth-js_dist_module_0.pzobh._.js:7903:32
    at async http://localhost:3000/_next/static/chunks/node_modules_%40supabase_auth-js_dist_module_0.pzobh._.js:5875:28 @ http://localhost:3000/_next/static/chunks/node_modules_next_dist_115brz8._.js:3272
[50183636ms] [ERROR] Failed to load resource: net::ERR_QUIC_PROTOCOL_ERROR @ https://wnitkyyodymmjedlttex.supabase.co/auth/v1/token?grant_type=refresh_token:0
[50183636ms] [ERROR] TypeError: Failed to fetch
    at http://localhost:3000/_next/static/chunks/node_modules_%40supabase_auth-js_dist_module_0.pzobh._.js:597:23
    at _handleRequest (http://localhost:3000/_next/static/chunks/node_modules_%40supabase_auth-js_dist_module_0.pzobh._.js:951:24)
    at _request (http://localhost:3000/_next/static/chunks/node_modules_%40supabase_auth-js_dist_module_0.pzobh._.js:938:24)
    at http://localhost:3000/_next/static/chunks/node_modules_%40supabase_auth-js_dist_module_0.pzobh._.js:7482:220
    at async http://localhost:3000/_next/static/chunks/node_modules_%40supabase_auth-js_dist_module_0.pzobh._.js:667:36 @ http://localhost:3000/_next/static/chunks/node_modules_next_dist_115brz8._.js:3272
[50188053ms] [ERROR] Failed to load resource: net::ERR_QUIC_PROTOCOL_ERROR @ https://wnitkyyodymmjedlttex.supabase.co/auth/v1/token?grant_type=refresh_token:0
[50188053ms] [ERROR] TypeError: Failed to fetch
    at http://localhost:3000/_next/static/chunks/node_modules_%40supabase_auth-js_dist_module_0.pzobh._.js:597:23
    at _handleRequest (http://localhost:3000/_next/static/chunks/node_modules_%40supabase_auth-js_dist_module_0.pzobh._.js:951:24)
    at _request (http://localhost:3000/_next/static/chunks/node_modules_%40supabase_auth-js_dist_module_0.pzobh._.js:938:24)
    at http://localhost:3000/_next/static/chunks/node_modules_%40supabase_auth-js_dist_module_0.pzobh._.js:7482:220
    at async http://localhost:3000/_next/static/chunks/node_modules_%40supabase_auth-js_dist_module_0.pzobh._.js:667:36 @ http://localhost:3000/_next/static/chunks/node_modules_next_dist_115brz8._.js:3272
[50192878ms] [ERROR] Failed to load resource: net::ERR_QUIC_PROTOCOL_ERROR @ https://wnitkyyodymmjedlttex.supabase.co/auth/v1/token?grant_type=refresh_token:0
[50192878ms] [ERROR] TypeError: Failed to fetch
    at http://localhost:3000/_next/static/chunks/node_modules_%40supabase_auth-js_dist_module_0.pzobh._.js:597:23
    at _handleRequest (http://localhost:3000/_next/static/chunks/node_modules_%40supabase_auth-js_dist_module_0.pzobh._.js:951:24)
    at _request (http://localhost:3000/_next/static/chunks/node_modules_%40supabase_auth-js_dist_module_0.pzobh._.js:938:24)
    at http://localhost:3000/_next/static/chunks/node_modules_%40supabase_auth-js_dist_module_0.pzobh._.js:7482:220
    at async http://localhost:3000/_next/static/chunks/node_modules_%40supabase_auth-js_dist_module_0.pzobh._.js:667:36 @ http://localhost:3000/_next/static/chunks/node_modules_next_dist_115brz8._.js:3272
[50198502ms] [ERROR] Failed to load resource: net::ERR_QUIC_PROTOCOL_ERROR @ https://wnitkyyodymmjedlttex.supabase.co/auth/v1/token?grant_type=refresh_token:0
[50198502ms] [ERROR] TypeError: Failed to fetch
    at http://localhost:3000/_next/static/chunks/node_modules_%40supabase_auth-js_dist_module_0.pzobh._.js:597:23
    at _handleRequest (http://localhost:3000/_next/static/chunks/node_modules_%40supabase_auth-js_dist_module_0.pzobh._.js:951:24)
    at _request (http://localhost:3000/_next/static/chunks/node_modules_%40supabase_auth-js_dist_module_0.pzobh._.js:938:24)
    at http://localhost:3000/_next/static/chunks/node_modules_%40supabase_auth-js_dist_module_0.pzobh._.js:7482:220
    at async http://localhost:3000/_next/static/chunks/node_modules_%40supabase_auth-js_dist_module_0.pzobh._.js:667:36 @ http://localhost:3000/_next/static/chunks/node_modules_next_dist_115brz8._.js:3272
[50205725ms] [ERROR] Failed to load resource: net::ERR_QUIC_PROTOCOL_ERROR @ https://wnitkyyodymmjedlttex.supabase.co/auth/v1/token?grant_type=refresh_token:0
[50205725ms] [ERROR] TypeError: Failed to fetch
    at http://localhost:3000/_next/static/chunks/node_modules_%40supabase_auth-js_dist_module_0.pzobh._.js:597:23
    at _handleRequest (http://localhost:3000/_next/static/chunks/node_modules_%40supabase_auth-js_dist_module_0.pzobh._.js:951:24)
    at _request (http://localhost:3000/_next/static/chunks/node_modules_%40supabase_auth-js_dist_module_0.pzobh._.js:938:24)
    at http://localhost:3000/_next/static/chunks/node_modules_%40supabase_auth-js_dist_module_0.pzobh._.js:7482:220
    at async http://localhost:3000/_next/static/chunks/node_modules_%40supabase_auth-js_dist_module_0.pzobh._.js:667:36 @ http://localhost:3000/_next/static/chunks/node_modules_next_dist_115brz8._.js:3272
[50209733ms] [ERROR] Failed to load resource: net::ERR_QUIC_PROTOCOL_ERROR @ https://wnitkyyodymmjedlttex.supabase.co/auth/v1/token?grant_type=refresh_token:0
[50209734ms] [ERROR] TypeError: Failed to fetch
    at http://localhost:3000/_next/static/chunks/node_modules_%40supabase_auth-js_dist_module_0.pzobh._.js:597:23
    at _handleRequest (http://localhost:3000/_next/static/chunks/node_modules_%40supabase_auth-js_dist_module_0.pzobh._.js:951:24)
    at _request (http://localhost:3000/_next/static/chunks/node_modules_%40supabase_auth-js_dist_module_0.pzobh._.js:938:24)
    at http://localhost:3000/_next/static/chunks/node_modules_%40supabase_auth-js_dist_module_0.pzobh._.js:7482:220
    at http://localhost:3000/_next/static/chunks/node_modules_%40supabase_auth-js_dist_module_0.pzobh._.js:667:42
    at http://localhost:3000/_next/static/chunks/node_modules_%40supabase_auth-js_dist_module_0.pzobh._.js:679:11
    at new Promise (<anonymous>)
    at retryable (http://localhost:3000/_next/static/chunks/node_modules_%40supabase_auth-js_dist_module_0.pzobh._.js:661:21)
    at SupabaseAuthClient._refreshAccessToken (http://localhost:3000/_next/static/chunks/node_modules_%40supabase_auth-js_dist_module_0.pzobh._.js:7477:219)
    at SupabaseAuthClient._callRefreshToken (http://localhost:3000/_next/static/chunks/node_modules_%40supabase_auth-js_dist_module_0.pzobh._.js:7633:48)
    at SupabaseAuthClient.__loadSession (http://localhost:3000/_next/static/chunks/node_modules_%40supabase_auth-js_dist_module_0.pzobh._.js:5996:57)
    at async SupabaseAuthClient._useSession (http://localhost:3000/_next/static/chunks/node_modules_%40supabase_auth-js_dist_module_0.pzobh._.js:5926:28)
    at async http://localhost:3000/_next/static/chunks/node_modules_%40supabase_auth-js_dist_module_0.pzobh._.js:7903:32
    at async http://localhost:3000/_next/static/chunks/node_modules_%40supabase_auth-js_dist_module_0.pzobh._.js:5875:28 @ http://localhost:3000/_next/static/chunks/node_modules_next_dist_115brz8._.js:3272
[50213941ms] [ERROR] Failed to load resource: net::ERR_QUIC_PROTOCOL_ERROR @ https://wnitkyyodymmjedlttex.supabase.co/auth/v1/token?grant_type=refresh_token:0
[50213941ms] [ERROR] TypeError: Failed to fetch
    at http://localhost:3000/_next/static/chunks/node_modules_%40supabase_auth-js_dist_module_0.pzobh._.js:597:23
    at _handleRequest (http://localhost:3000/_next/static/chunks/node_modules_%40supabase_auth-js_dist_module_0.pzobh._.js:951:24)
    at _request (http://localhost:3000/_next/static/chunks/node_modules_%40supabase_auth-js_dist_module_0.pzobh._.js:938:24)
    at http://localhost:3000/_next/static/chunks/node_modules_%40supabase_auth-js_dist_module_0.pzobh._.js:7482:220
    at async http://localhost:3000/_next/static/chunks/node_modules_%40supabase_auth-js_dist_module_0.pzobh._.js:667:36 @ http://localhost:3000/_next/static/chunks/node_modules_next_dist_115brz8._.js:3272
[50218370ms] [ERROR] Failed to load resource: net::ERR_QUIC_PROTOCOL_ERROR @ https://wnitkyyodymmjedlttex.supabase.co/auth/v1/token?grant_type=refresh_token:0
[50218370ms] [ERROR] TypeError: Failed to fetch
    at http://localhost:3000/_next/static/chunks/node_modules_%40supabase_auth-js_dist_module_0.pzobh._.js:597:23
    at _handleRequest (http://localhost:3000/_next/static/chunks/node_modules_%40supabase_auth-js_dist_module_0.pzobh._.js:951:24)
    at _request (http://localhost:3000/_next/static/chunks/node_modules_%40supabase_auth-js_dist_module_0.pzobh._.js:938:24)
    at http://localhost:3000/_next/static/chunks/node_modules_%40supabase_auth-js_dist_module_0.pzobh._.js:7482:220
    at async http://localhost:3000/_next/static/chunks/node_modules_%40supabase_auth-js_dist_module_0.pzobh._.js:667:36 @ http://localhost:3000/_next/static/chunks/node_modules_next_dist_115brz8._.js:3272
[50223196ms] [ERROR] Failed to load resource: net::ERR_QUIC_PROTOCOL_ERROR @ https://wnitkyyodymmjedlttex.supabase.co/auth/v1/token?grant_type=refresh_token:0
[50223196ms] [ERROR] TypeError: Failed to fetch
    at http://localhost:3000/_next/static/chunks/node_modules_%40supabase_auth-js_dist_module_0.pzobh._.js:597:23
    at _handleRequest (http://localhost:3000/_next/static/chunks/node_modules_%40supabase_auth-js_dist_module_0.pzobh._.js:951:24)
    at _request (http://localhost:3000/_next/static/chunks/node_modules_%40supabase_auth-js_dist_module_0.pzobh._.js:938:24)
    at http://localhost:3000/_next/static/chunks/node_modules_%40supabase_auth-js_dist_module_0.pzobh._.js:7482:220
    at async http://localhost:3000/_next/static/chunks/node_modules_%40supabase_auth-js_dist_module_0.pzobh._.js:667:36 @ http://localhost:3000/_next/static/chunks/node_modules_next_dist_115brz8._.js:3272
[50228817ms] [ERROR] Failed to load resource: net::ERR_QUIC_PROTOCOL_ERROR @ https://wnitkyyodymmjedlttex.supabase.co/auth/v1/token?grant_type=refresh_token:0
[50228817ms] [ERROR] TypeError: Failed to fetch
    at http://localhost:3000/_next/static/chunks/node_modules_%40supabase_auth-js_dist_module_0.pzobh._.js:597:23
    at _handleRequest (http://localhost:3000/_next/static/chunks/node_modules_%40supabase_auth-js_dist_module_0.pzobh._.js:951:24)
    at _request (http://localhost:3000/_next/static/chunks/node_modules_%40supabase_auth-js_dist_module_0.pzobh._.js:938:24)
    at http://localhost:3000/_next/static/chunks/node_modules_%40supabase_auth-js_dist_module_0.pzobh._.js:7482:220
    at async http://localhost:3000/_next/static/chunks/node_modules_%40supabase_auth-js_dist_module_0.pzobh._.js:667:36 @ http://localhost:3000/_next/static/chunks/node_modules_next_dist_115brz8._.js:3272
[50236024ms] [ERROR] Failed to load resource: net::ERR_QUIC_PROTOCOL_ERROR @ https://wnitkyyodymmjedlttex.supabase.co/auth/v1/token?grant_type=refresh_token:0
[50236025ms] [ERROR] TypeError: Failed to fetch
    at http://localhost:3000/_next/static/chunks/node_modules_%40supabase_auth-js_dist_module_0.pzobh._.js:597:23
    at _handleRequest (http://localhost:3000/_next/static/chunks/node_modules_%40supabase_auth-js_dist_module_0.pzobh._.js:951:24)
    at _request (http://localhost:3000/_next/static/chunks/node_modules_%40supabase_auth-js_dist_module_0.pzobh._.js:938:24)
    at http://localhost:3000/_next/static/chunks/node_modules_%40supabase_auth-js_dist_module_0.pzobh._.js:7482:220
    at async http://localhost:3000/_next/static/chunks/node_modules_%40supabase_auth-js_dist_module_0.pzobh._.js:667:36 @ http://localhost:3000/_next/static/chunks/node_modules_next_dist_115brz8._.js:3272
[50240041ms] [ERROR] Failed to load resource: net::ERR_QUIC_PROTOCOL_ERROR @ https://wnitkyyodymmjedlttex.supabase.co/auth/v1/token?grant_type=refresh_token:0
[50240041ms] [ERROR] TypeError: Failed to fetch
    at http://localhost:3000/_next/static/chunks/node_modules_%40supabase_auth-js_dist_module_0.pzobh._.js:597:23
    at _handleRequest (http://localhost:3000/_next/static/chunks/node_modules_%40supabase_auth-js_dist_module_0.pzobh._.js:951:24)
    at _request (http://localhost:3000/_next/static/chunks/node_modules_%40supabase_auth-js_dist_module_0.pzobh._.js:938:24)
    at http://localhost:3000/_next/static/chunks/node_modules_%40supabase_auth-js_dist_module_0.pzobh._.js:7482:220
    at http://localhost:3000/_next/static/chunks/node_modules_%40supabase_auth-js_dist_module_0.pzobh._.js:667:42
    at http://localhost:3000/_next/static/chunks/node_modules_%40supabase_auth-js_dist_module_0.pzobh._.js:679:11
    at new Promise (<anonymous>)
    at retryable (http://localhost:3000/_next/static/chunks/node_modules_%40supabase_auth-js_dist_module_0.pzobh._.js:661:21)
    at SupabaseAuthClient._refreshAccessToken (http://localhost:3000/_next/static/chunks/node_modules_%40supabase_auth-js_dist_module_0.pzobh._.js:7477:219)
    at SupabaseAuthClient._callRefreshToken (http://localhost:3000/_next/static/chunks/node_modules_%40supabase_auth-js_dist_module_0.pzobh._.js:7633:48)
    at SupabaseAuthClient.__loadSession (http://localhost:3000/_next/static/chunks/node_modules_%40supabase_auth-js_dist_module_0.pzobh._.js:5996:57)
    at async SupabaseAuthClient._useSession (http://localhost:3000/_next/static/chunks/node_modules_%40supabase_auth-js_dist_module_0.pzobh._.js:5926:28)
    at async http://localhost:3000/_next/static/chunks/node_modules_%40supabase_auth-js_dist_module_0.pzobh._.js:7903:32
    at async http://localhost:3000/_next/static/chunks/node_modules_%40supabase_auth-js_dist_module_0.pzobh._.js:5875:28 @ http://localhost:3000/_next/static/chunks/node_modules_next_dist_115brz8._.js:3272
[50244261ms] [ERROR] Failed to load resource: net::ERR_QUIC_PROTOCOL_ERROR @ https://wnitkyyodymmjedlttex.supabase.co/auth/v1/token?grant_type=refresh_token:0
[50244261ms] [ERROR] TypeError: Failed to fetch
    at http://localhost:3000/_next/static/chunks/node_modules_%40supabase_auth-js_dist_module_0.pzobh._.js:597:23
    at _handleRequest (http://localhost:3000/_next/static/chunks/node_modules_%40supabase_auth-js_dist_module_0.pzobh._.js:951:24)
    at _request (http://localhost:3000/_next/static/chunks/node_modules_%40supabase_auth-js_dist_module_0.pzobh._.js:938:24)
    at http://localhost:3000/_next/static/chunks/node_modules_%40supabase_auth-js_dist_module_0.pzobh._.js:7482:220
    at async http://localhost:3000/_next/static/chunks/node_modules_%40supabase_auth-js_dist_module_0.pzobh._.js:667:36 @ http://localhost:3000/_next/static/chunks/node_modules_next_dist_115brz8._.js:3272
[50248681ms] [ERROR] Failed to load resource: net::ERR_QUIC_PROTOCOL_ERROR @ https://wnitkyyodymmjedlttex.supabase.co/auth/v1/token?grant_type=refresh_token:0
[50248681ms] [ERROR] TypeError: Failed to fetch
    at http://localhost:3000/_next/static/chunks/node_modules_%40supabase_auth-js_dist_module_0.pzobh._.js:597:23
    at _handleRequest (http://localhost:3000/_next/static/chunks/node_modules_%40supabase_auth-js_dist_module_0.pzobh._.js:951:24)
    at _request (http://localhost:3000/_next/static/chunks/node_modules_%40supabase_auth-js_dist_module_0.pzobh._.js:938:24)
    at http://localhost:3000/_next/static/chunks/node_modules_%40supabase_auth-js_dist_module_0.pzobh._.js:7482:220
    at async http://localhost:3000/_next/static/chunks/node_modules_%40supabase_auth-js_dist_module_0.pzobh._.js:667:36 @ http://localhost:3000/_next/static/chunks/node_modules_next_dist_115brz8._.js:3272
[50253498ms] [ERROR] Failed to load resource: net::ERR_QUIC_PROTOCOL_ERROR @ https://wnitkyyodymmjedlttex.supabase.co/auth/v1/token?grant_type=refresh_token:0
[50253498ms] [ERROR] TypeError: Failed to fetch
    at http://localhost:3000/_next/static/chunks/node_modules_%40supabase_auth-js_dist_module_0.pzobh._.js:597:23
    at _handleRequest (http://localhost:3000/_next/static/chunks/node_modules_%40supabase_auth-js_dist_module_0.pzobh._.js:951:24)
    at _request (http://localhost:3000/_next/static/chunks/node_modules_%40supabase_auth-js_dist_module_0.pzobh._.js:938:24)
    at http://localhost:3000/_next/static/chunks/node_modules_%40supabase_auth-js_dist_module_0.pzobh._.js:7482:220
    at async http://localhost:3000/_next/static/chunks/node_modules_%40supabase_auth-js_dist_module_0.pzobh._.js:667:36 @ http://localhost:3000/_next/static/chunks/node_modules_next_dist_115brz8._.js:3272
[50259122ms] [ERROR] Failed to load resource: net::ERR_QUIC_PROTOCOL_ERROR @ https://wnitkyyodymmjedlttex.supabase.co/auth/v1/token?grant_type=refresh_token:0
[50259122ms] [ERROR] TypeError: Failed to fetch
    at http://localhost:3000/_next/static/chunks/node_modules_%40supabase_auth-js_dist_module_0.pzobh._.js:597:23
    at _handleRequest (http://localhost:3000/_next/static/chunks/node_modules_%40supabase_auth-js_dist_module_0.pzobh._.js:951:24)
    at _request (http://localhost:3000/_next/static/chunks/node_modules_%40supabase_auth-js_dist_module_0.pzobh._.js:938:24)
    at http://localhost:3000/_next/static/chunks/node_modules_%40supabase_auth-js_dist_module_0.pzobh._.js:7482:220
    at async http://localhost:3000/_next/static/chunks/node_modules_%40supabase_auth-js_dist_module_0.pzobh._.js:667:36 @ http://localhost:3000/_next/static/chunks/node_modules_next_dist_115brz8._.js:3272
[50266351ms] [ERROR] Failed to load resource: net::ERR_QUIC_PROTOCOL_ERROR @ https://wnitkyyodymmjedlttex.supabase.co/auth/v1/token?grant_type=refresh_token:0
[50266351ms] [ERROR] TypeError: Failed to fetch
    at http://localhost:3000/_next/static/chunks/node_modules_%40supabase_auth-js_dist_module_0.pzobh._.js:597:23
    at _handleRequest (http://localhost:3000/_next/static/chunks/node_modules_%40supabase_auth-js_dist_module_0.pzobh._.js:951:24)
    at _request (http://localhost:3000/_next/static/chunks/node_modules_%40supabase_auth-js_dist_module_0.pzobh._.js:938:24)
    at http://localhost:3000/_next/static/chunks/node_modules_%40supabase_auth-js_dist_module_0.pzobh._.js:7482:220
    at async http://localhost:3000/_next/static/chunks/node_modules_%40supabase_auth-js_dist_module_0.pzobh._.js:667:36 @ http://localhost:3000/_next/static/chunks/node_modules_next_dist_115brz8._.js:3272
[50270367ms] [ERROR] Failed to load resource: net::ERR_QUIC_PROTOCOL_ERROR @ https://wnitkyyodymmjedlttex.supabase.co/auth/v1/token?grant_type=refresh_token:0
[50270367ms] [ERROR] TypeError: Failed to fetch
    at http://localhost:3000/_next/static/chunks/node_modules_%40supabase_auth-js_dist_module_0.pzobh._.js:597:23
    at _handleRequest (http://localhost:3000/_next/static/chunks/node_modules_%40supabase_auth-js_dist_module_0.pzobh._.js:951:24)
    at _request (http://localhost:3000/_next/static/chunks/node_modules_%40supabase_auth-js_dist_module_0.pzobh._.js:938:24)
    at http://localhost:3000/_next/static/chunks/node_modules_%40supabase_auth-js_dist_module_0.pzobh._.js:7482:220
    at http://localhost:3000/_next/static/chunks/node_modules_%40supabase_auth-js_dist_module_0.pzobh._.js:667:42
    at http://localhost:3000/_next/static/chunks/node_modules_%40supabase_auth-js_dist_module_0.pzobh._.js:679:11
    at new Promise (<anonymous>)
    at retryable (http://localhost:3000/_next/static/chunks/node_modules_%40supabase_auth-js_dist_module_0.pzobh._.js:661:21)
    at SupabaseAuthClient._refreshAccessToken (http://localhost:3000/_next/static/chunks/node_modules_%40supabase_auth-js_dist_module_0.pzobh._.js:7477:219)
    at SupabaseAuthClient._callRefreshToken (http://localhost:3000/_next/static/chunks/node_modules_%40supabase_auth-js_dist_module_0.pzobh._.js:7633:48)
    at SupabaseAuthClient.__loadSession (http://localhost:3000/_next/static/chunks/node_modules_%40supabase_auth-js_dist_module_0.pzobh._.js:5996:57)
    at async SupabaseAuthClient._useSession (http://localhost:3000/_next/static/chunks/node_modules_%40supabase_auth-js_dist_module_0.pzobh._.js:5926:28)
    at async http://localhost:3000/_next/static/chunks/node_modules_%40supabase_auth-js_dist_module_0.pzobh._.js:7903:32
    at async http://localhost:3000/_next/static/chunks/node_modules_%40supabase_auth-js_dist_module_0.pzobh._.js:5875:28 @ http://localhost:3000/_next/static/chunks/node_modules_next_dist_115brz8._.js:3272
[50274589ms] [ERROR] Failed to load resource: net::ERR_QUIC_PROTOCOL_ERROR @ https://wnitkyyodymmjedlttex.supabase.co/auth/v1/token?grant_type=refresh_token:0
[50274589ms] [ERROR] TypeError: Failed to fetch
    at http://localhost:3000/_next/static/chunks/node_modules_%40supabase_auth-js_dist_module_0.pzobh._.js:597:23
    at _handleRequest (http://localhost:3000/_next/static/chunks/node_modules_%40supabase_auth-js_dist_module_0.pzobh._.js:951:24)
    at _request (http://localhost:3000/_next/static/chunks/node_modules_%40supabase_auth-js_dist_module_0.pzobh._.js:938:24)
    at http://localhost:3000/_next/static/chunks/node_modules_%40supabase_auth-js_dist_module_0.pzobh._.js:7482:220
    at async http://localhost:3000/_next/static/chunks/node_modules_%40supabase_auth-js_dist_module_0.pzobh._.js:667:36 @ http://localhost:3000/_next/static/chunks/node_modules_next_dist_115brz8._.js:3272
[50279005ms] [ERROR] Failed to load resource: net::ERR_QUIC_PROTOCOL_ERROR @ https://wnitkyyodymmjedlttex.supabase.co/auth/v1/token?grant_type=refresh_token:0
[50279005ms] [ERROR] TypeError: Failed to fetch
    at http://localhost:3000/_next/static/chunks/node_modules_%40supabase_auth-js_dist_module_0.pzobh._.js:597:23
    at _handleRequest (http://localhost:3000/_next/static/chunks/node_modules_%40supabase_auth-js_dist_module_0.pzobh._.js:951:24)
    at _request (http://localhost:3000/_next/static/chunks/node_modules_%40supabase_auth-js_dist_module_0.pzobh._.js:938:24)
    at http://localhost:3000/_next/static/chunks/node_modules_%40supabase_auth-js_dist_module_0.pzobh._.js:7482:220
    at async http://localhost:3000/_next/static/chunks/node_modules_%40supabase_auth-js_dist_module_0.pzobh._.js:667:36 @ http://localhost:3000/_next/static/chunks/node_modules_next_dist_115brz8._.js:3272
[50283819ms] [ERROR] Failed to load resource: net::ERR_QUIC_PROTOCOL_ERROR @ https://wnitkyyodymmjedlttex.supabase.co/auth/v1/token?grant_type=refresh_token:0
[50283819ms] [ERROR] TypeError: Failed to fetch
    at http://localhost:3000/_next/static/chunks/node_modules_%40supabase_auth-js_dist_module_0.pzobh._.js:597:23
    at _handleRequest (http://localhost:3000/_next/static/chunks/node_modules_%40supabase_auth-js_dist_module_0.pzobh._.js:951:24)
    at _request (http://localhost:3000/_next/static/chunks/node_modules_%40supabase_auth-js_dist_module_0.pzobh._.js:938:24)
    at http://localhost:3000/_next/static/chunks/node_modules_%40supabase_auth-js_dist_module_0.pzobh._.js:7482:220
    at async http://localhost:3000/_next/static/chunks/node_modules_%40supabase_auth-js_dist_module_0.pzobh._.js:667:36 @ http://localhost:3000/_next/static/chunks/node_modules_next_dist_115brz8._.js:3272
[50289446ms] [ERROR] Failed to load resource: net::ERR_QUIC_PROTOCOL_ERROR @ https://wnitkyyodymmjedlttex.supabase.co/auth/v1/token?grant_type=refresh_token:0
[50289447ms] [ERROR] TypeError: Failed to fetch
    at http://localhost:3000/_next/static/chunks/node_modules_%40supabase_auth-js_dist_module_0.pzobh._.js:597:23
    at _handleRequest (http://localhost:3000/_next/static/chunks/node_modules_%40supabase_auth-js_dist_module_0.pzobh._.js:951:24)
    at _request (http://localhost:3000/_next/static/chunks/node_modules_%40supabase_auth-js_dist_module_0.pzobh._.js:938:24)
    at http://localhost:3000/_next/static/chunks/node_modules_%40supabase_auth-js_dist_module_0.pzobh._.js:7482:220
    at async http://localhost:3000/_next/static/chunks/node_modules_%40supabase_auth-js_dist_module_0.pzobh._.js:667:36 @ http://localhost:3000/_next/static/chunks/node_modules_next_dist_115brz8._.js:3272
[50296661ms] [ERROR] Failed to load resource: net::ERR_QUIC_PROTOCOL_ERROR @ https://wnitkyyodymmjedlttex.supabase.co/auth/v1/token?grant_type=refresh_token:0
[50296661ms] [ERROR] TypeError: Failed to fetch
    at http://localhost:3000/_next/static/chunks/node_modules_%40supabase_auth-js_dist_module_0.pzobh._.js:597:23
    at _handleRequest (http://localhost:3000/_next/static/chunks/node_modules_%40supabase_auth-js_dist_module_0.pzobh._.js:951:24)
    at _request (http://localhost:3000/_next/static/chunks/node_modules_%40supabase_auth-js_dist_module_0.pzobh._.js:938:24)
    at http://localhost:3000/_next/static/chunks/node_modules_%40supabase_auth-js_dist_module_0.pzobh._.js:7482:220
    at async http://localhost:3000/_next/static/chunks/node_modules_%40supabase_auth-js_dist_module_0.pzobh._.js:667:36 @ http://localhost:3000/_next/static/chunks/node_modules_next_dist_115brz8._.js:3272
[50300679ms] [ERROR] Failed to load resource: net::ERR_QUIC_PROTOCOL_ERROR @ https://wnitkyyodymmjedlttex.supabase.co/auth/v1/token?grant_type=refresh_token:0
[50300679ms] [ERROR] TypeError: Failed to fetch
    at http://localhost:3000/_next/static/chunks/node_modules_%40supabase_auth-js_dist_module_0.pzobh._.js:597:23
    at _handleRequest (http://localhost:3000/_next/static/chunks/node_modules_%40supabase_auth-js_dist_module_0.pzobh._.js:951:24)
    at _request (http://localhost:3000/_next/static/chunks/node_modules_%40supabase_auth-js_dist_module_0.pzobh._.js:938:24)
    at http://localhost:3000/_next/static/chunks/node_modules_%40supabase_auth-js_dist_module_0.pzobh._.js:7482:220
    at http://localhost:3000/_next/static/chunks/node_modules_%40supabase_auth-js_dist_module_0.pzobh._.js:667:42
    at http://localhost:3000/_next/static/chunks/node_modules_%40supabase_auth-js_dist_module_0.pzobh._.js:679:11
    at new Promise (<anonymous>)
    at retryable (http://localhost:3000/_next/static/chunks/node_modules_%40supabase_auth-js_dist_module_0.pzobh._.js:661:21)
    at SupabaseAuthClient._refreshAccessToken (http://localhost:3000/_next/static/chunks/node_modules_%40supabase_auth-js_dist_module_0.pzobh._.js:7477:219)
    at SupabaseAuthClient._callRefreshToken (http://localhost:3000/_next/static/chunks/node_modules_%40supabase_auth-js_dist_module_0.pzobh._.js:7633:48)
    at SupabaseAuthClient.__loadSession (http://localhost:3000/_next/static/chunks/node_modules_%40supabase_auth-js_dist_module_0.pzobh._.js:5996:57)
    at async SupabaseAuthClient._useSession (http://localhost:3000/_next/static/chunks/node_modules_%40supabase_auth-js_dist_module_0.pzobh._.js:5926:28)
    at async http://localhost:3000/_next/static/chunks/node_modules_%40supabase_auth-js_dist_module_0.pzobh._.js:7903:32
    at async http://localhost:3000/_next/static/chunks/node_modules_%40supabase_auth-js_dist_module_0.pzobh._.js:5875:28 @ http://localhost:3000/_next/static/chunks/node_modules_next_dist_115brz8._.js:3272
[50304898ms] [ERROR] Failed to load resource: net::ERR_QUIC_PROTOCOL_ERROR @ https://wnitkyyodymmjedlttex.supabase.co/auth/v1/token?grant_type=refresh_token:0
[50304898ms] [ERROR] TypeError: Failed to fetch
    at http://localhost:3000/_next/static/chunks/node_modules_%40supabase_auth-js_dist_module_0.pzobh._.js:597:23
    at _handleRequest (http://localhost:3000/_next/static/chunks/node_modules_%40supabase_auth-js_dist_module_0.pzobh._.js:951:24)
    at _request (http://localhost:3000/_next/static/chunks/node_modules_%40supabase_auth-js_dist_module_0.pzobh._.js:938:24)
    at http://localhost:3000/_next/static/chunks/node_modules_%40supabase_auth-js_dist_module_0.pzobh._.js:7482:220
    at async http://localhost:3000/_next/static/chunks/node_modules_%40supabase_auth-js_dist_module_0.pzobh._.js:667:36 @ http://localhost:3000/_next/static/chunks/node_modules_next_dist_115brz8._.js:3272
[50309308ms] [ERROR] Failed to load resource: net::ERR_QUIC_PROTOCOL_ERROR @ https://wnitkyyodymmjedlttex.supabase.co/auth/v1/token?grant_type=refresh_token:0
[50309309ms] [ERROR] TypeError: Failed to fetch
    at http://localhost:3000/_next/static/chunks/node_modules_%40supabase_auth-js_dist_module_0.pzobh._.js:597:23
    at _handleRequest (http://localhost:3000/_next/static/chunks/node_modules_%40supabase_auth-js_dist_module_0.pzobh._.js:951:24)
    at _request (http://localhost:3000/_next/static/chunks/node_modules_%40supabase_auth-js_dist_module_0.pzobh._.js:938:24)
    at http://localhost:3000/_next/static/chunks/node_modules_%40supabase_auth-js_dist_module_0.pzobh._.js:7482:220
    at async http://localhost:3000/_next/static/chunks/node_modules_%40supabase_auth-js_dist_module_0.pzobh._.js:667:36 @ http://localhost:3000/_next/static/chunks/node_modules_next_dist_115brz8._.js:3272
[50314135ms] [ERROR] Failed to load resource: net::ERR_QUIC_PROTOCOL_ERROR @ https://wnitkyyodymmjedlttex.supabase.co/auth/v1/token?grant_type=refresh_token:0
[50314135ms] [ERROR] TypeError: Failed to fetch
    at http://localhost:3000/_next/static/chunks/node_modules_%40supabase_auth-js_dist_module_0.pzobh._.js:597:23
    at _handleRequest (http://localhost:3000/_next/static/chunks/node_modules_%40supabase_auth-js_dist_module_0.pzobh._.js:951:24)
    at _request (http://localhost:3000/_next/static/chunks/node_modules_%40supabase_auth-js_dist_module_0.pzobh._.js:938:24)
    at http://localhost:3000/_next/static/chunks/node_modules_%40supabase_auth-js_dist_module_0.pzobh._.js:7482:220
    at async http://localhost:3000/_next/static/chunks/node_modules_%40supabase_auth-js_dist_module_0.pzobh._.js:667:36 @ http://localhost:3000/_next/static/chunks/node_modules_next_dist_115brz8._.js:3272
[50319750ms] [ERROR] Failed to load resource: net::ERR_QUIC_PROTOCOL_ERROR @ https://wnitkyyodymmjedlttex.supabase.co/auth/v1/token?grant_type=refresh_token:0
[50319751ms] [ERROR] TypeError: Failed to fetch
    at http://localhost:3000/_next/static/chunks/node_modules_%40supabase_auth-js_dist_module_0.pzobh._.js:597:23
    at _handleRequest (http://localhost:3000/_next/static/chunks/node_modules_%40supabase_auth-js_dist_module_0.pzobh._.js:951:24)
    at _request (http://localhost:3000/_next/static/chunks/node_modules_%40supabase_auth-js_dist_module_0.pzobh._.js:938:24)
    at http://localhost:3000/_next/static/chunks/node_modules_%40supabase_auth-js_dist_module_0.pzobh._.js:7482:220
    at async http://localhost:3000/_next/static/chunks/node_modules_%40supabase_auth-js_dist_module_0.pzobh._.js:667:36 @ http://localhost:3000/_next/static/chunks/node_modules_next_dist_115brz8._.js:3272
[50326961ms] [ERROR] Failed to load resource: net::ERR_QUIC_PROTOCOL_ERROR @ https://wnitkyyodymmjedlttex.supabase.co/auth/v1/token?grant_type=refresh_token:0
[50326961ms] [ERROR] TypeError: Failed to fetch
    at http://localhost:3000/_next/static/chunks/node_modules_%40supabase_auth-js_dist_module_0.pzobh._.js:597:23
    at _handleRequest (http://localhost:3000/_next/static/chunks/node_modules_%40supabase_auth-js_dist_module_0.pzobh._.js:951:24)
    at _request (http://localhost:3000/_next/static/chunks/node_modules_%40supabase_auth-js_dist_module_0.pzobh._.js:938:24)
    at http://localhost:3000/_next/static/chunks/node_modules_%40supabase_auth-js_dist_module_0.pzobh._.js:7482:220
    at async http://localhost:3000/_next/static/chunks/node_modules_%40supabase_auth-js_dist_module_0.pzobh._.js:667:36 @ http://localhost:3000/_next/static/chunks/node_modules_next_dist_115brz8._.js:3272
[50330970ms] [ERROR] Failed to load resource: net::ERR_QUIC_PROTOCOL_ERROR @ https://wnitkyyodymmjedlttex.supabase.co/auth/v1/token?grant_type=refresh_token:0
[50330970ms] [ERROR] TypeError: Failed to fetch
    at http://localhost:3000/_next/static/chunks/node_modules_%40supabase_auth-js_dist_module_0.pzobh._.js:597:23
    at _handleRequest (http://localhost:3000/_next/static/chunks/node_modules_%40supabase_auth-js_dist_module_0.pzobh._.js:951:24)
    at _request (http://localhost:3000/_next/static/chunks/node_modules_%40supabase_auth-js_dist_module_0.pzobh._.js:938:24)
    at http://localhost:3000/_next/static/chunks/node_modules_%40supabase_auth-js_dist_module_0.pzobh._.js:7482:220
    at http://localhost:3000/_next/static/chunks/node_modules_%40supabase_auth-js_dist_module_0.pzobh._.js:667:42
    at http://localhost:3000/_next/static/chunks/node_modules_%40supabase_auth-js_dist_module_0.pzobh._.js:679:11
    at new Promise (<anonymous>)
    at retryable (http://localhost:3000/_next/static/chunks/node_modules_%40supabase_auth-js_dist_module_0.pzobh._.js:661:21)
    at SupabaseAuthClient._refreshAccessToken (http://localhost:3000/_next/static/chunks/node_modules_%40supabase_auth-js_dist_module_0.pzobh._.js:7477:219)
    at SupabaseAuthClient._callRefreshToken (http://localhost:3000/_next/static/chunks/node_modules_%40supabase_auth-js_dist_module_0.pzobh._.js:7633:48)
    at SupabaseAuthClient.__loadSession (http://localhost:3000/_next/static/chunks/node_modules_%40supabase_auth-js_dist_module_0.pzobh._.js:5996:57)
    at async SupabaseAuthClient._useSession (http://localhost:3000/_next/static/chunks/node_modules_%40supabase_auth-js_dist_module_0.pzobh._.js:5926:28)
    at async http://localhost:3000/_next/static/chunks/node_modules_%40supabase_auth-js_dist_module_0.pzobh._.js:7903:32
    at async http://localhost:3000/_next/static/chunks/node_modules_%40supabase_auth-js_dist_module_0.pzobh._.js:5875:28 @ http://localhost:3000/_next/static/chunks/node_modules_next_dist_115brz8._.js:3272
[50335190ms] [ERROR] Failed to load resource: net::ERR_QUIC_PROTOCOL_ERROR @ https://wnitkyyodymmjedlttex.supabase.co/auth/v1/token?grant_type=refresh_token:0
[50335190ms] [ERROR] TypeError: Failed to fetch
    at http://localhost:3000/_next/static/chunks/node_modules_%40supabase_auth-js_dist_module_0.pzobh._.js:597:23
    at _handleRequest (http://localhost:3000/_next/static/chunks/node_modules_%40supabase_auth-js_dist_module_0.pzobh._.js:951:24)
    at _request (http://localhost:3000/_next/static/chunks/node_modules_%40supabase_auth-js_dist_module_0.pzobh._.js:938:24)
    at http://localhost:3000/_next/static/chunks/node_modules_%40supabase_auth-js_dist_module_0.pzobh._.js:7482:220
    at async http://localhost:3000/_next/static/chunks/node_modules_%40supabase_auth-js_dist_module_0.pzobh._.js:667:36 @ http://localhost:3000/_next/static/chunks/node_modules_next_dist_115brz8._.js:3272
[50339634ms] [ERROR] Failed to load resource: net::ERR_QUIC_PROTOCOL_ERROR @ https://wnitkyyodymmjedlttex.supabase.co/auth/v1/token?grant_type=refresh_token:0
[50339634ms] [ERROR] TypeError: Failed to fetch
    at http://localhost:3000/_next/static/chunks/node_modules_%40supabase_auth-js_dist_module_0.pzobh._.js:597:23
    at _handleRequest (http://localhost:3000/_next/static/chunks/node_modules_%40supabase_auth-js_dist_module_0.pzobh._.js:951:24)
    at _request (http://localhost:3000/_next/static/chunks/node_modules_%40supabase_auth-js_dist_module_0.pzobh._.js:938:24)
    at http://localhost:3000/_next/static/chunks/node_modules_%40supabase_auth-js_dist_module_0.pzobh._.js:7482:220
    at async http://localhost:3000/_next/static/chunks/node_modules_%40supabase_auth-js_dist_module_0.pzobh._.js:667:36 @ http://localhost:3000/_next/static/chunks/node_modules_next_dist_115brz8._.js:3272
[50344451ms] [ERROR] Failed to load resource: net::ERR_QUIC_PROTOCOL_ERROR @ https://wnitkyyodymmjedlttex.supabase.co/auth/v1/token?grant_type=refresh_token:0
[50344451ms] [ERROR] TypeError: Failed to fetch
    at http://localhost:3000/_next/static/chunks/node_modules_%40supabase_auth-js_dist_module_0.pzobh._.js:597:23
    at _handleRequest (http://localhost:3000/_next/static/chunks/node_modules_%40supabase_auth-js_dist_module_0.pzobh._.js:951:24)
    at _request (http://localhost:3000/_next/static/chunks/node_modules_%40supabase_auth-js_dist_module_0.pzobh._.js:938:24)
    at http://localhost:3000/_next/static/chunks/node_modules_%40supabase_auth-js_dist_module_0.pzobh._.js:7482:220
    at async http://localhost:3000/_next/static/chunks/node_modules_%40supabase_auth-js_dist_module_0.pzobh._.js:667:36 @ http://localhost:3000/_next/static/chunks/node_modules_next_dist_115brz8._.js:3272
[50350064ms] [ERROR] Failed to load resource: net::ERR_QUIC_PROTOCOL_ERROR @ https://wnitkyyodymmjedlttex.supabase.co/auth/v1/token?grant_type=refresh_token:0
[50350064ms] [ERROR] TypeError: Failed to fetch
    at http://localhost:3000/_next/static/chunks/node_modules_%40supabase_auth-js_dist_module_0.pzobh._.js:597:23
    at _handleRequest (http://localhost:3000/_next/static/chunks/node_modules_%40supabase_auth-js_dist_module_0.pzobh._.js:951:24)
    at _request (http://localhost:3000/_next/static/chunks/node_modules_%40supabase_auth-js_dist_module_0.pzobh._.js:938:24)
    at http://localhost:3000/_next/static/chunks/node_modules_%40supabase_auth-js_dist_module_0.pzobh._.js:7482:220
    at async http://localhost:3000/_next/static/chunks/node_modules_%40supabase_auth-js_dist_module_0.pzobh._.js:667:36 @ http://localhost:3000/_next/static/chunks/node_modules_next_dist_115brz8._.js:3272
[50357283ms] [ERROR] Failed to load resource: net::ERR_QUIC_PROTOCOL_ERROR @ https://wnitkyyodymmjedlttex.supabase.co/auth/v1/token?grant_type=refresh_token:0
[50357283ms] [ERROR] TypeError: Failed to fetch
    at http://localhost:3000/_next/static/chunks/node_modules_%40supabase_auth-js_dist_module_0.pzobh._.js:597:23
    at _handleRequest (http://localhost:3000/_next/static/chunks/node_modules_%40supabase_auth-js_dist_module_0.pzobh._.js:951:24)
    at _request (http://localhost:3000/_next/static/chunks/node_modules_%40supabase_auth-js_dist_module_0.pzobh._.js:938:24)
    at http://localhost:3000/_next/static/chunks/node_modules_%40supabase_auth-js_dist_module_0.pzobh._.js:7482:220
    at async http://localhost:3000/_next/static/chunks/node_modules_%40supabase_auth-js_dist_module_0.pzobh._.js:667:36 @ http://localhost:3000/_next/static/chunks/node_modules_next_dist_115brz8._.js:3272
[50361301ms] [ERROR] Failed to load resource: net::ERR_QUIC_PROTOCOL_ERROR @ https://wnitkyyodymmjedlttex.supabase.co/auth/v1/token?grant_type=refresh_token:0
[50361301ms] [ERROR] TypeError: Failed to fetch
    at http://localhost:3000/_next/static/chunks/node_modules_%40supabase_auth-js_dist_module_0.pzobh._.js:597:23
    at _handleRequest (http://localhost:3000/_next/static/chunks/node_modules_%40supabase_auth-js_dist_module_0.pzobh._.js:951:24)
    at _request (http://localhost:3000/_next/static/chunks/node_modules_%40supabase_auth-js_dist_module_0.pzobh._.js:938:24)
    at http://localhost:3000/_next/static/chunks/node_modules_%40supabase_auth-js_dist_module_0.pzobh._.js:7482:220
    at http://localhost:3000/_next/static/chunks/node_modules_%40supabase_auth-js_dist_module_0.pzobh._.js:667:42
    at http://localhost:3000/_next/static/chunks/node_modules_%40supabase_auth-js_dist_module_0.pzobh._.js:679:11
    at new Promise (<anonymous>)
    at retryable (http://localhost:3000/_next/static/chunks/node_modules_%40supabase_auth-js_dist_module_0.pzobh._.js:661:21)
    at SupabaseAuthClient._refreshAccessToken (http://localhost:3000/_next/static/chunks/node_modules_%40supabase_auth-js_dist_module_0.pzobh._.js:7477:219)
    at SupabaseAuthClient._callRefreshToken (http://localhost:3000/_next/static/chunks/node_modules_%40supabase_auth-js_dist_module_0.pzobh._.js:7633:48)
    at SupabaseAuthClient.__loadSession (http://localhost:3000/_next/static/chunks/node_modules_%40supabase_auth-js_dist_module_0.pzobh._.js:5996:57)
    at async SupabaseAuthClient._useSession (http://localhost:3000/_next/static/chunks/node_modules_%40supabase_auth-js_dist_module_0.pzobh._.js:5926:28)
    at async http://localhost:3000/_next/static/chunks/node_modules_%40supabase_auth-js_dist_module_0.pzobh._.js:7903:32
    at async http://localhost:3000/_next/static/chunks/node_modules_%40supabase_auth-js_dist_module_0.pzobh._.js:5875:28 @ http://localhost:3000/_next/static/chunks/node_modules_next_dist_115brz8._.js:3272
[50365524ms] [ERROR] Failed to load resource: net::ERR_QUIC_PROTOCOL_ERROR @ https://wnitkyyodymmjedlttex.supabase.co/auth/v1/token?grant_type=refresh_token:0
[50365524ms] [ERROR] TypeError: Failed to fetch
    at http://localhost:3000/_next/static/chunks/node_modules_%40supabase_auth-js_dist_module_0.pzobh._.js:597:23
    at _handleRequest (http://localhost:3000/_next/static/chunks/node_modules_%40supabase_auth-js_dist_module_0.pzobh._.js:951:24)
    at _request (http://localhost:3000/_next/static/chunks/node_modules_%40supabase_auth-js_dist_module_0.pzobh._.js:938:24)
    at http://localhost:3000/_next/static/chunks/node_modules_%40supabase_auth-js_dist_module_0.pzobh._.js:7482:220
    at async http://localhost:3000/_next/static/chunks/node_modules_%40supabase_auth-js_dist_module_0.pzobh._.js:667:36 @ http://localhost:3000/_next/static/chunks/node_modules_next_dist_115brz8._.js:3272
[50369934ms] [ERROR] Failed to load resource: net::ERR_QUIC_PROTOCOL_ERROR @ https://wnitkyyodymmjedlttex.supabase.co/auth/v1/token?grant_type=refresh_token:0
[50369935ms] [ERROR] TypeError: Failed to fetch
    at http://localhost:3000/_next/static/chunks/node_modules_%40supabase_auth-js_dist_module_0.pzobh._.js:597:23
    at _handleRequest (http://localhost:3000/_next/static/chunks/node_modules_%40supabase_auth-js_dist_module_0.pzobh._.js:951:24)
    at _request (http://localhost:3000/_next/static/chunks/node_modules_%40supabase_auth-js_dist_module_0.pzobh._.js:938:24)
    at http://localhost:3000/_next/static/chunks/node_modules_%40supabase_auth-js_dist_module_0.pzobh._.js:7482:220
    at async http://localhost:3000/_next/static/chunks/node_modules_%40supabase_auth-js_dist_module_0.pzobh._.js:667:36 @ http://localhost:3000/_next/static/chunks/node_modules_next_dist_115brz8._.js:3272
[50374755ms] [ERROR] Failed to load resource: net::ERR_QUIC_PROTOCOL_ERROR @ https://wnitkyyodymmjedlttex.supabase.co/auth/v1/token?grant_type=refresh_token:0
[50374755ms] [ERROR] TypeError: Failed to fetch
    at http://localhost:3000/_next/static/chunks/node_modules_%40supabase_auth-js_dist_module_0.pzobh._.js:597:23
    at _handleRequest (http://localhost:3000/_next/static/chunks/node_modules_%40supabase_auth-js_dist_module_0.pzobh._.js:951:24)
    at _request (http://localhost:3000/_next/static/chunks/node_modules_%40supabase_auth-js_dist_module_0.pzobh._.js:938:24)
    at http://localhost:3000/_next/static/chunks/node_modules_%40supabase_auth-js_dist_module_0.pzobh._.js:7482:220
    at async http://localhost:3000/_next/static/chunks/node_modules_%40supabase_auth-js_dist_module_0.pzobh._.js:667:36 @ http://localhost:3000/_next/static/chunks/node_modules_next_dist_115brz8._.js:3272
[50380374ms] [ERROR] Failed to load resource: net::ERR_QUIC_PROTOCOL_ERROR @ https://wnitkyyodymmjedlttex.supabase.co/auth/v1/token?grant_type=refresh_token:0
[50380374ms] [ERROR] TypeError: Failed to fetch
    at http://localhost:3000/_next/static/chunks/node_modules_%40supabase_auth-js_dist_module_0.pzobh._.js:597:23
    at _handleRequest (http://localhost:3000/_next/static/chunks/node_modules_%40supabase_auth-js_dist_module_0.pzobh._.js:951:24)
    at _request (http://localhost:3000/_next/static/chunks/node_modules_%40supabase_auth-js_dist_module_0.pzobh._.js:938:24)
    at http://localhost:3000/_next/static/chunks/node_modules_%40supabase_auth-js_dist_module_0.pzobh._.js:7482:220
    at async http://localhost:3000/_next/static/chunks/node_modules_%40supabase_auth-js_dist_module_0.pzobh._.js:667:36 @ http://localhost:3000/_next/static/chunks/node_modules_next_dist_115brz8._.js:3272
[50387603ms] [ERROR] Failed to load resource: net::ERR_QUIC_PROTOCOL_ERROR @ https://wnitkyyodymmjedlttex.supabase.co/auth/v1/token?grant_type=refresh_token:0
[50387603ms] [ERROR] TypeError: Failed to fetch
    at http://localhost:3000/_next/static/chunks/node_modules_%40supabase_auth-js_dist_module_0.pzobh._.js:597:23
    at _handleRequest (http://localhost:3000/_next/static/chunks/node_modules_%40supabase_auth-js_dist_module_0.pzobh._.js:951:24)
    at _request (http://localhost:3000/_next/static/chunks/node_modules_%40supabase_auth-js_dist_module_0.pzobh._.js:938:24)
    at http://localhost:3000/_next/static/chunks/node_modules_%40supabase_auth-js_dist_module_0.pzobh._.js:7482:220
    at async http://localhost:3000/_next/static/chunks/node_modules_%40supabase_auth-js_dist_module_0.pzobh._.js:667:36 @ http://localhost:3000/_next/static/chunks/node_modules_next_dist_115brz8._.js:3272
[50391620ms] [ERROR] Failed to load resource: net::ERR_QUIC_PROTOCOL_ERROR @ https://wnitkyyodymmjedlttex.supabase.co/auth/v1/token?grant_type=refresh_token:0
[50391620ms] [ERROR] TypeError: Failed to fetch
    at http://localhost:3000/_next/static/chunks/node_modules_%40supabase_auth-js_dist_module_0.pzobh._.js:597:23
    at _handleRequest (http://localhost:3000/_next/static/chunks/node_modules_%40supabase_auth-js_dist_module_0.pzobh._.js:951:24)
    at _request (http://localhost:3000/_next/static/chunks/node_modules_%40supabase_auth-js_dist_module_0.pzobh._.js:938:24)
    at http://localhost:3000/_next/static/chunks/node_modules_%40supabase_auth-js_dist_module_0.pzobh._.js:7482:220
    at http://localhost:3000/_next/static/chunks/node_modules_%40supabase_auth-js_dist_module_0.pzobh._.js:667:42
    at http://localhost:3000/_next/static/chunks/node_modules_%40supabase_auth-js_dist_module_0.pzobh._.js:679:11
    at new Promise (<anonymous>)
    at retryable (http://localhost:3000/_next/static/chunks/node_modules_%40supabase_auth-js_dist_module_0.pzobh._.js:661:21)
    at SupabaseAuthClient._refreshAccessToken (http://localhost:3000/_next/static/chunks/node_modules_%40supabase_auth-js_dist_module_0.pzobh._.js:7477:219)
    at SupabaseAuthClient._callRefreshToken (http://localhost:3000/_next/static/chunks/node_modules_%40supabase_auth-js_dist_module_0.pzobh._.js:7633:48)
    at SupabaseAuthClient.__loadSession (http://localhost:3000/_next/static/chunks/node_modules_%40supabase_auth-js_dist_module_0.pzobh._.js:5996:57)
    at async SupabaseAuthClient._useSession (http://localhost:3000/_next/static/chunks/node_modules_%40supabase_auth-js_dist_module_0.pzobh._.js:5926:28)
    at async http://localhost:3000/_next/static/chunks/node_modules_%40supabase_auth-js_dist_module_0.pzobh._.js:7903:32
    at async http://localhost:3000/_next/static/chunks/node_modules_%40supabase_auth-js_dist_module_0.pzobh._.js:5875:28 @ http://localhost:3000/_next/static/chunks/node_modules_next_dist_115brz8._.js:3272
[50395842ms] [ERROR] Failed to load resource: net::ERR_QUIC_PROTOCOL_ERROR @ https://wnitkyyodymmjedlttex.supabase.co/auth/v1/token?grant_type=refresh_token:0
[50395842ms] [ERROR] TypeError: Failed to fetch
    at http://localhost:3000/_next/static/chunks/node_modules_%40supabase_auth-js_dist_module_0.pzobh._.js:597:23
    at _handleRequest (http://localhost:3000/_next/static/chunks/node_modules_%40supabase_auth-js_dist_module_0.pzobh._.js:951:24)
    at _request (http://localhost:3000/_next/static/chunks/node_modules_%40supabase_auth-js_dist_module_0.pzobh._.js:938:24)
    at http://localhost:3000/_next/static/chunks/node_modules_%40supabase_auth-js_dist_module_0.pzobh._.js:7482:220
    at async http://localhost:3000/_next/static/chunks/node_modules_%40supabase_auth-js_dist_module_0.pzobh._.js:667:36 @ http://localhost:3000/_next/static/chunks/node_modules_next_dist_115brz8._.js:3272
[50400262ms] [ERROR] Failed to load resource: net::ERR_QUIC_PROTOCOL_ERROR @ https://wnitkyyodymmjedlttex.supabase.co/auth/v1/token?grant_type=refresh_token:0
[50400262ms] [ERROR] TypeError: Failed to fetch
    at http://localhost:3000/_next/static/chunks/node_modules_%40supabase_auth-js_dist_module_0.pzobh._.js:597:23
    at _handleRequest (http://localhost:3000/_next/static/chunks/node_modules_%40supabase_auth-js_dist_module_0.pzobh._.js:951:24)
    at _request (http://localhost:3000/_next/static/chunks/node_modules_%40supabase_auth-js_dist_module_0.pzobh._.js:938:24)
    at http://localhost:3000/_next/static/chunks/node_modules_%40supabase_auth-js_dist_module_0.pzobh._.js:7482:220
    at async http://localhost:3000/_next/static/chunks/node_modules_%40supabase_auth-js_dist_module_0.pzobh._.js:667:36 @ http://localhost:3000/_next/static/chunks/node_modules_next_dist_115brz8._.js:3272
[50405088ms] [ERROR] Failed to load resource: net::ERR_QUIC_PROTOCOL_ERROR @ https://wnitkyyodymmjedlttex.supabase.co/auth/v1/token?grant_type=refresh_token:0
[50405089ms] [ERROR] TypeError: Failed to fetch
    at http://localhost:3000/_next/static/chunks/node_modules_%40supabase_auth-js_dist_module_0.pzobh._.js:597:23
    at _handleRequest (http://localhost:3000/_next/static/chunks/node_modules_%40supabase_auth-js_dist_module_0.pzobh._.js:951:24)
    at _request (http://localhost:3000/_next/static/chunks/node_modules_%40supabase_auth-js_dist_module_0.pzobh._.js:938:24)
    at http://localhost:3000/_next/static/chunks/node_modules_%40supabase_auth-js_dist_module_0.pzobh._.js:7482:220
    at async http://localhost:3000/_next/static/chunks/node_modules_%40supabase_auth-js_dist_module_0.pzobh._.js:667:36 @ http://localhost:3000/_next/static/chunks/node_modules_next_dist_115brz8._.js:3272
[50410707ms] [ERROR] Failed to load resource: net::ERR_QUIC_PROTOCOL_ERROR @ https://wnitkyyodymmjedlttex.supabase.co/auth/v1/token?grant_type=refresh_token:0
[50410707ms] [ERROR] TypeError: Failed to fetch
    at http://localhost:3000/_next/static/chunks/node_modules_%40supabase_auth-js_dist_module_0.pzobh._.js:597:23
    at _handleRequest (http://localhost:3000/_next/static/chunks/node_modules_%40supabase_auth-js_dist_module_0.pzobh._.js:951:24)
    at _request (http://localhost:3000/_next/static/chunks/node_modules_%40supabase_auth-js_dist_module_0.pzobh._.js:938:24)
    at http://localhost:3000/_next/static/chunks/node_modules_%40supabase_auth-js_dist_module_0.pzobh._.js:7482:220
    at async http://localhost:3000/_next/static/chunks/node_modules_%40supabase_auth-js_dist_module_0.pzobh._.js:667:36 @ http://localhost:3000/_next/static/chunks/node_modules_next_dist_115brz8._.js:3272
[50417921ms] [ERROR] Failed to load resource: net::ERR_QUIC_PROTOCOL_ERROR @ https://wnitkyyodymmjedlttex.supabase.co/auth/v1/token?grant_type=refresh_token:0
[50417922ms] [ERROR] TypeError: Failed to fetch
    at http://localhost:3000/_next/static/chunks/node_modules_%40supabase_auth-js_dist_module_0.pzobh._.js:597:23
    at _handleRequest (http://localhost:3000/_next/static/chunks/node_modules_%40supabase_auth-js_dist_module_0.pzobh._.js:951:24)
    at _request (http://localhost:3000/_next/static/chunks/node_modules_%40supabase_auth-js_dist_module_0.pzobh._.js:938:24)
    at http://localhost:3000/_next/static/chunks/node_modules_%40supabase_auth-js_dist_module_0.pzobh._.js:7482:220
    at async http://localhost:3000/_next/static/chunks/node_modules_%40supabase_auth-js_dist_module_0.pzobh._.js:667:36 @ http://localhost:3000/_next/static/chunks/node_modules_next_dist_115brz8._.js:3272
[50421928ms] [ERROR] Failed to load resource: net::ERR_QUIC_PROTOCOL_ERROR @ https://wnitkyyodymmjedlttex.supabase.co/auth/v1/token?grant_type=refresh_token:0
[50421928ms] [ERROR] TypeError: Failed to fetch
    at http://localhost:3000/_next/static/chunks/node_modules_%40supabase_auth-js_dist_module_0.pzobh._.js:597:23
    at _handleRequest (http://localhost:3000/_next/static/chunks/node_modules_%40supabase_auth-js_dist_module_0.pzobh._.js:951:24)
    at _request (http://localhost:3000/_next/static/chunks/node_modules_%40supabase_auth-js_dist_module_0.pzobh._.js:938:24)
    at http://localhost:3000/_next/static/chunks/node_modules_%40supabase_auth-js_dist_module_0.pzobh._.js:7482:220
    at http://localhost:3000/_next/static/chunks/node_modules_%40supabase_auth-js_dist_module_0.pzobh._.js:667:42
    at http://localhost:3000/_next/static/chunks/node_modules_%40supabase_auth-js_dist_module_0.pzobh._.js:679:11
    at new Promise (<anonymous>)
    at retryable (http://localhost:3000/_next/static/chunks/node_modules_%40supabase_auth-js_dist_module_0.pzobh._.js:661:21)
    at SupabaseAuthClient._refreshAccessToken (http://localhost:3000/_next/static/chunks/node_modules_%40supabase_auth-js_dist_module_0.pzobh._.js:7477:219)
    at SupabaseAuthClient._callRefreshToken (http://localhost:3000/_next/static/chunks/node_modules_%40supabase_auth-js_dist_module_0.pzobh._.js:7633:48)
    at SupabaseAuthClient.__loadSession (http://localhost:3000/_next/static/chunks/node_modules_%40supabase_auth-js_dist_module_0.pzobh._.js:5996:57)
    at async SupabaseAuthClient._useSession (http://localhost:3000/_next/static/chunks/node_modules_%40supabase_auth-js_dist_module_0.pzobh._.js:5926:28)
    at async http://localhost:3000/_next/static/chunks/node_modules_%40supabase_auth-js_dist_module_0.pzobh._.js:7903:32
    at async http://localhost:3000/_next/static/chunks/node_modules_%40supabase_auth-js_dist_module_0.pzobh._.js:5875:28 @ http://localhost:3000/_next/static/chunks/node_modules_next_dist_115brz8._.js:3272
[50426142ms] [ERROR] Failed to load resource: net::ERR_QUIC_PROTOCOL_ERROR @ https://wnitkyyodymmjedlttex.supabase.co/auth/v1/token?grant_type=refresh_token:0
[50426142ms] [ERROR] TypeError: Failed to fetch
    at http://localhost:3000/_next/static/chunks/node_modules_%40supabase_auth-js_dist_module_0.pzobh._.js:597:23
    at _handleRequest (http://localhost:3000/_next/static/chunks/node_modules_%40supabase_auth-js_dist_module_0.pzobh._.js:951:24)
    at _request (http://localhost:3000/_next/static/chunks/node_modules_%40supabase_auth-js_dist_module_0.pzobh._.js:938:24)
    at http://localhost:3000/_next/static/chunks/node_modules_%40supabase_auth-js_dist_module_0.pzobh._.js:7482:220
    at async http://localhost:3000/_next/static/chunks/node_modules_%40supabase_auth-js_dist_module_0.pzobh._.js:667:36 @ http://localhost:3000/_next/static/chunks/node_modules_next_dist_115brz8._.js:3272
[50430565ms] [ERROR] Failed to load resource: net::ERR_QUIC_PROTOCOL_ERROR @ https://wnitkyyodymmjedlttex.supabase.co/auth/v1/token?grant_type=refresh_token:0
[50430565ms] [ERROR] TypeError: Failed to fetch
    at http://localhost:3000/_next/static/chunks/node_modules_%40supabase_auth-js_dist_module_0.pzobh._.js:597:23
    at _handleRequest (http://localhost:3000/_next/static/chunks/node_modules_%40supabase_auth-js_dist_module_0.pzobh._.js:951:24)
    at _request (http://localhost:3000/_next/static/chunks/node_modules_%40supabase_auth-js_dist_module_0.pzobh._.js:938:24)
    at http://localhost:3000/_next/static/chunks/node_modules_%40supabase_auth-js_dist_module_0.pzobh._.js:7482:220
    at async http://localhost:3000/_next/static/chunks/node_modules_%40supabase_auth-js_dist_module_0.pzobh._.js:667:36 @ http://localhost:3000/_next/static/chunks/node_modules_next_dist_115brz8._.js:3272
[50435393ms] [ERROR] Failed to load resource: net::ERR_QUIC_PROTOCOL_ERROR @ https://wnitkyyodymmjedlttex.supabase.co/auth/v1/token?grant_type=refresh_token:0
[50435393ms] [ERROR] TypeError: Failed to fetch
    at http://localhost:3000/_next/static/chunks/node_modules_%40supabase_auth-js_dist_module_0.pzobh._.js:597:23
    at _handleRequest (http://localhost:3000/_next/static/chunks/node_modules_%40supabase_auth-js_dist_module_0.pzobh._.js:951:24)
    at _request (http://localhost:3000/_next/static/chunks/node_modules_%40supabase_auth-js_dist_module_0.pzobh._.js:938:24)
    at http://localhost:3000/_next/static/chunks/node_modules_%40supabase_auth-js_dist_module_0.pzobh._.js:7482:220
    at async http://localhost:3000/_next/static/chunks/node_modules_%40supabase_auth-js_dist_module_0.pzobh._.js:667:36 @ http://localhost:3000/_next/static/chunks/node_modules_next_dist_115brz8._.js:3272
[50441014ms] [ERROR] Failed to load resource: net::ERR_QUIC_PROTOCOL_ERROR @ https://wnitkyyodymmjedlttex.supabase.co/auth/v1/token?grant_type=refresh_token:0
[50441014ms] [ERROR] TypeError: Failed to fetch
    at http://localhost:3000/_next/static/chunks/node_modules_%40supabase_auth-js_dist_module_0.pzobh._.js:597:23
    at _handleRequest (http://localhost:3000/_next/static/chunks/node_modules_%40supabase_auth-js_dist_module_0.pzobh._.js:951:24)
    at _request (http://localhost:3000/_next/static/chunks/node_modules_%40supabase_auth-js_dist_module_0.pzobh._.js:938:24)
    at http://localhost:3000/_next/static/chunks/node_modules_%40supabase_auth-js_dist_module_0.pzobh._.js:7482:220
    at async http://localhost:3000/_next/static/chunks/node_modules_%40supabase_auth-js_dist_module_0.pzobh._.js:667:36 @ http://localhost:3000/_next/static/chunks/node_modules_next_dist_115brz8._.js:3272
[50448232ms] [ERROR] Failed to load resource: net::ERR_QUIC_PROTOCOL_ERROR @ https://wnitkyyodymmjedlttex.supabase.co/auth/v1/token?grant_type=refresh_token:0
[50448233ms] [ERROR] TypeError: Failed to fetch
    at http://localhost:3000/_next/static/chunks/node_modules_%40supabase_auth-js_dist_module_0.pzobh._.js:597:23
    at _handleRequest (http://localhost:3000/_next/static/chunks/node_modules_%40supabase_auth-js_dist_module_0.pzobh._.js:951:24)
    at _request (http://localhost:3000/_next/static/chunks/node_modules_%40supabase_auth-js_dist_module_0.pzobh._.js:938:24)
    at http://localhost:3000/_next/static/chunks/node_modules_%40supabase_auth-js_dist_module_0.pzobh._.js:7482:220
    at async http://localhost:3000/_next/static/chunks/node_modules_%40supabase_auth-js_dist_module_0.pzobh._.js:667:36 @ http://localhost:3000/_next/static/chunks/node_modules_next_dist_115brz8._.js:3272
[50452247ms] [ERROR] Failed to load resource: net::ERR_QUIC_PROTOCOL_ERROR @ https://wnitkyyodymmjedlttex.supabase.co/auth/v1/token?grant_type=refresh_token:0
[50452247ms] [ERROR] TypeError: Failed to fetch
    at http://localhost:3000/_next/static/chunks/node_modules_%40supabase_auth-js_dist_module_0.pzobh._.js:597:23
    at _handleRequest (http://localhost:3000/_next/static/chunks/node_modules_%40supabase_auth-js_dist_module_0.pzobh._.js:951:24)
    at _request (http://localhost:3000/_next/static/chunks/node_modules_%40supabase_auth-js_dist_module_0.pzobh._.js:938:24)
    at http://localhost:3000/_next/static/chunks/node_modules_%40supabase_auth-js_dist_module_0.pzobh._.js:7482:220
    at http://localhost:3000/_next/static/chunks/node_modules_%40supabase_auth-js_dist_module_0.pzobh._.js:667:42
    at http://localhost:3000/_next/static/chunks/node_modules_%40supabase_auth-js_dist_module_0.pzobh._.js:679:11
    at new Promise (<anonymous>)
    at retryable (http://localhost:3000/_next/static/chunks/node_modules_%40supabase_auth-js_dist_module_0.pzobh._.js:661:21)
    at SupabaseAuthClient._refreshAccessToken (http://localhost:3000/_next/static/chunks/node_modules_%40supabase_auth-js_dist_module_0.pzobh._.js:7477:219)
    at SupabaseAuthClient._callRefreshToken (http://localhost:3000/_next/static/chunks/node_modules_%40supabase_auth-js_dist_module_0.pzobh._.js:7633:48)
    at SupabaseAuthClient.__loadSession (http://localhost:3000/_next/static/chunks/node_modules_%40supabase_auth-js_dist_module_0.pzobh._.js:5996:57)
    at async SupabaseAuthClient._useSession (http://localhost:3000/_next/static/chunks/node_modules_%40supabase_auth-js_dist_module_0.pzobh._.js:5926:28)
    at async http://localhost:3000/_next/static/chunks/node_modules_%40supabase_auth-js_dist_module_0.pzobh._.js:7903:32
    at async http://localhost:3000/_next/static/chunks/node_modules_%40supabase_auth-js_dist_module_0.pzobh._.js:5875:28 @ http://localhost:3000/_next/static/chunks/node_modules_next_dist_115brz8._.js:3272
[50456461ms] [ERROR] Failed to load resource: net::ERR_QUIC_PROTOCOL_ERROR @ https://wnitkyyodymmjedlttex.supabase.co/auth/v1/token?grant_type=refresh_token:0
[50456461ms] [ERROR] TypeError: Failed to fetch
    at http://localhost:3000/_next/static/chunks/node_modules_%40supabase_auth-js_dist_module_0.pzobh._.js:597:23
    at _handleRequest (http://localhost:3000/_next/static/chunks/node_modules_%40supabase_auth-js_dist_module_0.pzobh._.js:951:24)
    at _request (http://localhost:3000/_next/static/chunks/node_modules_%40supabase_auth-js_dist_module_0.pzobh._.js:938:24)
    at http://localhost:3000/_next/static/chunks/node_modules_%40supabase_auth-js_dist_module_0.pzobh._.js:7482:220
    at async http://localhost:3000/_next/static/chunks/node_modules_%40supabase_auth-js_dist_module_0.pzobh._.js:667:36 @ http://localhost:3000/_next/static/chunks/node_modules_next_dist_115brz8._.js:3272
[50460891ms] [ERROR] Failed to load resource: net::ERR_QUIC_PROTOCOL_ERROR @ https://wnitkyyodymmjedlttex.supabase.co/auth/v1/token?grant_type=refresh_token:0
[50460891ms] [ERROR] TypeError: Failed to fetch
    at http://localhost:3000/_next/static/chunks/node_modules_%40supabase_auth-js_dist_module_0.pzobh._.js:597:23
    at _handleRequest (http://localhost:3000/_next/static/chunks/node_modules_%40supabase_auth-js_dist_module_0.pzobh._.js:951:24)
    at _request (http://localhost:3000/_next/static/chunks/node_modules_%40supabase_auth-js_dist_module_0.pzobh._.js:938:24)
    at http://localhost:3000/_next/static/chunks/node_modules_%40supabase_auth-js_dist_module_0.pzobh._.js:7482:220
    at async http://localhost:3000/_next/static/chunks/node_modules_%40supabase_auth-js_dist_module_0.pzobh._.js:667:36 @ http://localhost:3000/_next/static/chunks/node_modules_next_dist_115brz8._.js:3272
[50465718ms] [ERROR] Failed to load resource: net::ERR_QUIC_PROTOCOL_ERROR @ https://wnitkyyodymmjedlttex.supabase.co/auth/v1/token?grant_type=refresh_token:0
[50465718ms] [ERROR] TypeError: Failed to fetch
    at http://localhost:3000/_next/static/chunks/node_modules_%40supabase_auth-js_dist_module_0.pzobh._.js:597:23
    at _handleRequest (http://localhost:3000/_next/static/chunks/node_modules_%40supabase_auth-js_dist_module_0.pzobh._.js:951:24)
    at _request (http://localhost:3000/_next/static/chunks/node_modules_%40supabase_auth-js_dist_module_0.pzobh._.js:938:24)
    at http://localhost:3000/_next/static/chunks/node_modules_%40supabase_auth-js_dist_module_0.pzobh._.js:7482:220
    at async http://localhost:3000/_next/static/chunks/node_modules_%40supabase_auth-js_dist_module_0.pzobh._.js:667:36 @ http://localhost:3000/_next/static/chunks/node_modules_next_dist_115brz8._.js:3272
[50471344ms] [ERROR] Failed to load resource: net::ERR_QUIC_PROTOCOL_ERROR @ https://wnitkyyodymmjedlttex.supabase.co/auth/v1/token?grant_type=refresh_token:0
[50471344ms] [ERROR] TypeError: Failed to fetch
    at http://localhost:3000/_next/static/chunks/node_modules_%40supabase_auth-js_dist_module_0.pzobh._.js:597:23
    at _handleRequest (http://localhost:3000/_next/static/chunks/node_modules_%40supabase_auth-js_dist_module_0.pzobh._.js:951:24)
    at _request (http://localhost:3000/_next/static/chunks/node_modules_%40supabase_auth-js_dist_module_0.pzobh._.js:938:24)
    at http://localhost:3000/_next/static/chunks/node_modules_%40supabase_auth-js_dist_module_0.pzobh._.js:7482:220
    at async http://localhost:3000/_next/static/chunks/node_modules_%40supabase_auth-js_dist_module_0.pzobh._.js:667:36 @ http://localhost:3000/_next/static/chunks/node_modules_next_dist_115brz8._.js:3272
[50478550ms] [ERROR] Failed to load resource: net::ERR_QUIC_PROTOCOL_ERROR @ https://wnitkyyodymmjedlttex.supabase.co/auth/v1/token?grant_type=refresh_token:0
[50478550ms] [ERROR] TypeError: Failed to fetch
    at http://localhost:3000/_next/static/chunks/node_modules_%40supabase_auth-js_dist_module_0.pzobh._.js:597:23
    at _handleRequest (http://localhost:3000/_next/static/chunks/node_modules_%40supabase_auth-js_dist_module_0.pzobh._.js:951:24)
    at _request (http://localhost:3000/_next/static/chunks/node_modules_%40supabase_auth-js_dist_module_0.pzobh._.js:938:24)
    at http://localhost:3000/_next/static/chunks/node_modules_%40supabase_auth-js_dist_module_0.pzobh._.js:7482:220
    at async http://localhost:3000/_next/static/chunks/node_modules_%40supabase_auth-js_dist_module_0.pzobh._.js:667:36 @ http://localhost:3000/_next/static/chunks/node_modules_next_dist_115brz8._.js:3272
[50482560ms] [ERROR] Failed to load resource: net::ERR_QUIC_PROTOCOL_ERROR @ https://wnitkyyodymmjedlttex.supabase.co/auth/v1/token?grant_type=refresh_token:0
[50482560ms] [ERROR] TypeError: Failed to fetch
    at http://localhost:3000/_next/static/chunks/node_modules_%40supabase_auth-js_dist_module_0.pzobh._.js:597:23
    at _handleRequest (http://localhost:3000/_next/static/chunks/node_modules_%40supabase_auth-js_dist_module_0.pzobh._.js:951:24)
    at _request (http://localhost:3000/_next/static/chunks/node_modules_%40supabase_auth-js_dist_module_0.pzobh._.js:938:24)
    at http://localhost:3000/_next/static/chunks/node_modules_%40supabase_auth-js_dist_module_0.pzobh._.js:7482:220
    at http://localhost:3000/_next/static/chunks/node_modules_%40supabase_auth-js_dist_module_0.pzobh._.js:667:42
    at http://localhost:3000/_next/static/chunks/node_modules_%40supabase_auth-js_dist_module_0.pzobh._.js:679:11
    at new Promise (<anonymous>)
    at retryable (http://localhost:3000/_next/static/chunks/node_modules_%40supabase_auth-js_dist_module_0.pzobh._.js:661:21)
    at SupabaseAuthClient._refreshAccessToken (http://localhost:3000/_next/static/chunks/node_modules_%40supabase_auth-js_dist_module_0.pzobh._.js:7477:219)
    at SupabaseAuthClient._callRefreshToken (http://localhost:3000/_next/static/chunks/node_modules_%40supabase_auth-js_dist_module_0.pzobh._.js:7633:48)
    at SupabaseAuthClient.__loadSession (http://localhost:3000/_next/static/chunks/node_modules_%40supabase_auth-js_dist_module_0.pzobh._.js:5996:57)
    at async SupabaseAuthClient._useSession (http://localhost:3000/_next/static/chunks/node_modules_%40supabase_auth-js_dist_module_0.pzobh._.js:5926:28)
    at async http://localhost:3000/_next/static/chunks/node_modules_%40supabase_auth-js_dist_module_0.pzobh._.js:7903:32
    at async http://localhost:3000/_next/static/chunks/node_modules_%40supabase_auth-js_dist_module_0.pzobh._.js:5875:28 @ http://localhost:3000/_next/static/chunks/node_modules_next_dist_115brz8._.js:3272
[50486769ms] [ERROR] Failed to load resource: net::ERR_QUIC_PROTOCOL_ERROR @ https://wnitkyyodymmjedlttex.supabase.co/auth/v1/token?grant_type=refresh_token:0
[50486769ms] [ERROR] TypeError: Failed to fetch
    at http://localhost:3000/_next/static/chunks/node_modules_%40supabase_auth-js_dist_module_0.pzobh._.js:597:23
    at _handleRequest (http://localhost:3000/_next/static/chunks/node_modules_%40supabase_auth-js_dist_module_0.pzobh._.js:951:24)
    at _request (http://localhost:3000/_next/static/chunks/node_modules_%40supabase_auth-js_dist_module_0.pzobh._.js:938:24)
    at http://localhost:3000/_next/static/chunks/node_modules_%40supabase_auth-js_dist_module_0.pzobh._.js:7482:220
    at async http://localhost:3000/_next/static/chunks/node_modules_%40supabase_auth-js_dist_module_0.pzobh._.js:667:36 @ http://localhost:3000/_next/static/chunks/node_modules_next_dist_115brz8._.js:3272
[50491192ms] [ERROR] Failed to load resource: net::ERR_QUIC_PROTOCOL_ERROR @ https://wnitkyyodymmjedlttex.supabase.co/auth/v1/token?grant_type=refresh_token:0
[50491192ms] [ERROR] TypeError: Failed to fetch
    at http://localhost:3000/_next/static/chunks/node_modules_%40supabase_auth-js_dist_module_0.pzobh._.js:597:23
    at _handleRequest (http://localhost:3000/_next/static/chunks/node_modules_%40supabase_auth-js_dist_module_0.pzobh._.js:951:24)
    at _request (http://localhost:3000/_next/static/chunks/node_modules_%40supabase_auth-js_dist_module_0.pzobh._.js:938:24)
    at http://localhost:3000/_next/static/chunks/node_modules_%40supabase_auth-js_dist_module_0.pzobh._.js:7482:220
    at async http://localhost:3000/_next/static/chunks/node_modules_%40supabase_auth-js_dist_module_0.pzobh._.js:667:36 @ http://localhost:3000/_next/static/chunks/node_modules_next_dist_115brz8._.js:3272
[50496004ms] [ERROR] Failed to load resource: net::ERR_QUIC_PROTOCOL_ERROR @ https://wnitkyyodymmjedlttex.supabase.co/auth/v1/token?grant_type=refresh_token:0
[50496005ms] [ERROR] TypeError: Failed to fetch
    at http://localhost:3000/_next/static/chunks/node_modules_%40supabase_auth-js_dist_module_0.pzobh._.js:597:23
    at _handleRequest (http://localhost:3000/_next/static/chunks/node_modules_%40supabase_auth-js_dist_module_0.pzobh._.js:951:24)
    at _request (http://localhost:3000/_next/static/chunks/node_modules_%40supabase_auth-js_dist_module_0.pzobh._.js:938:24)
    at http://localhost:3000/_next/static/chunks/node_modules_%40supabase_auth-js_dist_module_0.pzobh._.js:7482:220
    at async http://localhost:3000/_next/static/chunks/node_modules_%40supabase_auth-js_dist_module_0.pzobh._.js:667:36 @ http://localhost:3000/_next/static/chunks/node_modules_next_dist_115brz8._.js:3272
[50501610ms] [ERROR] Failed to load resource: net::ERR_QUIC_PROTOCOL_ERROR @ https://wnitkyyodymmjedlttex.supabase.co/auth/v1/token?grant_type=refresh_token:0
[50501611ms] [ERROR] TypeError: Failed to fetch
    at http://localhost:3000/_next/static/chunks/node_modules_%40supabase_auth-js_dist_module_0.pzobh._.js:597:23
    at _handleRequest (http://localhost:3000/_next/static/chunks/node_modules_%40supabase_auth-js_dist_module_0.pzobh._.js:951:24)
    at _request (http://localhost:3000/_next/static/chunks/node_modules_%40supabase_auth-js_dist_module_0.pzobh._.js:938:24)
    at http://localhost:3000/_next/static/chunks/node_modules_%40supabase_auth-js_dist_module_0.pzobh._.js:7482:220
    at async http://localhost:3000/_next/static/chunks/node_modules_%40supabase_auth-js_dist_module_0.pzobh._.js:667:36 @ http://localhost:3000/_next/static/chunks/node_modules_next_dist_115brz8._.js:3272
[50508833ms] [ERROR] Failed to load resource: net::ERR_QUIC_PROTOCOL_ERROR @ https://wnitkyyodymmjedlttex.supabase.co/auth/v1/token?grant_type=refresh_token:0
[50508833ms] [ERROR] TypeError: Failed to fetch
    at http://localhost:3000/_next/static/chunks/node_modules_%40supabase_auth-js_dist_module_0.pzobh._.js:597:23
    at _handleRequest (http://localhost:3000/_next/static/chunks/node_modules_%40supabase_auth-js_dist_module_0.pzobh._.js:951:24)
    at _request (http://localhost:3000/_next/static/chunks/node_modules_%40supabase_auth-js_dist_module_0.pzobh._.js:938:24)
    at http://localhost:3000/_next/static/chunks/node_modules_%40supabase_auth-js_dist_module_0.pzobh._.js:7482:220
    at async http://localhost:3000/_next/static/chunks/node_modules_%40supabase_auth-js_dist_module_0.pzobh._.js:667:36 @ http://localhost:3000/_next/static/chunks/node_modules_next_dist_115brz8._.js:3272
[50512837ms] [ERROR] Failed to load resource: net::ERR_QUIC_PROTOCOL_ERROR @ https://wnitkyyodymmjedlttex.supabase.co/auth/v1/token?grant_type=refresh_token:0
[50512838ms] [ERROR] TypeError: Failed to fetch
    at http://localhost:3000/_next/static/chunks/node_modules_%40supabase_auth-js_dist_module_0.pzobh._.js:597:23
    at _handleRequest (http://localhost:3000/_next/static/chunks/node_modules_%40supabase_auth-js_dist_module_0.pzobh._.js:951:24)
    at _request (http://localhost:3000/_next/static/chunks/node_modules_%40supabase_auth-js_dist_module_0.pzobh._.js:938:24)
    at http://localhost:3000/_next/static/chunks/node_modules_%40supabase_auth-js_dist_module_0.pzobh._.js:7482:220
    at http://localhost:3000/_next/static/chunks/node_modules_%40supabase_auth-js_dist_module_0.pzobh._.js:667:42
    at http://localhost:3000/_next/static/chunks/node_modules_%40supabase_auth-js_dist_module_0.pzobh._.js:679:11
    at new Promise (<anonymous>)
    at retryable (http://localhost:3000/_next/static/chunks/node_modules_%40supabase_auth-js_dist_module_0.pzobh._.js:661:21)
    at SupabaseAuthClient._refreshAccessToken (http://localhost:3000/_next/static/chunks/node_modules_%40supabase_auth-js_dist_module_0.pzobh._.js:7477:219)
    at SupabaseAuthClient._callRefreshToken (http://localhost:3000/_next/static/chunks/node_modules_%40supabase_auth-js_dist_module_0.pzobh._.js:7633:48)
    at SupabaseAuthClient.__loadSession (http://localhost:3000/_next/static/chunks/node_modules_%40supabase_auth-js_dist_module_0.pzobh._.js:5996:57)
    at async SupabaseAuthClient._useSession (http://localhost:3000/_next/static/chunks/node_modules_%40supabase_auth-js_dist_module_0.pzobh._.js:5926:28)
    at async http://localhost:3000/_next/static/chunks/node_modules_%40supabase_auth-js_dist_module_0.pzobh._.js:7903:32
    at async http://localhost:3000/_next/static/chunks/node_modules_%40supabase_auth-js_dist_module_0.pzobh._.js:5875:28 @ http://localhost:3000/_next/static/chunks/node_modules_next_dist_115brz8._.js:3272
[50517059ms] [ERROR] Failed to load resource: net::ERR_QUIC_PROTOCOL_ERROR @ https://wnitkyyodymmjedlttex.supabase.co/auth/v1/token?grant_type=refresh_token:0
[50517059ms] [ERROR] TypeError: Failed to fetch
    at http://localhost:3000/_next/static/chunks/node_modules_%40supabase_auth-js_dist_module_0.pzobh._.js:597:23
    at _handleRequest (http://localhost:3000/_next/static/chunks/node_modules_%40supabase_auth-js_dist_module_0.pzobh._.js:951:24)
    at _request (http://localhost:3000/_next/static/chunks/node_modules_%40supabase_auth-js_dist_module_0.pzobh._.js:938:24)
    at http://localhost:3000/_next/static/chunks/node_modules_%40supabase_auth-js_dist_module_0.pzobh._.js:7482:220
    at async http://localhost:3000/_next/static/chunks/node_modules_%40supabase_auth-js_dist_module_0.pzobh._.js:667:36 @ http://localhost:3000/_next/static/chunks/node_modules_next_dist_115brz8._.js:3272
[50521488ms] [ERROR] Failed to load resource: net::ERR_QUIC_PROTOCOL_ERROR @ https://wnitkyyodymmjedlttex.supabase.co/auth/v1/token?grant_type=refresh_token:0
[50521488ms] [ERROR] TypeError: Failed to fetch
    at http://localhost:3000/_next/static/chunks/node_modules_%40supabase_auth-js_dist_module_0.pzobh._.js:597:23
    at _handleRequest (http://localhost:3000/_next/static/chunks/node_modules_%40supabase_auth-js_dist_module_0.pzobh._.js:951:24)
    at _request (http://localhost:3000/_next/static/chunks/node_modules_%40supabase_auth-js_dist_module_0.pzobh._.js:938:24)
    at http://localhost:3000/_next/static/chunks/node_modules_%40supabase_auth-js_dist_module_0.pzobh._.js:7482:220
    at async http://localhost:3000/_next/static/chunks/node_modules_%40supabase_auth-js_dist_module_0.pzobh._.js:667:36 @ http://localhost:3000/_next/static/chunks/node_modules_next_dist_115brz8._.js:3272
[50526307ms] [ERROR] Failed to load resource: net::ERR_QUIC_PROTOCOL_ERROR @ https://wnitkyyodymmjedlttex.supabase.co/auth/v1/token?grant_type=refresh_token:0
[50526308ms] [ERROR] TypeError: Failed to fetch
    at http://localhost:3000/_next/static/chunks/node_modules_%40supabase_auth-js_dist_module_0.pzobh._.js:597:23
    at _handleRequest (http://localhost:3000/_next/static/chunks/node_modules_%40supabase_auth-js_dist_module_0.pzobh._.js:951:24)
    at _request (http://localhost:3000/_next/static/chunks/node_modules_%40supabase_auth-js_dist_module_0.pzobh._.js:938:24)
    at http://localhost:3000/_next/static/chunks/node_modules_%40supabase_auth-js_dist_module_0.pzobh._.js:7482:220
    at async http://localhost:3000/_next/static/chunks/node_modules_%40supabase_auth-js_dist_module_0.pzobh._.js:667:36 @ http://localhost:3000/_next/static/chunks/node_modules_next_dist_115brz8._.js:3272
[50531919ms] [ERROR] Failed to load resource: net::ERR_QUIC_PROTOCOL_ERROR @ https://wnitkyyodymmjedlttex.supabase.co/auth/v1/token?grant_type=refresh_token:0
[50531919ms] [ERROR] TypeError: Failed to fetch
    at http://localhost:3000/_next/static/chunks/node_modules_%40supabase_auth-js_dist_module_0.pzobh._.js:597:23
    at _handleRequest (http://localhost:3000/_next/static/chunks/node_modules_%40supabase_auth-js_dist_module_0.pzobh._.js:951:24)
    at _request (http://localhost:3000/_next/static/chunks/node_modules_%40supabase_auth-js_dist_module_0.pzobh._.js:938:24)
    at http://localhost:3000/_next/static/chunks/node_modules_%40supabase_auth-js_dist_module_0.pzobh._.js:7482:220
    at async http://localhost:3000/_next/static/chunks/node_modules_%40supabase_auth-js_dist_module_0.pzobh._.js:667:36 @ http://localhost:3000/_next/static/chunks/node_modules_next_dist_115brz8._.js:3272
[50539137ms] [ERROR] Failed to load resource: net::ERR_QUIC_PROTOCOL_ERROR @ https://wnitkyyodymmjedlttex.supabase.co/auth/v1/token?grant_type=refresh_token:0
[50539137ms] [ERROR] TypeError: Failed to fetch
    at http://localhost:3000/_next/static/chunks/node_modules_%40supabase_auth-js_dist_module_0.pzobh._.js:597:23
    at _handleRequest (http://localhost:3000/_next/static/chunks/node_modules_%40supabase_auth-js_dist_module_0.pzobh._.js:951:24)
    at _request (http://localhost:3000/_next/static/chunks/node_modules_%40supabase_auth-js_dist_module_0.pzobh._.js:938:24)
    at http://localhost:3000/_next/static/chunks/node_modules_%40supabase_auth-js_dist_module_0.pzobh._.js:7482:220
    at async http://localhost:3000/_next/static/chunks/node_modules_%40supabase_auth-js_dist_module_0.pzobh._.js:667:36 @ http://localhost:3000/_next/static/chunks/node_modules_next_dist_115brz8._.js:3272
[50543154ms] [ERROR] Failed to load resource: net::ERR_QUIC_PROTOCOL_ERROR @ https://wnitkyyodymmjedlttex.supabase.co/auth/v1/token?grant_type=refresh_token:0
[50543154ms] [ERROR] TypeError: Failed to fetch
    at http://localhost:3000/_next/static/chunks/node_modules_%40supabase_auth-js_dist_module_0.pzobh._.js:597:23
    at _handleRequest (http://localhost:3000/_next/static/chunks/node_modules_%40supabase_auth-js_dist_module_0.pzobh._.js:951:24)
    at _request (http://localhost:3000/_next/static/chunks/node_modules_%40supabase_auth-js_dist_module_0.pzobh._.js:938:24)
    at http://localhost:3000/_next/static/chunks/node_modules_%40supabase_auth-js_dist_module_0.pzobh._.js:7482:220
    at http://localhost:3000/_next/static/chunks/node_modules_%40supabase_auth-js_dist_module_0.pzobh._.js:667:42
    at http://localhost:3000/_next/static/chunks/node_modules_%40supabase_auth-js_dist_module_0.pzobh._.js:679:11
    at new Promise (<anonymous>)
    at retryable (http://localhost:3000/_next/static/chunks/node_modules_%40supabase_auth-js_dist_module_0.pzobh._.js:661:21)
    at SupabaseAuthClient._refreshAccessToken (http://localhost:3000/_next/static/chunks/node_modules_%40supabase_auth-js_dist_module_0.pzobh._.js:7477:219)
    at SupabaseAuthClient._callRefreshToken (http://localhost:3000/_next/static/chunks/node_modules_%40supabase_auth-js_dist_module_0.pzobh._.js:7633:48)
    at SupabaseAuthClient.__loadSession (http://localhost:3000/_next/static/chunks/node_modules_%40supabase_auth-js_dist_module_0.pzobh._.js:5996:57)
    at async SupabaseAuthClient._useSession (http://localhost:3000/_next/static/chunks/node_modules_%40supabase_auth-js_dist_module_0.pzobh._.js:5926:28)
    at async http://localhost:3000/_next/static/chunks/node_modules_%40supabase_auth-js_dist_module_0.pzobh._.js:7903:32
    at async http://localhost:3000/_next/static/chunks/node_modules_%40supabase_auth-js_dist_module_0.pzobh._.js:5875:28 @ http://localhost:3000/_next/static/chunks/node_modules_next_dist_115brz8._.js:3272
[50547365ms] [ERROR] Failed to load resource: net::ERR_QUIC_PROTOCOL_ERROR @ https://wnitkyyodymmjedlttex.supabase.co/auth/v1/token?grant_type=refresh_token:0
[50547365ms] [ERROR] TypeError: Failed to fetch
    at http://localhost:3000/_next/static/chunks/node_modules_%40supabase_auth-js_dist_module_0.pzobh._.js:597:23
    at _handleRequest (http://localhost:3000/_next/static/chunks/node_modules_%40supabase_auth-js_dist_module_0.pzobh._.js:951:24)
    at _request (http://localhost:3000/_next/static/chunks/node_modules_%40supabase_auth-js_dist_module_0.pzobh._.js:938:24)
    at http://localhost:3000/_next/static/chunks/node_modules_%40supabase_auth-js_dist_module_0.pzobh._.js:7482:220
    at async http://localhost:3000/_next/static/chunks/node_modules_%40supabase_auth-js_dist_module_0.pzobh._.js:667:36 @ http://localhost:3000/_next/static/chunks/node_modules_next_dist_115brz8._.js:3272
[50551782ms] [ERROR] Failed to load resource: net::ERR_QUIC_PROTOCOL_ERROR @ https://wnitkyyodymmjedlttex.supabase.co/auth/v1/token?grant_type=refresh_token:0
[50551783ms] [ERROR] TypeError: Failed to fetch
    at http://localhost:3000/_next/static/chunks/node_modules_%40supabase_auth-js_dist_module_0.pzobh._.js:597:23
    at _handleRequest (http://localhost:3000/_next/static/chunks/node_modules_%40supabase_auth-js_dist_module_0.pzobh._.js:951:24)
    at _request (http://localhost:3000/_next/static/chunks/node_modules_%40supabase_auth-js_dist_module_0.pzobh._.js:938:24)
    at http://localhost:3000/_next/static/chunks/node_modules_%40supabase_auth-js_dist_module_0.pzobh._.js:7482:220
    at async http://localhost:3000/_next/static/chunks/node_modules_%40supabase_auth-js_dist_module_0.pzobh._.js:667:36 @ http://localhost:3000/_next/static/chunks/node_modules_next_dist_115brz8._.js:3272
[50556606ms] [ERROR] Failed to load resource: net::ERR_QUIC_PROTOCOL_ERROR @ https://wnitkyyodymmjedlttex.supabase.co/auth/v1/token?grant_type=refresh_token:0
[50556606ms] [ERROR] TypeError: Failed to fetch
    at http://localhost:3000/_next/static/chunks/node_modules_%40supabase_auth-js_dist_module_0.pzobh._.js:597:23
    at _handleRequest (http://localhost:3000/_next/static/chunks/node_modules_%40supabase_auth-js_dist_module_0.pzobh._.js:951:24)
    at _request (http://localhost:3000/_next/static/chunks/node_modules_%40supabase_auth-js_dist_module_0.pzobh._.js:938:24)
    at http://localhost:3000/_next/static/chunks/node_modules_%40supabase_auth-js_dist_module_0.pzobh._.js:7482:220
    at async http://localhost:3000/_next/static/chunks/node_modules_%40supabase_auth-js_dist_module_0.pzobh._.js:667:36 @ http://localhost:3000/_next/static/chunks/node_modules_next_dist_115brz8._.js:3272
[50562211ms] [ERROR] Failed to load resource: net::ERR_QUIC_PROTOCOL_ERROR @ https://wnitkyyodymmjedlttex.supabase.co/auth/v1/token?grant_type=refresh_token:0
[50562211ms] [ERROR] TypeError: Failed to fetch
    at http://localhost:3000/_next/static/chunks/node_modules_%40supabase_auth-js_dist_module_0.pzobh._.js:597:23
    at _handleRequest (http://localhost:3000/_next/static/chunks/node_modules_%40supabase_auth-js_dist_module_0.pzobh._.js:951:24)
    at _request (http://localhost:3000/_next/static/chunks/node_modules_%40supabase_auth-js_dist_module_0.pzobh._.js:938:24)
    at http://localhost:3000/_next/static/chunks/node_modules_%40supabase_auth-js_dist_module_0.pzobh._.js:7482:220
    at async http://localhost:3000/_next/static/chunks/node_modules_%40supabase_auth-js_dist_module_0.pzobh._.js:667:36 @ http://localhost:3000/_next/static/chunks/node_modules_next_dist_115brz8._.js:3272
[50569421ms] [ERROR] Failed to load resource: net::ERR_QUIC_PROTOCOL_ERROR @ https://wnitkyyodymmjedlttex.supabase.co/auth/v1/token?grant_type=refresh_token:0
[50569422ms] [ERROR] TypeError: Failed to fetch
    at http://localhost:3000/_next/static/chunks/node_modules_%40supabase_auth-js_dist_module_0.pzobh._.js:597:23
    at _handleRequest (http://localhost:3000/_next/static/chunks/node_modules_%40supabase_auth-js_dist_module_0.pzobh._.js:951:24)
    at _request (http://localhost:3000/_next/static/chunks/node_modules_%40supabase_auth-js_dist_module_0.pzobh._.js:938:24)
    at http://localhost:3000/_next/static/chunks/node_modules_%40supabase_auth-js_dist_module_0.pzobh._.js:7482:220
    at async http://localhost:3000/_next/static/chunks/node_modules_%40supabase_auth-js_dist_module_0.pzobh._.js:667:36 @ http://localhost:3000/_next/static/chunks/node_modules_next_dist_115brz8._.js:3272
[50573427ms] [ERROR] Failed to load resource: net::ERR_QUIC_PROTOCOL_ERROR @ https://wnitkyyodymmjedlttex.supabase.co/auth/v1/token?grant_type=refresh_token:0
[50573427ms] [ERROR] TypeError: Failed to fetch
    at http://localhost:3000/_next/static/chunks/node_modules_%40supabase_auth-js_dist_module_0.pzobh._.js:597:23
    at _handleRequest (http://localhost:3000/_next/static/chunks/node_modules_%40supabase_auth-js_dist_module_0.pzobh._.js:951:24)
    at _request (http://localhost:3000/_next/static/chunks/node_modules_%40supabase_auth-js_dist_module_0.pzobh._.js:938:24)
    at http://localhost:3000/_next/static/chunks/node_modules_%40supabase_auth-js_dist_module_0.pzobh._.js:7482:220
    at http://localhost:3000/_next/static/chunks/node_modules_%40supabase_auth-js_dist_module_0.pzobh._.js:667:42
    at http://localhost:3000/_next/static/chunks/node_modules_%40supabase_auth-js_dist_module_0.pzobh._.js:679:11
    at new Promise (<anonymous>)
    at retryable (http://localhost:3000/_next/static/chunks/node_modules_%40supabase_auth-js_dist_module_0.pzobh._.js:661:21)
    at SupabaseAuthClient._refreshAccessToken (http://localhost:3000/_next/static/chunks/node_modules_%40supabase_auth-js_dist_module_0.pzobh._.js:7477:219)
    at SupabaseAuthClient._callRefreshToken (http://localhost:3000/_next/static/chunks/node_modules_%40supabase_auth-js_dist_module_0.pzobh._.js:7633:48)
    at SupabaseAuthClient.__loadSession (http://localhost:3000/_next/static/chunks/node_modules_%40supabase_auth-js_dist_module_0.pzobh._.js:5996:57)
    at async SupabaseAuthClient._useSession (http://localhost:3000/_next/static/chunks/node_modules_%40supabase_auth-js_dist_module_0.pzobh._.js:5926:28)
    at async http://localhost:3000/_next/static/chunks/node_modules_%40supabase_auth-js_dist_module_0.pzobh._.js:7903:32
    at async http://localhost:3000/_next/static/chunks/node_modules_%40supabase_auth-js_dist_module_0.pzobh._.js:5875:28 @ http://localhost:3000/_next/static/chunks/node_modules_next_dist_115brz8._.js:3272
[50577641ms] [ERROR] Failed to load resource: net::ERR_QUIC_PROTOCOL_ERROR @ https://wnitkyyodymmjedlttex.supabase.co/auth/v1/token?grant_type=refresh_token:0
[50577641ms] [ERROR] TypeError: Failed to fetch
    at http://localhost:3000/_next/static/chunks/node_modules_%40supabase_auth-js_dist_module_0.pzobh._.js:597:23
    at _handleRequest (http://localhost:3000/_next/static/chunks/node_modules_%40supabase_auth-js_dist_module_0.pzobh._.js:951:24)
    at _request (http://localhost:3000/_next/static/chunks/node_modules_%40supabase_auth-js_dist_module_0.pzobh._.js:938:24)
    at http://localhost:3000/_next/static/chunks/node_modules_%40supabase_auth-js_dist_module_0.pzobh._.js:7482:220
    at async http://localhost:3000/_next/static/chunks/node_modules_%40supabase_auth-js_dist_module_0.pzobh._.js:667:36 @ http://localhost:3000/_next/static/chunks/node_modules_next_dist_115brz8._.js:3272
[50582058ms] [ERROR] Failed to load resource: net::ERR_QUIC_PROTOCOL_ERROR @ https://wnitkyyodymmjedlttex.supabase.co/auth/v1/token?grant_type=refresh_token:0
[50582058ms] [ERROR] TypeError: Failed to fetch
    at http://localhost:3000/_next/static/chunks/node_modules_%40supabase_auth-js_dist_module_0.pzobh._.js:597:23
    at _handleRequest (http://localhost:3000/_next/static/chunks/node_modules_%40supabase_auth-js_dist_module_0.pzobh._.js:951:24)
    at _request (http://localhost:3000/_next/static/chunks/node_modules_%40supabase_auth-js_dist_module_0.pzobh._.js:938:24)
    at http://localhost:3000/_next/static/chunks/node_modules_%40supabase_auth-js_dist_module_0.pzobh._.js:7482:220
    at async http://localhost:3000/_next/static/chunks/node_modules_%40supabase_auth-js_dist_module_0.pzobh._.js:667:36 @ http://localhost:3000/_next/static/chunks/node_modules_next_dist_115brz8._.js:3272
[50586871ms] [ERROR] Failed to load resource: net::ERR_QUIC_PROTOCOL_ERROR @ https://wnitkyyodymmjedlttex.supabase.co/auth/v1/token?grant_type=refresh_token:0
[50586872ms] [ERROR] TypeError: Failed to fetch
    at http://localhost:3000/_next/static/chunks/node_modules_%40supabase_auth-js_dist_module_0.pzobh._.js:597:23
    at _handleRequest (http://localhost:3000/_next/static/chunks/node_modules_%40supabase_auth-js_dist_module_0.pzobh._.js:951:24)
    at _request (http://localhost:3000/_next/static/chunks/node_modules_%40supabase_auth-js_dist_module_0.pzobh._.js:938:24)
    at http://localhost:3000/_next/static/chunks/node_modules_%40supabase_auth-js_dist_module_0.pzobh._.js:7482:220
    at async http://localhost:3000/_next/static/chunks/node_modules_%40supabase_auth-js_dist_module_0.pzobh._.js:667:36 @ http://localhost:3000/_next/static/chunks/node_modules_next_dist_115brz8._.js:3272
[50592479ms] [ERROR] Failed to load resource: net::ERR_QUIC_PROTOCOL_ERROR @ https://wnitkyyodymmjedlttex.supabase.co/auth/v1/token?grant_type=refresh_token:0
[50592479ms] [ERROR] TypeError: Failed to fetch
    at http://localhost:3000/_next/static/chunks/node_modules_%40supabase_auth-js_dist_module_0.pzobh._.js:597:23
    at _handleRequest (http://localhost:3000/_next/static/chunks/node_modules_%40supabase_auth-js_dist_module_0.pzobh._.js:951:24)
    at _request (http://localhost:3000/_next/static/chunks/node_modules_%40supabase_auth-js_dist_module_0.pzobh._.js:938:24)
    at http://localhost:3000/_next/static/chunks/node_modules_%40supabase_auth-js_dist_module_0.pzobh._.js:7482:220
    at async http://localhost:3000/_next/static/chunks/node_modules_%40supabase_auth-js_dist_module_0.pzobh._.js:667:36 @ http://localhost:3000/_next/static/chunks/node_modules_next_dist_115brz8._.js:3272
[50599695ms] [ERROR] Failed to load resource: net::ERR_QUIC_PROTOCOL_ERROR @ https://wnitkyyodymmjedlttex.supabase.co/auth/v1/token?grant_type=refresh_token:0
[50599695ms] [ERROR] TypeError: Failed to fetch
    at http://localhost:3000/_next/static/chunks/node_modules_%40supabase_auth-js_dist_module_0.pzobh._.js:597:23
    at _handleRequest (http://localhost:3000/_next/static/chunks/node_modules_%40supabase_auth-js_dist_module_0.pzobh._.js:951:24)
    at _request (http://localhost:3000/_next/static/chunks/node_modules_%40supabase_auth-js_dist_module_0.pzobh._.js:938:24)
    at http://localhost:3000/_next/static/chunks/node_modules_%40supabase_auth-js_dist_module_0.pzobh._.js:7482:220
    at async http://localhost:3000/_next/static/chunks/node_modules_%40supabase_auth-js_dist_module_0.pzobh._.js:667:36 @ http://localhost:3000/_next/static/chunks/node_modules_next_dist_115brz8._.js:3272
[50603711ms] [ERROR] Failed to load resource: net::ERR_QUIC_PROTOCOL_ERROR @ https://wnitkyyodymmjedlttex.supabase.co/auth/v1/token?grant_type=refresh_token:0
[50603711ms] [ERROR] TypeError: Failed to fetch
    at http://localhost:3000/_next/static/chunks/node_modules_%40supabase_auth-js_dist_module_0.pzobh._.js:597:23
    at _handleRequest (http://localhost:3000/_next/static/chunks/node_modules_%40supabase_auth-js_dist_module_0.pzobh._.js:951:24)
    at _request (http://localhost:3000/_next/static/chunks/node_modules_%40supabase_auth-js_dist_module_0.pzobh._.js:938:24)
    at http://localhost:3000/_next/static/chunks/node_modules_%40supabase_auth-js_dist_module_0.pzobh._.js:7482:220
    at http://localhost:3000/_next/static/chunks/node_modules_%40supabase_auth-js_dist_module_0.pzobh._.js:667:42
    at http://localhost:3000/_next/static/chunks/node_modules_%40supabase_auth-js_dist_module_0.pzobh._.js:679:11
    at new Promise (<anonymous>)
    at retryable (http://localhost:3000/_next/static/chunks/node_modules_%40supabase_auth-js_dist_module_0.pzobh._.js:661:21)
    at SupabaseAuthClient._refreshAccessToken (http://localhost:3000/_next/static/chunks/node_modules_%40supabase_auth-js_dist_module_0.pzobh._.js:7477:219)
    at SupabaseAuthClient._callRefreshToken (http://localhost:3000/_next/static/chunks/node_modules_%40supabase_auth-js_dist_module_0.pzobh._.js:7633:48)
    at SupabaseAuthClient.__loadSession (http://localhost:3000/_next/static/chunks/node_modules_%40supabase_auth-js_dist_module_0.pzobh._.js:5996:57)
    at async SupabaseAuthClient._useSession (http://localhost:3000/_next/static/chunks/node_modules_%40supabase_auth-js_dist_module_0.pzobh._.js:5926:28)
    at async http://localhost:3000/_next/static/chunks/node_modules_%40supabase_auth-js_dist_module_0.pzobh._.js:7903:32
    at async http://localhost:3000/_next/static/chunks/node_modules_%40supabase_auth-js_dist_module_0.pzobh._.js:5875:28 @ http://localhost:3000/_next/static/chunks/node_modules_next_dist_115brz8._.js:3272
[50607927ms] [ERROR] Failed to load resource: net::ERR_QUIC_PROTOCOL_ERROR @ https://wnitkyyodymmjedlttex.supabase.co/auth/v1/token?grant_type=refresh_token:0
[50607927ms] [ERROR] TypeError: Failed to fetch
    at http://localhost:3000/_next/static/chunks/node_modules_%40supabase_auth-js_dist_module_0.pzobh._.js:597:23
    at _handleRequest (http://localhost:3000/_next/static/chunks/node_modules_%40supabase_auth-js_dist_module_0.pzobh._.js:951:24)
    at _request (http://localhost:3000/_next/static/chunks/node_modules_%40supabase_auth-js_dist_module_0.pzobh._.js:938:24)
    at http://localhost:3000/_next/static/chunks/node_modules_%40supabase_auth-js_dist_module_0.pzobh._.js:7482:220
    at async http://localhost:3000/_next/static/chunks/node_modules_%40supabase_auth-js_dist_module_0.pzobh._.js:667:36 @ http://localhost:3000/_next/static/chunks/node_modules_next_dist_115brz8._.js:3272
[50612331ms] [ERROR] Failed to load resource: net::ERR_QUIC_PROTOCOL_ERROR @ https://wnitkyyodymmjedlttex.supabase.co/auth/v1/token?grant_type=refresh_token:0
[50612331ms] [ERROR] TypeError: Failed to fetch
    at http://localhost:3000/_next/static/chunks/node_modules_%40supabase_auth-js_dist_module_0.pzobh._.js:597:23
    at _handleRequest (http://localhost:3000/_next/static/chunks/node_modules_%40supabase_auth-js_dist_module_0.pzobh._.js:951:24)
    at _request (http://localhost:3000/_next/static/chunks/node_modules_%40supabase_auth-js_dist_module_0.pzobh._.js:938:24)
    at http://localhost:3000/_next/static/chunks/node_modules_%40supabase_auth-js_dist_module_0.pzobh._.js:7482:220
    at async http://localhost:3000/_next/static/chunks/node_modules_%40supabase_auth-js_dist_module_0.pzobh._.js:667:36 @ http://localhost:3000/_next/static/chunks/node_modules_next_dist_115brz8._.js:3272
[50617140ms] [ERROR] Failed to load resource: net::ERR_QUIC_PROTOCOL_ERROR @ https://wnitkyyodymmjedlttex.supabase.co/auth/v1/token?grant_type=refresh_token:0
[50617141ms] [ERROR] TypeError: Failed to fetch
    at http://localhost:3000/_next/static/chunks/node_modules_%40supabase_auth-js_dist_module_0.pzobh._.js:597:23
    at _handleRequest (http://localhost:3000/_next/static/chunks/node_modules_%40supabase_auth-js_dist_module_0.pzobh._.js:951:24)
    at _request (http://localhost:3000/_next/static/chunks/node_modules_%40supabase_auth-js_dist_module_0.pzobh._.js:938:24)
    at http://localhost:3000/_next/static/chunks/node_modules_%40supabase_auth-js_dist_module_0.pzobh._.js:7482:220
    at async http://localhost:3000/_next/static/chunks/node_modules_%40supabase_auth-js_dist_module_0.pzobh._.js:667:36 @ http://localhost:3000/_next/static/chunks/node_modules_next_dist_115brz8._.js:3272
[50622757ms] [ERROR] Failed to load resource: net::ERR_QUIC_PROTOCOL_ERROR @ https://wnitkyyodymmjedlttex.supabase.co/auth/v1/token?grant_type=refresh_token:0
[50622757ms] [ERROR] TypeError: Failed to fetch
    at http://localhost:3000/_next/static/chunks/node_modules_%40supabase_auth-js_dist_module_0.pzobh._.js:597:23
    at _handleRequest (http://localhost:3000/_next/static/chunks/node_modules_%40supabase_auth-js_dist_module_0.pzobh._.js:951:24)
    at _request (http://localhost:3000/_next/static/chunks/node_modules_%40supabase_auth-js_dist_module_0.pzobh._.js:938:24)
    at http://localhost:3000/_next/static/chunks/node_modules_%40supabase_auth-js_dist_module_0.pzobh._.js:7482:220
    at async http://localhost:3000/_next/static/chunks/node_modules_%40supabase_auth-js_dist_module_0.pzobh._.js:667:36 @ http://localhost:3000/_next/static/chunks/node_modules_next_dist_115brz8._.js:3272
[50629977ms] [ERROR] Failed to load resource: net::ERR_QUIC_PROTOCOL_ERROR @ https://wnitkyyodymmjedlttex.supabase.co/auth/v1/token?grant_type=refresh_token:0
[50629977ms] [ERROR] TypeError: Failed to fetch
    at http://localhost:3000/_next/static/chunks/node_modules_%40supabase_auth-js_dist_module_0.pzobh._.js:597:23
    at _handleRequest (http://localhost:3000/_next/static/chunks/node_modules_%40supabase_auth-js_dist_module_0.pzobh._.js:951:24)
    at _request (http://localhost:3000/_next/static/chunks/node_modules_%40supabase_auth-js_dist_module_0.pzobh._.js:938:24)
    at http://localhost:3000/_next/static/chunks/node_modules_%40supabase_auth-js_dist_module_0.pzobh._.js:7482:220
    at async http://localhost:3000/_next/static/chunks/node_modules_%40supabase_auth-js_dist_module_0.pzobh._.js:667:36 @ http://localhost:3000/_next/static/chunks/node_modules_next_dist_115brz8._.js:3272
[50633988ms] [ERROR] Failed to load resource: net::ERR_QUIC_PROTOCOL_ERROR @ https://wnitkyyodymmjedlttex.supabase.co/auth/v1/token?grant_type=refresh_token:0
[50633988ms] [ERROR] TypeError: Failed to fetch
    at http://localhost:3000/_next/static/chunks/node_modules_%40supabase_auth-js_dist_module_0.pzobh._.js:597:23
    at _handleRequest (http://localhost:3000/_next/static/chunks/node_modules_%40supabase_auth-js_dist_module_0.pzobh._.js:951:24)
    at _request (http://localhost:3000/_next/static/chunks/node_modules_%40supabase_auth-js_dist_module_0.pzobh._.js:938:24)
    at http://localhost:3000/_next/static/chunks/node_modules_%40supabase_auth-js_dist_module_0.pzobh._.js:7482:220
    at http://localhost:3000/_next/static/chunks/node_modules_%40supabase_auth-js_dist_module_0.pzobh._.js:667:42
    at http://localhost:3000/_next/static/chunks/node_modules_%40supabase_auth-js_dist_module_0.pzobh._.js:679:11
    at new Promise (<anonymous>)
    at retryable (http://localhost:3000/_next/static/chunks/node_modules_%40supabase_auth-js_dist_module_0.pzobh._.js:661:21)
    at SupabaseAuthClient._refreshAccessToken (http://localhost:3000/_next/static/chunks/node_modules_%40supabase_auth-js_dist_module_0.pzobh._.js:7477:219)
    at SupabaseAuthClient._callRefreshToken (http://localhost:3000/_next/static/chunks/node_modules_%40supabase_auth-js_dist_module_0.pzobh._.js:7633:48)
    at SupabaseAuthClient.__loadSession (http://localhost:3000/_next/static/chunks/node_modules_%40supabase_auth-js_dist_module_0.pzobh._.js:5996:57)
    at async SupabaseAuthClient._useSession (http://localhost:3000/_next/static/chunks/node_modules_%40supabase_auth-js_dist_module_0.pzobh._.js:5926:28)
    at async http://localhost:3000/_next/static/chunks/node_modules_%40supabase_auth-js_dist_module_0.pzobh._.js:7903:32
    at async http://localhost:3000/_next/static/chunks/node_modules_%40supabase_auth-js_dist_module_0.pzobh._.js:5875:28 @ http://localhost:3000/_next/static/chunks/node_modules_next_dist_115brz8._.js:3272
[50638215ms] [ERROR] Failed to load resource: net::ERR_QUIC_PROTOCOL_ERROR @ https://wnitkyyodymmjedlttex.supabase.co/auth/v1/token?grant_type=refresh_token:0
[50638215ms] [ERROR] TypeError: Failed to fetch
    at http://localhost:3000/_next/static/chunks/node_modules_%40supabase_auth-js_dist_module_0.pzobh._.js:597:23
    at _handleRequest (http://localhost:3000/_next/static/chunks/node_modules_%40supabase_auth-js_dist_module_0.pzobh._.js:951:24)
    at _request (http://localhost:3000/_next/static/chunks/node_modules_%40supabase_auth-js_dist_module_0.pzobh._.js:938:24)
    at http://localhost:3000/_next/static/chunks/node_modules_%40supabase_auth-js_dist_module_0.pzobh._.js:7482:220
    at async http://localhost:3000/_next/static/chunks/node_modules_%40supabase_auth-js_dist_module_0.pzobh._.js:667:36 @ http://localhost:3000/_next/static/chunks/node_modules_next_dist_115brz8._.js:3272
[50642631ms] [ERROR] Failed to load resource: net::ERR_QUIC_PROTOCOL_ERROR @ https://wnitkyyodymmjedlttex.supabase.co/auth/v1/token?grant_type=refresh_token:0
[50642631ms] [ERROR] TypeError: Failed to fetch
    at http://localhost:3000/_next/static/chunks/node_modules_%40supabase_auth-js_dist_module_0.pzobh._.js:597:23
    at _handleRequest (http://localhost:3000/_next/static/chunks/node_modules_%40supabase_auth-js_dist_module_0.pzobh._.js:951:24)
    at _request (http://localhost:3000/_next/static/chunks/node_modules_%40supabase_auth-js_dist_module_0.pzobh._.js:938:24)
    at http://localhost:3000/_next/static/chunks/node_modules_%40supabase_auth-js_dist_module_0.pzobh._.js:7482:220
    at async http://localhost:3000/_next/static/chunks/node_modules_%40supabase_auth-js_dist_module_0.pzobh._.js:667:36 @ http://localhost:3000/_next/static/chunks/node_modules_next_dist_115brz8._.js:3272
[50647449ms] [ERROR] Failed to load resource: net::ERR_QUIC_PROTOCOL_ERROR @ https://wnitkyyodymmjedlttex.supabase.co/auth/v1/token?grant_type=refresh_token:0
[50647449ms] [ERROR] TypeError: Failed to fetch
    at http://localhost:3000/_next/static/chunks/node_modules_%40supabase_auth-js_dist_module_0.pzobh._.js:597:23
    at _handleRequest (http://localhost:3000/_next/static/chunks/node_modules_%40supabase_auth-js_dist_module_0.pzobh._.js:951:24)
    at _request (http://localhost:3000/_next/static/chunks/node_modules_%40supabase_auth-js_dist_module_0.pzobh._.js:938:24)
    at http://localhost:3000/_next/static/chunks/node_modules_%40supabase_auth-js_dist_module_0.pzobh._.js:7482:220
    at async http://localhost:3000/_next/static/chunks/node_modules_%40supabase_auth-js_dist_module_0.pzobh._.js:667:36 @ http://localhost:3000/_next/static/chunks/node_modules_next_dist_115brz8._.js:3272
[50653067ms] [ERROR] Failed to load resource: net::ERR_QUIC_PROTOCOL_ERROR @ https://wnitkyyodymmjedlttex.supabase.co/auth/v1/token?grant_type=refresh_token:0
[50653068ms] [ERROR] TypeError: Failed to fetch
    at http://localhost:3000/_next/static/chunks/node_modules_%40supabase_auth-js_dist_module_0.pzobh._.js:597:23
    at _handleRequest (http://localhost:3000/_next/static/chunks/node_modules_%40supabase_auth-js_dist_module_0.pzobh._.js:951:24)
    at _request (http://localhost:3000/_next/static/chunks/node_modules_%40supabase_auth-js_dist_module_0.pzobh._.js:938:24)
    at http://localhost:3000/_next/static/chunks/node_modules_%40supabase_auth-js_dist_module_0.pzobh._.js:7482:220
    at async http://localhost:3000/_next/static/chunks/node_modules_%40supabase_auth-js_dist_module_0.pzobh._.js:667:36 @ http://localhost:3000/_next/static/chunks/node_modules_next_dist_115brz8._.js:3272
[50660286ms] [ERROR] Failed to load resource: net::ERR_QUIC_PROTOCOL_ERROR @ https://wnitkyyodymmjedlttex.supabase.co/auth/v1/token?grant_type=refresh_token:0
[50660286ms] [ERROR] TypeError: Failed to fetch
    at http://localhost:3000/_next/static/chunks/node_modules_%40supabase_auth-js_dist_module_0.pzobh._.js:597:23
    at _handleRequest (http://localhost:3000/_next/static/chunks/node_modules_%40supabase_auth-js_dist_module_0.pzobh._.js:951:24)
    at _request (http://localhost:3000/_next/static/chunks/node_modules_%40supabase_auth-js_dist_module_0.pzobh._.js:938:24)
    at http://localhost:3000/_next/static/chunks/node_modules_%40supabase_auth-js_dist_module_0.pzobh._.js:7482:220
    at async http://localhost:3000/_next/static/chunks/node_modules_%40supabase_auth-js_dist_module_0.pzobh._.js:667:36 @ http://localhost:3000/_next/static/chunks/node_modules_next_dist_115brz8._.js:3272
[50664295ms] [ERROR] Failed to load resource: net::ERR_QUIC_PROTOCOL_ERROR @ https://wnitkyyodymmjedlttex.supabase.co/auth/v1/token?grant_type=refresh_token:0
[50664295ms] [ERROR] TypeError: Failed to fetch
    at http://localhost:3000/_next/static/chunks/node_modules_%40supabase_auth-js_dist_module_0.pzobh._.js:597:23
    at _handleRequest (http://localhost:3000/_next/static/chunks/node_modules_%40supabase_auth-js_dist_module_0.pzobh._.js:951:24)
    at _request (http://localhost:3000/_next/static/chunks/node_modules_%40supabase_auth-js_dist_module_0.pzobh._.js:938:24)
    at http://localhost:3000/_next/static/chunks/node_modules_%40supabase_auth-js_dist_module_0.pzobh._.js:7482:220
    at http://localhost:3000/_next/static/chunks/node_modules_%40supabase_auth-js_dist_module_0.pzobh._.js:667:42
    at http://localhost:3000/_next/static/chunks/node_modules_%40supabase_auth-js_dist_module_0.pzobh._.js:679:11
    at new Promise (<anonymous>)
    at retryable (http://localhost:3000/_next/static/chunks/node_modules_%40supabase_auth-js_dist_module_0.pzobh._.js:661:21)
    at SupabaseAuthClient._refreshAccessToken (http://localhost:3000/_next/static/chunks/node_modules_%40supabase_auth-js_dist_module_0.pzobh._.js:7477:219)
    at SupabaseAuthClient._callRefreshToken (http://localhost:3000/_next/static/chunks/node_modules_%40supabase_auth-js_dist_module_0.pzobh._.js:7633:48)
    at SupabaseAuthClient.__loadSession (http://localhost:3000/_next/static/chunks/node_modules_%40supabase_auth-js_dist_module_0.pzobh._.js:5996:57)
    at async SupabaseAuthClient._useSession (http://localhost:3000/_next/static/chunks/node_modules_%40supabase_auth-js_dist_module_0.pzobh._.js:5926:28)
    at async http://localhost:3000/_next/static/chunks/node_modules_%40supabase_auth-js_dist_module_0.pzobh._.js:7903:32
    at async http://localhost:3000/_next/static/chunks/node_modules_%40supabase_auth-js_dist_module_0.pzobh._.js:5875:28 @ http://localhost:3000/_next/static/chunks/node_modules_next_dist_115brz8._.js:3272
[50668508ms] [ERROR] Failed to load resource: net::ERR_QUIC_PROTOCOL_ERROR @ https://wnitkyyodymmjedlttex.supabase.co/auth/v1/token?grant_type=refresh_token:0
[50668508ms] [ERROR] TypeError: Failed to fetch
    at http://localhost:3000/_next/static/chunks/node_modules_%40supabase_auth-js_dist_module_0.pzobh._.js:597:23
    at _handleRequest (http://localhost:3000/_next/static/chunks/node_modules_%40supabase_auth-js_dist_module_0.pzobh._.js:951:24)
    at _request (http://localhost:3000/_next/static/chunks/node_modules_%40supabase_auth-js_dist_module_0.pzobh._.js:938:24)
    at http://localhost:3000/_next/static/chunks/node_modules_%40supabase_auth-js_dist_module_0.pzobh._.js:7482:220
    at async http://localhost:3000/_next/static/chunks/node_modules_%40supabase_auth-js_dist_module_0.pzobh._.js:667:36 @ http://localhost:3000/_next/static/chunks/node_modules_next_dist_115brz8._.js:3272
[50672922ms] [ERROR] Failed to load resource: net::ERR_QUIC_PROTOCOL_ERROR @ https://wnitkyyodymmjedlttex.supabase.co/auth/v1/token?grant_type=refresh_token:0
[50672922ms] [ERROR] TypeError: Failed to fetch
    at http://localhost:3000/_next/static/chunks/node_modules_%40supabase_auth-js_dist_module_0.pzobh._.js:597:23
    at _handleRequest (http://localhost:3000/_next/static/chunks/node_modules_%40supabase_auth-js_dist_module_0.pzobh._.js:951:24)
    at _request (http://localhost:3000/_next/static/chunks/node_modules_%40supabase_auth-js_dist_module_0.pzobh._.js:938:24)
    at http://localhost:3000/_next/static/chunks/node_modules_%40supabase_auth-js_dist_module_0.pzobh._.js:7482:220
    at async http://localhost:3000/_next/static/chunks/node_modules_%40supabase_auth-js_dist_module_0.pzobh._.js:667:36 @ http://localhost:3000/_next/static/chunks/node_modules_next_dist_115brz8._.js:3272
[50677734ms] [ERROR] Failed to load resource: net::ERR_QUIC_PROTOCOL_ERROR @ https://wnitkyyodymmjedlttex.supabase.co/auth/v1/token?grant_type=refresh_token:0
[50677734ms] [ERROR] TypeError: Failed to fetch
    at http://localhost:3000/_next/static/chunks/node_modules_%40supabase_auth-js_dist_module_0.pzobh._.js:597:23
    at _handleRequest (http://localhost:3000/_next/static/chunks/node_modules_%40supabase_auth-js_dist_module_0.pzobh._.js:951:24)
    at _request (http://localhost:3000/_next/static/chunks/node_modules_%40supabase_auth-js_dist_module_0.pzobh._.js:938:24)
    at http://localhost:3000/_next/static/chunks/node_modules_%40supabase_auth-js_dist_module_0.pzobh._.js:7482:220
    at async http://localhost:3000/_next/static/chunks/node_modules_%40supabase_auth-js_dist_module_0.pzobh._.js:667:36 @ http://localhost:3000/_next/static/chunks/node_modules_next_dist_115brz8._.js:3272
[50683363ms] [ERROR] Failed to load resource: net::ERR_QUIC_PROTOCOL_ERROR @ https://wnitkyyodymmjedlttex.supabase.co/auth/v1/token?grant_type=refresh_token:0
[50683364ms] [ERROR] TypeError: Failed to fetch
    at http://localhost:3000/_next/static/chunks/node_modules_%40supabase_auth-js_dist_module_0.pzobh._.js:597:23
    at _handleRequest (http://localhost:3000/_next/static/chunks/node_modules_%40supabase_auth-js_dist_module_0.pzobh._.js:951:24)
    at _request (http://localhost:3000/_next/static/chunks/node_modules_%40supabase_auth-js_dist_module_0.pzobh._.js:938:24)
    at http://localhost:3000/_next/static/chunks/node_modules_%40supabase_auth-js_dist_module_0.pzobh._.js:7482:220
    at async http://localhost:3000/_next/static/chunks/node_modules_%40supabase_auth-js_dist_module_0.pzobh._.js:667:36 @ http://localhost:3000/_next/static/chunks/node_modules_next_dist_115brz8._.js:3272
[50690596ms] [ERROR] Failed to load resource: net::ERR_QUIC_PROTOCOL_ERROR @ https://wnitkyyodymmjedlttex.supabase.co/auth/v1/token?grant_type=refresh_token:0
[50690596ms] [ERROR] TypeError: Failed to fetch
    at http://localhost:3000/_next/static/chunks/node_modules_%40supabase_auth-js_dist_module_0.pzobh._.js:597:23
    at _handleRequest (http://localhost:3000/_next/static/chunks/node_modules_%40supabase_auth-js_dist_module_0.pzobh._.js:951:24)
    at _request (http://localhost:3000/_next/static/chunks/node_modules_%40supabase_auth-js_dist_module_0.pzobh._.js:938:24)
    at http://localhost:3000/_next/static/chunks/node_modules_%40supabase_auth-js_dist_module_0.pzobh._.js:7482:220
    at async http://localhost:3000/_next/static/chunks/node_modules_%40supabase_auth-js_dist_module_0.pzobh._.js:667:36 @ http://localhost:3000/_next/static/chunks/node_modules_next_dist_115brz8._.js:3272
[50694602ms] [ERROR] Failed to load resource: net::ERR_QUIC_PROTOCOL_ERROR @ https://wnitkyyodymmjedlttex.supabase.co/auth/v1/token?grant_type=refresh_token:0
[50694603ms] [ERROR] TypeError: Failed to fetch
    at http://localhost:3000/_next/static/chunks/node_modules_%40supabase_auth-js_dist_module_0.pzobh._.js:597:23
    at _handleRequest (http://localhost:3000/_next/static/chunks/node_modules_%40supabase_auth-js_dist_module_0.pzobh._.js:951:24)
    at _request (http://localhost:3000/_next/static/chunks/node_modules_%40supabase_auth-js_dist_module_0.pzobh._.js:938:24)
    at http://localhost:3000/_next/static/chunks/node_modules_%40supabase_auth-js_dist_module_0.pzobh._.js:7482:220
    at http://localhost:3000/_next/static/chunks/node_modules_%40supabase_auth-js_dist_module_0.pzobh._.js:667:42
    at http://localhost:3000/_next/static/chunks/node_modules_%40supabase_auth-js_dist_module_0.pzobh._.js:679:11
    at new Promise (<anonymous>)
    at retryable (http://localhost:3000/_next/static/chunks/node_modules_%40supabase_auth-js_dist_module_0.pzobh._.js:661:21)
    at SupabaseAuthClient._refreshAccessToken (http://localhost:3000/_next/static/chunks/node_modules_%40supabase_auth-js_dist_module_0.pzobh._.js:7477:219)
    at SupabaseAuthClient._callRefreshToken (http://localhost:3000/_next/static/chunks/node_modules_%40supabase_auth-js_dist_module_0.pzobh._.js:7633:48)
    at SupabaseAuthClient.__loadSession (http://localhost:3000/_next/static/chunks/node_modules_%40supabase_auth-js_dist_module_0.pzobh._.js:5996:57)
    at async SupabaseAuthClient._useSession (http://localhost:3000/_next/static/chunks/node_modules_%40supabase_auth-js_dist_module_0.pzobh._.js:5926:28)
    at async http://localhost:3000/_next/static/chunks/node_modules_%40supabase_auth-js_dist_module_0.pzobh._.js:7903:32
    at async http://localhost:3000/_next/static/chunks/node_modules_%40supabase_auth-js_dist_module_0.pzobh._.js:5875:28 @ http://localhost:3000/_next/static/chunks/node_modules_next_dist_115brz8._.js:3272
[50698813ms] [ERROR] Failed to load resource: net::ERR_QUIC_PROTOCOL_ERROR @ https://wnitkyyodymmjedlttex.supabase.co/auth/v1/token?grant_type=refresh_token:0
[50698813ms] [ERROR] TypeError: Failed to fetch
    at http://localhost:3000/_next/static/chunks/node_modules_%40supabase_auth-js_dist_module_0.pzobh._.js:597:23
    at _handleRequest (http://localhost:3000/_next/static/chunks/node_modules_%40supabase_auth-js_dist_module_0.pzobh._.js:951:24)
    at _request (http://localhost:3000/_next/static/chunks/node_modules_%40supabase_auth-js_dist_module_0.pzobh._.js:938:24)
    at http://localhost:3000/_next/static/chunks/node_modules_%40supabase_auth-js_dist_module_0.pzobh._.js:7482:220
    at async http://localhost:3000/_next/static/chunks/node_modules_%40supabase_auth-js_dist_module_0.pzobh._.js:667:36 @ http://localhost:3000/_next/static/chunks/node_modules_next_dist_115brz8._.js:3272
[50703226ms] [ERROR] Failed to load resource: net::ERR_QUIC_PROTOCOL_ERROR @ https://wnitkyyodymmjedlttex.supabase.co/auth/v1/token?grant_type=refresh_token:0
[50703227ms] [ERROR] TypeError: Failed to fetch
    at http://localhost:3000/_next/static/chunks/node_modules_%40supabase_auth-js_dist_module_0.pzobh._.js:597:23
    at _handleRequest (http://localhost:3000/_next/static/chunks/node_modules_%40supabase_auth-js_dist_module_0.pzobh._.js:951:24)
    at _request (http://localhost:3000/_next/static/chunks/node_modules_%40supabase_auth-js_dist_module_0.pzobh._.js:938:24)
    at http://localhost:3000/_next/static/chunks/node_modules_%40supabase_auth-js_dist_module_0.pzobh._.js:7482:220
    at async http://localhost:3000/_next/static/chunks/node_modules_%40supabase_auth-js_dist_module_0.pzobh._.js:667:36 @ http://localhost:3000/_next/static/chunks/node_modules_next_dist_115brz8._.js:3272
[50708056ms] [ERROR] Failed to load resource: net::ERR_QUIC_PROTOCOL_ERROR @ https://wnitkyyodymmjedlttex.supabase.co/auth/v1/token?grant_type=refresh_token:0
[50708056ms] [ERROR] TypeError: Failed to fetch
    at http://localhost:3000/_next/static/chunks/node_modules_%40supabase_auth-js_dist_module_0.pzobh._.js:597:23
    at _handleRequest (http://localhost:3000/_next/static/chunks/node_modules_%40supabase_auth-js_dist_module_0.pzobh._.js:951:24)
    at _request (http://localhost:3000/_next/static/chunks/node_modules_%40supabase_auth-js_dist_module_0.pzobh._.js:938:24)
    at http://localhost:3000/_next/static/chunks/node_modules_%40supabase_auth-js_dist_module_0.pzobh._.js:7482:220
    at async http://localhost:3000/_next/static/chunks/node_modules_%40supabase_auth-js_dist_module_0.pzobh._.js:667:36 @ http://localhost:3000/_next/static/chunks/node_modules_next_dist_115brz8._.js:3272
[50713676ms] [ERROR] Failed to load resource: net::ERR_QUIC_PROTOCOL_ERROR @ https://wnitkyyodymmjedlttex.supabase.co/auth/v1/token?grant_type=refresh_token:0
[50713676ms] [ERROR] TypeError: Failed to fetch
    at http://localhost:3000/_next/static/chunks/node_modules_%40supabase_auth-js_dist_module_0.pzobh._.js:597:23
    at _handleRequest (http://localhost:3000/_next/static/chunks/node_modules_%40supabase_auth-js_dist_module_0.pzobh._.js:951:24)
    at _request (http://localhost:3000/_next/static/chunks/node_modules_%40supabase_auth-js_dist_module_0.pzobh._.js:938:24)
    at http://localhost:3000/_next/static/chunks/node_modules_%40supabase_auth-js_dist_module_0.pzobh._.js:7482:220
    at async http://localhost:3000/_next/static/chunks/node_modules_%40supabase_auth-js_dist_module_0.pzobh._.js:667:36 @ http://localhost:3000/_next/static/chunks/node_modules_next_dist_115brz8._.js:3272
[50720907ms] [ERROR] Failed to load resource: net::ERR_QUIC_PROTOCOL_ERROR @ https://wnitkyyodymmjedlttex.supabase.co/auth/v1/token?grant_type=refresh_token:0
[50720907ms] [ERROR] TypeError: Failed to fetch
    at http://localhost:3000/_next/static/chunks/node_modules_%40supabase_auth-js_dist_module_0.pzobh._.js:597:23
    at _handleRequest (http://localhost:3000/_next/static/chunks/node_modules_%40supabase_auth-js_dist_module_0.pzobh._.js:951:24)
    at _request (http://localhost:3000/_next/static/chunks/node_modules_%40supabase_auth-js_dist_module_0.pzobh._.js:938:24)
    at http://localhost:3000/_next/static/chunks/node_modules_%40supabase_auth-js_dist_module_0.pzobh._.js:7482:220
    at async http://localhost:3000/_next/static/chunks/node_modules_%40supabase_auth-js_dist_module_0.pzobh._.js:667:36 @ http://localhost:3000/_next/static/chunks/node_modules_next_dist_115brz8._.js:3272
[50724913ms] [ERROR] Failed to load resource: net::ERR_QUIC_PROTOCOL_ERROR @ https://wnitkyyodymmjedlttex.supabase.co/auth/v1/token?grant_type=refresh_token:0
[50724913ms] [ERROR] TypeError: Failed to fetch
    at http://localhost:3000/_next/static/chunks/node_modules_%40supabase_auth-js_dist_module_0.pzobh._.js:597:23
    at _handleRequest (http://localhost:3000/_next/static/chunks/node_modules_%40supabase_auth-js_dist_module_0.pzobh._.js:951:24)
    at _request (http://localhost:3000/_next/static/chunks/node_modules_%40supabase_auth-js_dist_module_0.pzobh._.js:938:24)
    at http://localhost:3000/_next/static/chunks/node_modules_%40supabase_auth-js_dist_module_0.pzobh._.js:7482:220
    at http://localhost:3000/_next/static/chunks/node_modules_%40supabase_auth-js_dist_module_0.pzobh._.js:667:42
    at http://localhost:3000/_next/static/chunks/node_modules_%40supabase_auth-js_dist_module_0.pzobh._.js:679:11
    at new Promise (<anonymous>)
    at retryable (http://localhost:3000/_next/static/chunks/node_modules_%40supabase_auth-js_dist_module_0.pzobh._.js:661:21)
    at SupabaseAuthClient._refreshAccessToken (http://localhost:3000/_next/static/chunks/node_modules_%40supabase_auth-js_dist_module_0.pzobh._.js:7477:219)
    at SupabaseAuthClient._callRefreshToken (http://localhost:3000/_next/static/chunks/node_modules_%40supabase_auth-js_dist_module_0.pzobh._.js:7633:48)
    at SupabaseAuthClient.__loadSession (http://localhost:3000/_next/static/chunks/node_modules_%40supabase_auth-js_dist_module_0.pzobh._.js:5996:57)
    at async SupabaseAuthClient._useSession (http://localhost:3000/_next/static/chunks/node_modules_%40supabase_auth-js_dist_module_0.pzobh._.js:5926:28)
    at async http://localhost:3000/_next/static/chunks/node_modules_%40supabase_auth-js_dist_module_0.pzobh._.js:7903:32
    at async http://localhost:3000/_next/static/chunks/node_modules_%40supabase_auth-js_dist_module_0.pzobh._.js:5875:28 @ http://localhost:3000/_next/static/chunks/node_modules_next_dist_115brz8._.js:3272
[50729123ms] [ERROR] Failed to load resource: net::ERR_QUIC_PROTOCOL_ERROR @ https://wnitkyyodymmjedlttex.supabase.co/auth/v1/token?grant_type=refresh_token:0
[50729123ms] [ERROR] TypeError: Failed to fetch
    at http://localhost:3000/_next/static/chunks/node_modules_%40supabase_auth-js_dist_module_0.pzobh._.js:597:23
    at _handleRequest (http://localhost:3000/_next/static/chunks/node_modules_%40supabase_auth-js_dist_module_0.pzobh._.js:951:24)
    at _request (http://localhost:3000/_next/static/chunks/node_modules_%40supabase_auth-js_dist_module_0.pzobh._.js:938:24)
    at http://localhost:3000/_next/static/chunks/node_modules_%40supabase_auth-js_dist_module_0.pzobh._.js:7482:220
    at async http://localhost:3000/_next/static/chunks/node_modules_%40supabase_auth-js_dist_module_0.pzobh._.js:667:36 @ http://localhost:3000/_next/static/chunks/node_modules_next_dist_115brz8._.js:3272
[50733549ms] [ERROR] Failed to load resource: net::ERR_QUIC_PROTOCOL_ERROR @ https://wnitkyyodymmjedlttex.supabase.co/auth/v1/token?grant_type=refresh_token:0
[50733550ms] [ERROR] TypeError: Failed to fetch
    at http://localhost:3000/_next/static/chunks/node_modules_%40supabase_auth-js_dist_module_0.pzobh._.js:597:23
    at _handleRequest (http://localhost:3000/_next/static/chunks/node_modules_%40supabase_auth-js_dist_module_0.pzobh._.js:951:24)
    at _request (http://localhost:3000/_next/static/chunks/node_modules_%40supabase_auth-js_dist_module_0.pzobh._.js:938:24)
    at http://localhost:3000/_next/static/chunks/node_modules_%40supabase_auth-js_dist_module_0.pzobh._.js:7482:220
    at async http://localhost:3000/_next/static/chunks/node_modules_%40supabase_auth-js_dist_module_0.pzobh._.js:667:36 @ http://localhost:3000/_next/static/chunks/node_modules_next_dist_115brz8._.js:3272
[50738364ms] [ERROR] Failed to load resource: net::ERR_QUIC_PROTOCOL_ERROR @ https://wnitkyyodymmjedlttex.supabase.co/auth/v1/token?grant_type=refresh_token:0
[50738364ms] [ERROR] TypeError: Failed to fetch
    at http://localhost:3000/_next/static/chunks/node_modules_%40supabase_auth-js_dist_module_0.pzobh._.js:597:23
    at _handleRequest (http://localhost:3000/_next/static/chunks/node_modules_%40supabase_auth-js_dist_module_0.pzobh._.js:951:24)
    at _request (http://localhost:3000/_next/static/chunks/node_modules_%40supabase_auth-js_dist_module_0.pzobh._.js:938:24)
    at http://localhost:3000/_next/static/chunks/node_modules_%40supabase_auth-js_dist_module_0.pzobh._.js:7482:220
    at async http://localhost:3000/_next/static/chunks/node_modules_%40supabase_auth-js_dist_module_0.pzobh._.js:667:36 @ http://localhost:3000/_next/static/chunks/node_modules_next_dist_115brz8._.js:3272
[50743986ms] [ERROR] Failed to load resource: net::ERR_QUIC_PROTOCOL_ERROR @ https://wnitkyyodymmjedlttex.supabase.co/auth/v1/token?grant_type=refresh_token:0
[50743986ms] [ERROR] TypeError: Failed to fetch
    at http://localhost:3000/_next/static/chunks/node_modules_%40supabase_auth-js_dist_module_0.pzobh._.js:597:23
    at _handleRequest (http://localhost:3000/_next/static/chunks/node_modules_%40supabase_auth-js_dist_module_0.pzobh._.js:951:24)
    at _request (http://localhost:3000/_next/static/chunks/node_modules_%40supabase_auth-js_dist_module_0.pzobh._.js:938:24)
    at http://localhost:3000/_next/static/chunks/node_modules_%40supabase_auth-js_dist_module_0.pzobh._.js:7482:220
    at async http://localhost:3000/_next/static/chunks/node_modules_%40supabase_auth-js_dist_module_0.pzobh._.js:667:36 @ http://localhost:3000/_next/static/chunks/node_modules_next_dist_115brz8._.js:3272
[50751196ms] [ERROR] Failed to load resource: net::ERR_QUIC_PROTOCOL_ERROR @ https://wnitkyyodymmjedlttex.supabase.co/auth/v1/token?grant_type=refresh_token:0
[50751196ms] [ERROR] TypeError: Failed to fetch
    at http://localhost:3000/_next/static/chunks/node_modules_%40supabase_auth-js_dist_module_0.pzobh._.js:597:23
    at _handleRequest (http://localhost:3000/_next/static/chunks/node_modules_%40supabase_auth-js_dist_module_0.pzobh._.js:951:24)
    at _request (http://localhost:3000/_next/static/chunks/node_modules_%40supabase_auth-js_dist_module_0.pzobh._.js:938:24)
    at http://localhost:3000/_next/static/chunks/node_modules_%40supabase_auth-js_dist_module_0.pzobh._.js:7482:220
    at async http://localhost:3000/_next/static/chunks/node_modules_%40supabase_auth-js_dist_module_0.pzobh._.js:667:36 @ http://localhost:3000/_next/static/chunks/node_modules_next_dist_115brz8._.js:3272
[50755210ms] [ERROR] Failed to load resource: net::ERR_QUIC_PROTOCOL_ERROR @ https://wnitkyyodymmjedlttex.supabase.co/auth/v1/token?grant_type=refresh_token:0
[50755211ms] [ERROR] TypeError: Failed to fetch
    at http://localhost:3000/_next/static/chunks/node_modules_%40supabase_auth-js_dist_module_0.pzobh._.js:597:23
    at _handleRequest (http://localhost:3000/_next/static/chunks/node_modules_%40supabase_auth-js_dist_module_0.pzobh._.js:951:24)
    at _request (http://localhost:3000/_next/static/chunks/node_modules_%40supabase_auth-js_dist_module_0.pzobh._.js:938:24)
    at http://localhost:3000/_next/static/chunks/node_modules_%40supabase_auth-js_dist_module_0.pzobh._.js:7482:220
    at http://localhost:3000/_next/static/chunks/node_modules_%40supabase_auth-js_dist_module_0.pzobh._.js:667:42
    at http://localhost:3000/_next/static/chunks/node_modules_%40supabase_auth-js_dist_module_0.pzobh._.js:679:11
    at new Promise (<anonymous>)
    at retryable (http://localhost:3000/_next/static/chunks/node_modules_%40supabase_auth-js_dist_module_0.pzobh._.js:661:21)
    at SupabaseAuthClient._refreshAccessToken (http://localhost:3000/_next/static/chunks/node_modules_%40supabase_auth-js_dist_module_0.pzobh._.js:7477:219)
    at SupabaseAuthClient._callRefreshToken (http://localhost:3000/_next/static/chunks/node_modules_%40supabase_auth-js_dist_module_0.pzobh._.js:7633:48)
    at SupabaseAuthClient.__loadSession (http://localhost:3000/_next/static/chunks/node_modules_%40supabase_auth-js_dist_module_0.pzobh._.js:5996:57)
    at async SupabaseAuthClient._useSession (http://localhost:3000/_next/static/chunks/node_modules_%40supabase_auth-js_dist_module_0.pzobh._.js:5926:28)
    at async http://localhost:3000/_next/static/chunks/node_modules_%40supabase_auth-js_dist_module_0.pzobh._.js:7903:32
    at async http://localhost:3000/_next/static/chunks/node_modules_%40supabase_auth-js_dist_module_0.pzobh._.js:5875:28 @ http://localhost:3000/_next/static/chunks/node_modules_next_dist_115brz8._.js:3272
[50759418ms] [ERROR] Failed to load resource: net::ERR_QUIC_PROTOCOL_ERROR @ https://wnitkyyodymmjedlttex.supabase.co/auth/v1/token?grant_type=refresh_token:0
[50759418ms] [ERROR] TypeError: Failed to fetch
    at http://localhost:3000/_next/static/chunks/node_modules_%40supabase_auth-js_dist_module_0.pzobh._.js:597:23
    at _handleRequest (http://localhost:3000/_next/static/chunks/node_modules_%40supabase_auth-js_dist_module_0.pzobh._.js:951:24)
    at _request (http://localhost:3000/_next/static/chunks/node_modules_%40supabase_auth-js_dist_module_0.pzobh._.js:938:24)
    at http://localhost:3000/_next/static/chunks/node_modules_%40supabase_auth-js_dist_module_0.pzobh._.js:7482:220
    at async http://localhost:3000/_next/static/chunks/node_modules_%40supabase_auth-js_dist_module_0.pzobh._.js:667:36 @ http://localhost:3000/_next/static/chunks/node_modules_next_dist_115brz8._.js:3272
[50763839ms] [ERROR] Failed to load resource: net::ERR_QUIC_PROTOCOL_ERROR @ https://wnitkyyodymmjedlttex.supabase.co/auth/v1/token?grant_type=refresh_token:0
[50763840ms] [ERROR] TypeError: Failed to fetch
    at http://localhost:3000/_next/static/chunks/node_modules_%40supabase_auth-js_dist_module_0.pzobh._.js:597:23
    at _handleRequest (http://localhost:3000/_next/static/chunks/node_modules_%40supabase_auth-js_dist_module_0.pzobh._.js:951:24)
    at _request (http://localhost:3000/_next/static/chunks/node_modules_%40supabase_auth-js_dist_module_0.pzobh._.js:938:24)
    at http://localhost:3000/_next/static/chunks/node_modules_%40supabase_auth-js_dist_module_0.pzobh._.js:7482:220
    at async http://localhost:3000/_next/static/chunks/node_modules_%40supabase_auth-js_dist_module_0.pzobh._.js:667:36 @ http://localhost:3000/_next/static/chunks/node_modules_next_dist_115brz8._.js:3272
[50768648ms] [ERROR] Failed to load resource: net::ERR_QUIC_PROTOCOL_ERROR @ https://wnitkyyodymmjedlttex.supabase.co/auth/v1/token?grant_type=refresh_token:0
[50768648ms] [ERROR] TypeError: Failed to fetch
    at http://localhost:3000/_next/static/chunks/node_modules_%40supabase_auth-js_dist_module_0.pzobh._.js:597:23
    at _handleRequest (http://localhost:3000/_next/static/chunks/node_modules_%40supabase_auth-js_dist_module_0.pzobh._.js:951:24)
    at _request (http://localhost:3000/_next/static/chunks/node_modules_%40supabase_auth-js_dist_module_0.pzobh._.js:938:24)
    at http://localhost:3000/_next/static/chunks/node_modules_%40supabase_auth-js_dist_module_0.pzobh._.js:7482:220
    at async http://localhost:3000/_next/static/chunks/node_modules_%40supabase_auth-js_dist_module_0.pzobh._.js:667:36 @ http://localhost:3000/_next/static/chunks/node_modules_next_dist_115brz8._.js:3272
[50774263ms] [ERROR] Failed to load resource: net::ERR_QUIC_PROTOCOL_ERROR @ https://wnitkyyodymmjedlttex.supabase.co/auth/v1/token?grant_type=refresh_token:0
[50774263ms] [ERROR] TypeError: Failed to fetch
    at http://localhost:3000/_next/static/chunks/node_modules_%40supabase_auth-js_dist_module_0.pzobh._.js:597:23
    at _handleRequest (http://localhost:3000/_next/static/chunks/node_modules_%40supabase_auth-js_dist_module_0.pzobh._.js:951:24)
    at _request (http://localhost:3000/_next/static/chunks/node_modules_%40supabase_auth-js_dist_module_0.pzobh._.js:938:24)
    at http://localhost:3000/_next/static/chunks/node_modules_%40supabase_auth-js_dist_module_0.pzobh._.js:7482:220
    at async http://localhost:3000/_next/static/chunks/node_modules_%40supabase_auth-js_dist_module_0.pzobh._.js:667:36 @ http://localhost:3000/_next/static/chunks/node_modules_next_dist_115brz8._.js:3272
[50781488ms] [ERROR] Failed to load resource: net::ERR_QUIC_PROTOCOL_ERROR @ https://wnitkyyodymmjedlttex.supabase.co/auth/v1/token?grant_type=refresh_token:0
[50781488ms] [ERROR] TypeError: Failed to fetch
    at http://localhost:3000/_next/static/chunks/node_modules_%40supabase_auth-js_dist_module_0.pzobh._.js:597:23
    at _handleRequest (http://localhost:3000/_next/static/chunks/node_modules_%40supabase_auth-js_dist_module_0.pzobh._.js:951:24)
    at _request (http://localhost:3000/_next/static/chunks/node_modules_%40supabase_auth-js_dist_module_0.pzobh._.js:938:24)
    at http://localhost:3000/_next/static/chunks/node_modules_%40supabase_auth-js_dist_module_0.pzobh._.js:7482:220
    at async http://localhost:3000/_next/static/chunks/node_modules_%40supabase_auth-js_dist_module_0.pzobh._.js:667:36 @ http://localhost:3000/_next/static/chunks/node_modules_next_dist_115brz8._.js:3272
[50785494ms] [ERROR] Failed to load resource: net::ERR_QUIC_PROTOCOL_ERROR @ https://wnitkyyodymmjedlttex.supabase.co/auth/v1/token?grant_type=refresh_token:0
[50785494ms] [ERROR] TypeError: Failed to fetch
    at http://localhost:3000/_next/static/chunks/node_modules_%40supabase_auth-js_dist_module_0.pzobh._.js:597:23
    at _handleRequest (http://localhost:3000/_next/static/chunks/node_modules_%40supabase_auth-js_dist_module_0.pzobh._.js:951:24)
    at _request (http://localhost:3000/_next/static/chunks/node_modules_%40supabase_auth-js_dist_module_0.pzobh._.js:938:24)
    at http://localhost:3000/_next/static/chunks/node_modules_%40supabase_auth-js_dist_module_0.pzobh._.js:7482:220
    at http://localhost:3000/_next/static/chunks/node_modules_%40supabase_auth-js_dist_module_0.pzobh._.js:667:42
    at http://localhost:3000/_next/static/chunks/node_modules_%40supabase_auth-js_dist_module_0.pzobh._.js:679:11
    at new Promise (<anonymous>)
    at retryable (http://localhost:3000/_next/static/chunks/node_modules_%40supabase_auth-js_dist_module_0.pzobh._.js:661:21)
    at SupabaseAuthClient._refreshAccessToken (http://localhost:3000/_next/static/chunks/node_modules_%40supabase_auth-js_dist_module_0.pzobh._.js:7477:219)
    at SupabaseAuthClient._callRefreshToken (http://localhost:3000/_next/static/chunks/node_modules_%40supabase_auth-js_dist_module_0.pzobh._.js:7633:48)
    at SupabaseAuthClient.__loadSession (http://localhost:3000/_next/static/chunks/node_modules_%40supabase_auth-js_dist_module_0.pzobh._.js:5996:57)
    at async SupabaseAuthClient._useSession (http://localhost:3000/_next/static/chunks/node_modules_%40supabase_auth-js_dist_module_0.pzobh._.js:5926:28)
    at async http://localhost:3000/_next/static/chunks/node_modules_%40supabase_auth-js_dist_module_0.pzobh._.js:7903:32
    at async http://localhost:3000/_next/static/chunks/node_modules_%40supabase_auth-js_dist_module_0.pzobh._.js:5875:28 @ http://localhost:3000/_next/static/chunks/node_modules_next_dist_115brz8._.js:3272
[50789717ms] [ERROR] Failed to load resource: net::ERR_QUIC_PROTOCOL_ERROR @ https://wnitkyyodymmjedlttex.supabase.co/auth/v1/token?grant_type=refresh_token:0
[50789717ms] [ERROR] TypeError: Failed to fetch
    at http://localhost:3000/_next/static/chunks/node_modules_%40supabase_auth-js_dist_module_0.pzobh._.js:597:23
    at _handleRequest (http://localhost:3000/_next/static/chunks/node_modules_%40supabase_auth-js_dist_module_0.pzobh._.js:951:24)
    at _request (http://localhost:3000/_next/static/chunks/node_modules_%40supabase_auth-js_dist_module_0.pzobh._.js:938:24)
    at http://localhost:3000/_next/static/chunks/node_modules_%40supabase_auth-js_dist_module_0.pzobh._.js:7482:220
    at async http://localhost:3000/_next/static/chunks/node_modules_%40supabase_auth-js_dist_module_0.pzobh._.js:667:36 @ http://localhost:3000/_next/static/chunks/node_modules_next_dist_115brz8._.js:3272
[50794128ms] [ERROR] Failed to load resource: net::ERR_QUIC_PROTOCOL_ERROR @ https://wnitkyyodymmjedlttex.supabase.co/auth/v1/token?grant_type=refresh_token:0
[50794128ms] [ERROR] TypeError: Failed to fetch
    at http://localhost:3000/_next/static/chunks/node_modules_%40supabase_auth-js_dist_module_0.pzobh._.js:597:23
    at _handleRequest (http://localhost:3000/_next/static/chunks/node_modules_%40supabase_auth-js_dist_module_0.pzobh._.js:951:24)
    at _request (http://localhost:3000/_next/static/chunks/node_modules_%40supabase_auth-js_dist_module_0.pzobh._.js:938:24)
    at http://localhost:3000/_next/static/chunks/node_modules_%40supabase_auth-js_dist_module_0.pzobh._.js:7482:220
    at async http://localhost:3000/_next/static/chunks/node_modules_%40supabase_auth-js_dist_module_0.pzobh._.js:667:36 @ http://localhost:3000/_next/static/chunks/node_modules_next_dist_115brz8._.js:3272
[50798950ms] [ERROR] Failed to load resource: net::ERR_QUIC_PROTOCOL_ERROR @ https://wnitkyyodymmjedlttex.supabase.co/auth/v1/token?grant_type=refresh_token:0
[50798950ms] [ERROR] TypeError: Failed to fetch
    at http://localhost:3000/_next/static/chunks/node_modules_%40supabase_auth-js_dist_module_0.pzobh._.js:597:23
    at _handleRequest (http://localhost:3000/_next/static/chunks/node_modules_%40supabase_auth-js_dist_module_0.pzobh._.js:951:24)
    at _request (http://localhost:3000/_next/static/chunks/node_modules_%40supabase_auth-js_dist_module_0.pzobh._.js:938:24)
    at http://localhost:3000/_next/static/chunks/node_modules_%40supabase_auth-js_dist_module_0.pzobh._.js:7482:220
    at async http://localhost:3000/_next/static/chunks/node_modules_%40supabase_auth-js_dist_module_0.pzobh._.js:667:36 @ http://localhost:3000/_next/static/chunks/node_modules_next_dist_115brz8._.js:3272
[50804570ms] [ERROR] Failed to load resource: net::ERR_QUIC_PROTOCOL_ERROR @ https://wnitkyyodymmjedlttex.supabase.co/auth/v1/token?grant_type=refresh_token:0
[50804570ms] [ERROR] TypeError: Failed to fetch
    at http://localhost:3000/_next/static/chunks/node_modules_%40supabase_auth-js_dist_module_0.pzobh._.js:597:23
    at _handleRequest (http://localhost:3000/_next/static/chunks/node_modules_%40supabase_auth-js_dist_module_0.pzobh._.js:951:24)
    at _request (http://localhost:3000/_next/static/chunks/node_modules_%40supabase_auth-js_dist_module_0.pzobh._.js:938:24)
    at http://localhost:3000/_next/static/chunks/node_modules_%40supabase_auth-js_dist_module_0.pzobh._.js:7482:220
    at async http://localhost:3000/_next/static/chunks/node_modules_%40supabase_auth-js_dist_module_0.pzobh._.js:667:36 @ http://localhost:3000/_next/static/chunks/node_modules_next_dist_115brz8._.js:3272
[50811784ms] [ERROR] Failed to load resource: net::ERR_QUIC_PROTOCOL_ERROR @ https://wnitkyyodymmjedlttex.supabase.co/auth/v1/token?grant_type=refresh_token:0
[50811784ms] [ERROR] TypeError: Failed to fetch
    at http://localhost:3000/_next/static/chunks/node_modules_%40supabase_auth-js_dist_module_0.pzobh._.js:597:23
    at _handleRequest (http://localhost:3000/_next/static/chunks/node_modules_%40supabase_auth-js_dist_module_0.pzobh._.js:951:24)
    at _request (http://localhost:3000/_next/static/chunks/node_modules_%40supabase_auth-js_dist_module_0.pzobh._.js:938:24)
    at http://localhost:3000/_next/static/chunks/node_modules_%40supabase_auth-js_dist_module_0.pzobh._.js:7482:220
    at async http://localhost:3000/_next/static/chunks/node_modules_%40supabase_auth-js_dist_module_0.pzobh._.js:667:36 @ http://localhost:3000/_next/static/chunks/node_modules_next_dist_115brz8._.js:3272
[50815795ms] [ERROR] Failed to load resource: net::ERR_QUIC_PROTOCOL_ERROR @ https://wnitkyyodymmjedlttex.supabase.co/auth/v1/token?grant_type=refresh_token:0
[50815796ms] [ERROR] TypeError: Failed to fetch
    at http://localhost:3000/_next/static/chunks/node_modules_%40supabase_auth-js_dist_module_0.pzobh._.js:597:23
    at _handleRequest (http://localhost:3000/_next/static/chunks/node_modules_%40supabase_auth-js_dist_module_0.pzobh._.js:951:24)
    at _request (http://localhost:3000/_next/static/chunks/node_modules_%40supabase_auth-js_dist_module_0.pzobh._.js:938:24)
    at http://localhost:3000/_next/static/chunks/node_modules_%40supabase_auth-js_dist_module_0.pzobh._.js:7482:220
    at http://localhost:3000/_next/static/chunks/node_modules_%40supabase_auth-js_dist_module_0.pzobh._.js:667:42
    at http://localhost:3000/_next/static/chunks/node_modules_%40supabase_auth-js_dist_module_0.pzobh._.js:679:11
    at new Promise (<anonymous>)
    at retryable (http://localhost:3000/_next/static/chunks/node_modules_%40supabase_auth-js_dist_module_0.pzobh._.js:661:21)
    at SupabaseAuthClient._refreshAccessToken (http://localhost:3000/_next/static/chunks/node_modules_%40supabase_auth-js_dist_module_0.pzobh._.js:7477:219)
    at SupabaseAuthClient._callRefreshToken (http://localhost:3000/_next/static/chunks/node_modules_%40supabase_auth-js_dist_module_0.pzobh._.js:7633:48)
    at SupabaseAuthClient.__loadSession (http://localhost:3000/_next/static/chunks/node_modules_%40supabase_auth-js_dist_module_0.pzobh._.js:5996:57)
    at async SupabaseAuthClient._useSession (http://localhost:3000/_next/static/chunks/node_modules_%40supabase_auth-js_dist_module_0.pzobh._.js:5926:28)
    at async http://localhost:3000/_next/static/chunks/node_modules_%40supabase_auth-js_dist_module_0.pzobh._.js:7903:32
    at async http://localhost:3000/_next/static/chunks/node_modules_%40supabase_auth-js_dist_module_0.pzobh._.js:5875:28 @ http://localhost:3000/_next/static/chunks/node_modules_next_dist_115brz8._.js:3272
[50820013ms] [ERROR] Failed to load resource: net::ERR_QUIC_PROTOCOL_ERROR @ https://wnitkyyodymmjedlttex.supabase.co/auth/v1/token?grant_type=refresh_token:0
[50820013ms] [ERROR] TypeError: Failed to fetch
    at http://localhost:3000/_next/static/chunks/node_modules_%40supabase_auth-js_dist_module_0.pzobh._.js:597:23
    at _handleRequest (http://localhost:3000/_next/static/chunks/node_modules_%40supabase_auth-js_dist_module_0.pzobh._.js:951:24)
    at _request (http://localhost:3000/_next/static/chunks/node_modules_%40supabase_auth-js_dist_module_0.pzobh._.js:938:24)
    at http://localhost:3000/_next/static/chunks/node_modules_%40supabase_auth-js_dist_module_0.pzobh._.js:7482:220
    at async http://localhost:3000/_next/static/chunks/node_modules_%40supabase_auth-js_dist_module_0.pzobh._.js:667:36 @ http://localhost:3000/_next/static/chunks/node_modules_next_dist_115brz8._.js:3272
[50824438ms] [ERROR] Failed to load resource: net::ERR_QUIC_PROTOCOL_ERROR @ https://wnitkyyodymmjedlttex.supabase.co/auth/v1/token?grant_type=refresh_token:0
[50824438ms] [ERROR] TypeError: Failed to fetch
    at http://localhost:3000/_next/static/chunks/node_modules_%40supabase_auth-js_dist_module_0.pzobh._.js:597:23
    at _handleRequest (http://localhost:3000/_next/static/chunks/node_modules_%40supabase_auth-js_dist_module_0.pzobh._.js:951:24)
    at _request (http://localhost:3000/_next/static/chunks/node_modules_%40supabase_auth-js_dist_module_0.pzobh._.js:938:24)
    at http://localhost:3000/_next/static/chunks/node_modules_%40supabase_auth-js_dist_module_0.pzobh._.js:7482:220
    at async http://localhost:3000/_next/static/chunks/node_modules_%40supabase_auth-js_dist_module_0.pzobh._.js:667:36 @ http://localhost:3000/_next/static/chunks/node_modules_next_dist_115brz8._.js:3272
[50829258ms] [ERROR] Failed to load resource: net::ERR_QUIC_PROTOCOL_ERROR @ https://wnitkyyodymmjedlttex.supabase.co/auth/v1/token?grant_type=refresh_token:0
[50829258ms] [ERROR] TypeError: Failed to fetch
    at http://localhost:3000/_next/static/chunks/node_modules_%40supabase_auth-js_dist_module_0.pzobh._.js:597:23
    at _handleRequest (http://localhost:3000/_next/static/chunks/node_modules_%40supabase_auth-js_dist_module_0.pzobh._.js:951:24)
    at _request (http://localhost:3000/_next/static/chunks/node_modules_%40supabase_auth-js_dist_module_0.pzobh._.js:938:24)
    at http://localhost:3000/_next/static/chunks/node_modules_%40supabase_auth-js_dist_module_0.pzobh._.js:7482:220
    at async http://localhost:3000/_next/static/chunks/node_modules_%40supabase_auth-js_dist_module_0.pzobh._.js:667:36 @ http://localhost:3000/_next/static/chunks/node_modules_next_dist_115brz8._.js:3272
[50834883ms] [ERROR] Failed to load resource: net::ERR_QUIC_PROTOCOL_ERROR @ https://wnitkyyodymmjedlttex.supabase.co/auth/v1/token?grant_type=refresh_token:0
[50834883ms] [ERROR] TypeError: Failed to fetch
    at http://localhost:3000/_next/static/chunks/node_modules_%40supabase_auth-js_dist_module_0.pzobh._.js:597:23
    at _handleRequest (http://localhost:3000/_next/static/chunks/node_modules_%40supabase_auth-js_dist_module_0.pzobh._.js:951:24)
    at _request (http://localhost:3000/_next/static/chunks/node_modules_%40supabase_auth-js_dist_module_0.pzobh._.js:938:24)
    at http://localhost:3000/_next/static/chunks/node_modules_%40supabase_auth-js_dist_module_0.pzobh._.js:7482:220
    at async http://localhost:3000/_next/static/chunks/node_modules_%40supabase_auth-js_dist_module_0.pzobh._.js:667:36 @ http://localhost:3000/_next/static/chunks/node_modules_next_dist_115brz8._.js:3272
[50842103ms] [ERROR] Failed to load resource: net::ERR_QUIC_PROTOCOL_ERROR @ https://wnitkyyodymmjedlttex.supabase.co/auth/v1/token?grant_type=refresh_token:0
[50842104ms] [ERROR] TypeError: Failed to fetch
    at http://localhost:3000/_next/static/chunks/node_modules_%40supabase_auth-js_dist_module_0.pzobh._.js:597:23
    at _handleRequest (http://localhost:3000/_next/static/chunks/node_modules_%40supabase_auth-js_dist_module_0.pzobh._.js:951:24)
    at _request (http://localhost:3000/_next/static/chunks/node_modules_%40supabase_auth-js_dist_module_0.pzobh._.js:938:24)
    at http://localhost:3000/_next/static/chunks/node_modules_%40supabase_auth-js_dist_module_0.pzobh._.js:7482:220
    at async http://localhost:3000/_next/static/chunks/node_modules_%40supabase_auth-js_dist_module_0.pzobh._.js:667:36 @ http://localhost:3000/_next/static/chunks/node_modules_next_dist_115brz8._.js:3272
[50846122ms] [ERROR] Failed to load resource: net::ERR_QUIC_PROTOCOL_ERROR @ https://wnitkyyodymmjedlttex.supabase.co/auth/v1/token?grant_type=refresh_token:0
[50846122ms] [ERROR] TypeError: Failed to fetch
    at http://localhost:3000/_next/static/chunks/node_modules_%40supabase_auth-js_dist_module_0.pzobh._.js:597:23
    at _handleRequest (http://localhost:3000/_next/static/chunks/node_modules_%40supabase_auth-js_dist_module_0.pzobh._.js:951:24)
    at _request (http://localhost:3000/_next/static/chunks/node_modules_%40supabase_auth-js_dist_module_0.pzobh._.js:938:24)
    at http://localhost:3000/_next/static/chunks/node_modules_%40supabase_auth-js_dist_module_0.pzobh._.js:7482:220
    at http://localhost:3000/_next/static/chunks/node_modules_%40supabase_auth-js_dist_module_0.pzobh._.js:667:42
    at http://localhost:3000/_next/static/chunks/node_modules_%40supabase_auth-js_dist_module_0.pzobh._.js:679:11
    at new Promise (<anonymous>)
    at retryable (http://localhost:3000/_next/static/chunks/node_modules_%40supabase_auth-js_dist_module_0.pzobh._.js:661:21)
    at SupabaseAuthClient._refreshAccessToken (http://localhost:3000/_next/static/chunks/node_modules_%40supabase_auth-js_dist_module_0.pzobh._.js:7477:219)
    at SupabaseAuthClient._callRefreshToken (http://localhost:3000/_next/static/chunks/node_modules_%40supabase_auth-js_dist_module_0.pzobh._.js:7633:48)
    at SupabaseAuthClient.__loadSession (http://localhost:3000/_next/static/chunks/node_modules_%40supabase_auth-js_dist_module_0.pzobh._.js:5996:57)
    at async SupabaseAuthClient._useSession (http://localhost:3000/_next/static/chunks/node_modules_%40supabase_auth-js_dist_module_0.pzobh._.js:5926:28)
    at async http://localhost:3000/_next/static/chunks/node_modules_%40supabase_auth-js_dist_module_0.pzobh._.js:7903:32
    at async http://localhost:3000/_next/static/chunks/node_modules_%40supabase_auth-js_dist_module_0.pzobh._.js:5875:28 @ http://localhost:3000/_next/static/chunks/node_modules_next_dist_115brz8._.js:3272
[50850334ms] [ERROR] Failed to load resource: net::ERR_QUIC_PROTOCOL_ERROR @ https://wnitkyyodymmjedlttex.supabase.co/auth/v1/token?grant_type=refresh_token:0
[50850334ms] [ERROR] TypeError: Failed to fetch
    at http://localhost:3000/_next/static/chunks/node_modules_%40supabase_auth-js_dist_module_0.pzobh._.js:597:23
    at _handleRequest (http://localhost:3000/_next/static/chunks/node_modules_%40supabase_auth-js_dist_module_0.pzobh._.js:951:24)
    at _request (http://localhost:3000/_next/static/chunks/node_modules_%40supabase_auth-js_dist_module_0.pzobh._.js:938:24)
    at http://localhost:3000/_next/static/chunks/node_modules_%40supabase_auth-js_dist_module_0.pzobh._.js:7482:220
    at async http://localhost:3000/_next/static/chunks/node_modules_%40supabase_auth-js_dist_module_0.pzobh._.js:667:36 @ http://localhost:3000/_next/static/chunks/node_modules_next_dist_115brz8._.js:3272
[50854755ms] [ERROR] Failed to load resource: net::ERR_QUIC_PROTOCOL_ERROR @ https://wnitkyyodymmjedlttex.supabase.co/auth/v1/token?grant_type=refresh_token:0
[50854755ms] [ERROR] TypeError: Failed to fetch
    at http://localhost:3000/_next/static/chunks/node_modules_%40supabase_auth-js_dist_module_0.pzobh._.js:597:23
    at _handleRequest (http://localhost:3000/_next/static/chunks/node_modules_%40supabase_auth-js_dist_module_0.pzobh._.js:951:24)
    at _request (http://localhost:3000/_next/static/chunks/node_modules_%40supabase_auth-js_dist_module_0.pzobh._.js:938:24)
    at http://localhost:3000/_next/static/chunks/node_modules_%40supabase_auth-js_dist_module_0.pzobh._.js:7482:220
    at async http://localhost:3000/_next/static/chunks/node_modules_%40supabase_auth-js_dist_module_0.pzobh._.js:667:36 @ http://localhost:3000/_next/static/chunks/node_modules_next_dist_115brz8._.js:3272
[50859577ms] [ERROR] Failed to load resource: net::ERR_QUIC_PROTOCOL_ERROR @ https://wnitkyyodymmjedlttex.supabase.co/auth/v1/token?grant_type=refresh_token:0
[50859578ms] [ERROR] TypeError: Failed to fetch
    at http://localhost:3000/_next/static/chunks/node_modules_%40supabase_auth-js_dist_module_0.pzobh._.js:597:23
    at _handleRequest (http://localhost:3000/_next/static/chunks/node_modules_%40supabase_auth-js_dist_module_0.pzobh._.js:951:24)
    at _request (http://localhost:3000/_next/static/chunks/node_modules_%40supabase_auth-js_dist_module_0.pzobh._.js:938:24)
    at http://localhost:3000/_next/static/chunks/node_modules_%40supabase_auth-js_dist_module_0.pzobh._.js:7482:220
    at async http://localhost:3000/_next/static/chunks/node_modules_%40supabase_auth-js_dist_module_0.pzobh._.js:667:36 @ http://localhost:3000/_next/static/chunks/node_modules_next_dist_115brz8._.js:3272
[50865199ms] [ERROR] Failed to load resource: net::ERR_QUIC_PROTOCOL_ERROR @ https://wnitkyyodymmjedlttex.supabase.co/auth/v1/token?grant_type=refresh_token:0
[50865199ms] [ERROR] TypeError: Failed to fetch
    at http://localhost:3000/_next/static/chunks/node_modules_%40supabase_auth-js_dist_module_0.pzobh._.js:597:23
    at _handleRequest (http://localhost:3000/_next/static/chunks/node_modules_%40supabase_auth-js_dist_module_0.pzobh._.js:951:24)
    at _request (http://localhost:3000/_next/static/chunks/node_modules_%40supabase_auth-js_dist_module_0.pzobh._.js:938:24)
    at http://localhost:3000/_next/static/chunks/node_modules_%40supabase_auth-js_dist_module_0.pzobh._.js:7482:220
    at async http://localhost:3000/_next/static/chunks/node_modules_%40supabase_auth-js_dist_module_0.pzobh._.js:667:36 @ http://localhost:3000/_next/static/chunks/node_modules_next_dist_115brz8._.js:3272
[50872411ms] [ERROR] Failed to load resource: net::ERR_QUIC_PROTOCOL_ERROR @ https://wnitkyyodymmjedlttex.supabase.co/auth/v1/token?grant_type=refresh_token:0
[50872411ms] [ERROR] TypeError: Failed to fetch
    at http://localhost:3000/_next/static/chunks/node_modules_%40supabase_auth-js_dist_module_0.pzobh._.js:597:23
    at _handleRequest (http://localhost:3000/_next/static/chunks/node_modules_%40supabase_auth-js_dist_module_0.pzobh._.js:951:24)
    at _request (http://localhost:3000/_next/static/chunks/node_modules_%40supabase_auth-js_dist_module_0.pzobh._.js:938:24)
    at http://localhost:3000/_next/static/chunks/node_modules_%40supabase_auth-js_dist_module_0.pzobh._.js:7482:220
    at async http://localhost:3000/_next/static/chunks/node_modules_%40supabase_auth-js_dist_module_0.pzobh._.js:667:36 @ http://localhost:3000/_next/static/chunks/node_modules_next_dist_115brz8._.js:3272
[50876416ms] [ERROR] Failed to load resource: net::ERR_QUIC_PROTOCOL_ERROR @ https://wnitkyyodymmjedlttex.supabase.co/auth/v1/token?grant_type=refresh_token:0
[50876416ms] [ERROR] TypeError: Failed to fetch
    at http://localhost:3000/_next/static/chunks/node_modules_%40supabase_auth-js_dist_module_0.pzobh._.js:597:23
    at _handleRequest (http://localhost:3000/_next/static/chunks/node_modules_%40supabase_auth-js_dist_module_0.pzobh._.js:951:24)
    at _request (http://localhost:3000/_next/static/chunks/node_modules_%40supabase_auth-js_dist_module_0.pzobh._.js:938:24)
    at http://localhost:3000/_next/static/chunks/node_modules_%40supabase_auth-js_dist_module_0.pzobh._.js:7482:220
    at http://localhost:3000/_next/static/chunks/node_modules_%40supabase_auth-js_dist_module_0.pzobh._.js:667:42
    at http://localhost:3000/_next/static/chunks/node_modules_%40supabase_auth-js_dist_module_0.pzobh._.js:679:11
    at new Promise (<anonymous>)
    at retryable (http://localhost:3000/_next/static/chunks/node_modules_%40supabase_auth-js_dist_module_0.pzobh._.js:661:21)
    at SupabaseAuthClient._refreshAccessToken (http://localhost:3000/_next/static/chunks/node_modules_%40supabase_auth-js_dist_module_0.pzobh._.js:7477:219)
    at SupabaseAuthClient._callRefreshToken (http://localhost:3000/_next/static/chunks/node_modules_%40supabase_auth-js_dist_module_0.pzobh._.js:7633:48)
    at SupabaseAuthClient.__loadSession (http://localhost:3000/_next/static/chunks/node_modules_%40supabase_auth-js_dist_module_0.pzobh._.js:5996:57)
    at async SupabaseAuthClient._useSession (http://localhost:3000/_next/static/chunks/node_modules_%40supabase_auth-js_dist_module_0.pzobh._.js:5926:28)
    at async http://localhost:3000/_next/static/chunks/node_modules_%40supabase_auth-js_dist_module_0.pzobh._.js:7903:32
    at async http://localhost:3000/_next/static/chunks/node_modules_%40supabase_auth-js_dist_module_0.pzobh._.js:5875:28 @ http://localhost:3000/_next/static/chunks/node_modules_next_dist_115brz8._.js:3272
[50880625ms] [ERROR] Failed to load resource: net::ERR_QUIC_PROTOCOL_ERROR @ https://wnitkyyodymmjedlttex.supabase.co/auth/v1/token?grant_type=refresh_token:0
[50880626ms] [ERROR] TypeError: Failed to fetch
    at http://localhost:3000/_next/static/chunks/node_modules_%40supabase_auth-js_dist_module_0.pzobh._.js:597:23
    at _handleRequest (http://localhost:3000/_next/static/chunks/node_modules_%40supabase_auth-js_dist_module_0.pzobh._.js:951:24)
    at _request (http://localhost:3000/_next/static/chunks/node_modules_%40supabase_auth-js_dist_module_0.pzobh._.js:938:24)
    at http://localhost:3000/_next/static/chunks/node_modules_%40supabase_auth-js_dist_module_0.pzobh._.js:7482:220
    at async http://localhost:3000/_next/static/chunks/node_modules_%40supabase_auth-js_dist_module_0.pzobh._.js:667:36 @ http://localhost:3000/_next/static/chunks/node_modules_next_dist_115brz8._.js:3272
[50885053ms] [ERROR] Failed to load resource: net::ERR_QUIC_PROTOCOL_ERROR @ https://wnitkyyodymmjedlttex.supabase.co/auth/v1/token?grant_type=refresh_token:0
[50885054ms] [ERROR] TypeError: Failed to fetch
    at http://localhost:3000/_next/static/chunks/node_modules_%40supabase_auth-js_dist_module_0.pzobh._.js:597:23
    at _handleRequest (http://localhost:3000/_next/static/chunks/node_modules_%40supabase_auth-js_dist_module_0.pzobh._.js:951:24)
    at _request (http://localhost:3000/_next/static/chunks/node_modules_%40supabase_auth-js_dist_module_0.pzobh._.js:938:24)
    at http://localhost:3000/_next/static/chunks/node_modules_%40supabase_auth-js_dist_module_0.pzobh._.js:7482:220
    at async http://localhost:3000/_next/static/chunks/node_modules_%40supabase_auth-js_dist_module_0.pzobh._.js:667:36 @ http://localhost:3000/_next/static/chunks/node_modules_next_dist_115brz8._.js:3272
[50889879ms] [ERROR] Failed to load resource: net::ERR_QUIC_PROTOCOL_ERROR @ https://wnitkyyodymmjedlttex.supabase.co/auth/v1/token?grant_type=refresh_token:0
[50889879ms] [ERROR] TypeError: Failed to fetch
    at http://localhost:3000/_next/static/chunks/node_modules_%40supabase_auth-js_dist_module_0.pzobh._.js:597:23
    at _handleRequest (http://localhost:3000/_next/static/chunks/node_modules_%40supabase_auth-js_dist_module_0.pzobh._.js:951:24)
    at _request (http://localhost:3000/_next/static/chunks/node_modules_%40supabase_auth-js_dist_module_0.pzobh._.js:938:24)
    at http://localhost:3000/_next/static/chunks/node_modules_%40supabase_auth-js_dist_module_0.pzobh._.js:7482:220
    at async http://localhost:3000/_next/static/chunks/node_modules_%40supabase_auth-js_dist_module_0.pzobh._.js:667:36 @ http://localhost:3000/_next/static/chunks/node_modules_next_dist_115brz8._.js:3272
[50895497ms] [ERROR] Failed to load resource: net::ERR_QUIC_PROTOCOL_ERROR @ https://wnitkyyodymmjedlttex.supabase.co/auth/v1/token?grant_type=refresh_token:0
[50895497ms] [ERROR] TypeError: Failed to fetch
    at http://localhost:3000/_next/static/chunks/node_modules_%40supabase_auth-js_dist_module_0.pzobh._.js:597:23
    at _handleRequest (http://localhost:3000/_next/static/chunks/node_modules_%40supabase_auth-js_dist_module_0.pzobh._.js:951:24)
    at _request (http://localhost:3000/_next/static/chunks/node_modules_%40supabase_auth-js_dist_module_0.pzobh._.js:938:24)
    at http://localhost:3000/_next/static/chunks/node_modules_%40supabase_auth-js_dist_module_0.pzobh._.js:7482:220
    at async http://localhost:3000/_next/static/chunks/node_modules_%40supabase_auth-js_dist_module_0.pzobh._.js:667:36 @ http://localhost:3000/_next/static/chunks/node_modules_next_dist_115brz8._.js:3272
[50902727ms] [ERROR] Failed to load resource: net::ERR_QUIC_PROTOCOL_ERROR @ https://wnitkyyodymmjedlttex.supabase.co/auth/v1/token?grant_type=refresh_token:0
[50902727ms] [ERROR] TypeError: Failed to fetch
    at http://localhost:3000/_next/static/chunks/node_modules_%40supabase_auth-js_dist_module_0.pzobh._.js:597:23
    at _handleRequest (http://localhost:3000/_next/static/chunks/node_modules_%40supabase_auth-js_dist_module_0.pzobh._.js:951:24)
    at _request (http://localhost:3000/_next/static/chunks/node_modules_%40supabase_auth-js_dist_module_0.pzobh._.js:938:24)
    at http://localhost:3000/_next/static/chunks/node_modules_%40supabase_auth-js_dist_module_0.pzobh._.js:7482:220
    at async http://localhost:3000/_next/static/chunks/node_modules_%40supabase_auth-js_dist_module_0.pzobh._.js:667:36 @ http://localhost:3000/_next/static/chunks/node_modules_next_dist_115brz8._.js:3272
[50906743ms] [ERROR] Failed to load resource: net::ERR_QUIC_PROTOCOL_ERROR @ https://wnitkyyodymmjedlttex.supabase.co/auth/v1/token?grant_type=refresh_token:0
[50906744ms] [ERROR] TypeError: Failed to fetch
    at http://localhost:3000/_next/static/chunks/node_modules_%40supabase_auth-js_dist_module_0.pzobh._.js:597:23
    at _handleRequest (http://localhost:3000/_next/static/chunks/node_modules_%40supabase_auth-js_dist_module_0.pzobh._.js:951:24)
    at _request (http://localhost:3000/_next/static/chunks/node_modules_%40supabase_auth-js_dist_module_0.pzobh._.js:938:24)
    at http://localhost:3000/_next/static/chunks/node_modules_%40supabase_auth-js_dist_module_0.pzobh._.js:7482:220
    at http://localhost:3000/_next/static/chunks/node_modules_%40supabase_auth-js_dist_module_0.pzobh._.js:667:42
    at http://localhost:3000/_next/static/chunks/node_modules_%40supabase_auth-js_dist_module_0.pzobh._.js:679:11
    at new Promise (<anonymous>)
    at retryable (http://localhost:3000/_next/static/chunks/node_modules_%40supabase_auth-js_dist_module_0.pzobh._.js:661:21)
    at SupabaseAuthClient._refreshAccessToken (http://localhost:3000/_next/static/chunks/node_modules_%40supabase_auth-js_dist_module_0.pzobh._.js:7477:219)
    at SupabaseAuthClient._callRefreshToken (http://localhost:3000/_next/static/chunks/node_modules_%40supabase_auth-js_dist_module_0.pzobh._.js:7633:48)
    at SupabaseAuthClient.__loadSession (http://localhost:3000/_next/static/chunks/node_modules_%40supabase_auth-js_dist_module_0.pzobh._.js:5996:57)
    at async SupabaseAuthClient._useSession (http://localhost:3000/_next/static/chunks/node_modules_%40supabase_auth-js_dist_module_0.pzobh._.js:5926:28)
    at async http://localhost:3000/_next/static/chunks/node_modules_%40supabase_auth-js_dist_module_0.pzobh._.js:7903:32
    at async http://localhost:3000/_next/static/chunks/node_modules_%40supabase_auth-js_dist_module_0.pzobh._.js:5875:28 @ http://localhost:3000/_next/static/chunks/node_modules_next_dist_115brz8._.js:3272
[50910952ms] [ERROR] Failed to load resource: net::ERR_QUIC_PROTOCOL_ERROR @ https://wnitkyyodymmjedlttex.supabase.co/auth/v1/token?grant_type=refresh_token:0
[50910952ms] [ERROR] TypeError: Failed to fetch
    at http://localhost:3000/_next/static/chunks/node_modules_%40supabase_auth-js_dist_module_0.pzobh._.js:597:23
    at _handleRequest (http://localhost:3000/_next/static/chunks/node_modules_%40supabase_auth-js_dist_module_0.pzobh._.js:951:24)
    at _request (http://localhost:3000/_next/static/chunks/node_modules_%40supabase_auth-js_dist_module_0.pzobh._.js:938:24)
    at http://localhost:3000/_next/static/chunks/node_modules_%40supabase_auth-js_dist_module_0.pzobh._.js:7482:220
    at async http://localhost:3000/_next/static/chunks/node_modules_%40supabase_auth-js_dist_module_0.pzobh._.js:667:36 @ http://localhost:3000/_next/static/chunks/node_modules_next_dist_115brz8._.js:3272
[50915367ms] [ERROR] Failed to load resource: net::ERR_QUIC_PROTOCOL_ERROR @ https://wnitkyyodymmjedlttex.supabase.co/auth/v1/token?grant_type=refresh_token:0
[50915367ms] [ERROR] TypeError: Failed to fetch
    at http://localhost:3000/_next/static/chunks/node_modules_%40supabase_auth-js_dist_module_0.pzobh._.js:597:23
    at _handleRequest (http://localhost:3000/_next/static/chunks/node_modules_%40supabase_auth-js_dist_module_0.pzobh._.js:951:24)
    at _request (http://localhost:3000/_next/static/chunks/node_modules_%40supabase_auth-js_dist_module_0.pzobh._.js:938:24)
    at http://localhost:3000/_next/static/chunks/node_modules_%40supabase_auth-js_dist_module_0.pzobh._.js:7482:220
    at async http://localhost:3000/_next/static/chunks/node_modules_%40supabase_auth-js_dist_module_0.pzobh._.js:667:36 @ http://localhost:3000/_next/static/chunks/node_modules_next_dist_115brz8._.js:3272
[50920195ms] [ERROR] Failed to load resource: net::ERR_QUIC_PROTOCOL_ERROR @ https://wnitkyyodymmjedlttex.supabase.co/auth/v1/token?grant_type=refresh_token:0
[50920195ms] [ERROR] TypeError: Failed to fetch
    at http://localhost:3000/_next/static/chunks/node_modules_%40supabase_auth-js_dist_module_0.pzobh._.js:597:23
    at _handleRequest (http://localhost:3000/_next/static/chunks/node_modules_%40supabase_auth-js_dist_module_0.pzobh._.js:951:24)
    at _request (http://localhost:3000/_next/static/chunks/node_modules_%40supabase_auth-js_dist_module_0.pzobh._.js:938:24)
    at http://localhost:3000/_next/static/chunks/node_modules_%40supabase_auth-js_dist_module_0.pzobh._.js:7482:220
    at async http://localhost:3000/_next/static/chunks/node_modules_%40supabase_auth-js_dist_module_0.pzobh._.js:667:36 @ http://localhost:3000/_next/static/chunks/node_modules_next_dist_115brz8._.js:3272
[50925804ms] [ERROR] Failed to load resource: net::ERR_QUIC_PROTOCOL_ERROR @ https://wnitkyyodymmjedlttex.supabase.co/auth/v1/token?grant_type=refresh_token:0
[50925804ms] [ERROR] TypeError: Failed to fetch
    at http://localhost:3000/_next/static/chunks/node_modules_%40supabase_auth-js_dist_module_0.pzobh._.js:597:23
    at _handleRequest (http://localhost:3000/_next/static/chunks/node_modules_%40supabase_auth-js_dist_module_0.pzobh._.js:951:24)
    at _request (http://localhost:3000/_next/static/chunks/node_modules_%40supabase_auth-js_dist_module_0.pzobh._.js:938:24)
    at http://localhost:3000/_next/static/chunks/node_modules_%40supabase_auth-js_dist_module_0.pzobh._.js:7482:220
    at async http://localhost:3000/_next/static/chunks/node_modules_%40supabase_auth-js_dist_module_0.pzobh._.js:667:36 @ http://localhost:3000/_next/static/chunks/node_modules_next_dist_115brz8._.js:3272
[50933029ms] [ERROR] Failed to load resource: net::ERR_QUIC_PROTOCOL_ERROR @ https://wnitkyyodymmjedlttex.supabase.co/auth/v1/token?grant_type=refresh_token:0
[50933029ms] [ERROR] TypeError: Failed to fetch
    at http://localhost:3000/_next/static/chunks/node_modules_%40supabase_auth-js_dist_module_0.pzobh._.js:597:23
    at _handleRequest (http://localhost:3000/_next/static/chunks/node_modules_%40supabase_auth-js_dist_module_0.pzobh._.js:951:24)
    at _request (http://localhost:3000/_next/static/chunks/node_modules_%40supabase_auth-js_dist_module_0.pzobh._.js:938:24)
    at http://localhost:3000/_next/static/chunks/node_modules_%40supabase_auth-js_dist_module_0.pzobh._.js:7482:220
    at async http://localhost:3000/_next/static/chunks/node_modules_%40supabase_auth-js_dist_module_0.pzobh._.js:667:36 @ http://localhost:3000/_next/static/chunks/node_modules_next_dist_115brz8._.js:3272
[50937047ms] [ERROR] Failed to load resource: net::ERR_QUIC_PROTOCOL_ERROR @ https://wnitkyyodymmjedlttex.supabase.co/auth/v1/token?grant_type=refresh_token:0
[50937047ms] [ERROR] TypeError: Failed to fetch
    at http://localhost:3000/_next/static/chunks/node_modules_%40supabase_auth-js_dist_module_0.pzobh._.js:597:23
    at _handleRequest (http://localhost:3000/_next/static/chunks/node_modules_%40supabase_auth-js_dist_module_0.pzobh._.js:951:24)
    at _request (http://localhost:3000/_next/static/chunks/node_modules_%40supabase_auth-js_dist_module_0.pzobh._.js:938:24)
    at http://localhost:3000/_next/static/chunks/node_modules_%40supabase_auth-js_dist_module_0.pzobh._.js:7482:220
    at http://localhost:3000/_next/static/chunks/node_modules_%40supabase_auth-js_dist_module_0.pzobh._.js:667:42
    at http://localhost:3000/_next/static/chunks/node_modules_%40supabase_auth-js_dist_module_0.pzobh._.js:679:11
    at new Promise (<anonymous>)
    at retryable (http://localhost:3000/_next/static/chunks/node_modules_%40supabase_auth-js_dist_module_0.pzobh._.js:661:21)
    at SupabaseAuthClient._refreshAccessToken (http://localhost:3000/_next/static/chunks/node_modules_%40supabase_auth-js_dist_module_0.pzobh._.js:7477:219)
    at SupabaseAuthClient._callRefreshToken (http://localhost:3000/_next/static/chunks/node_modules_%40supabase_auth-js_dist_module_0.pzobh._.js:7633:48)
    at SupabaseAuthClient.__loadSession (http://localhost:3000/_next/static/chunks/node_modules_%40supabase_auth-js_dist_module_0.pzobh._.js:5996:57)
    at async SupabaseAuthClient._useSession (http://localhost:3000/_next/static/chunks/node_modules_%40supabase_auth-js_dist_module_0.pzobh._.js:5926:28)
    at async http://localhost:3000/_next/static/chunks/node_modules_%40supabase_auth-js_dist_module_0.pzobh._.js:7903:32
    at async http://localhost:3000/_next/static/chunks/node_modules_%40supabase_auth-js_dist_module_0.pzobh._.js:5875:28 @ http://localhost:3000/_next/static/chunks/node_modules_next_dist_115brz8._.js:3272
[50941269ms] [ERROR] Failed to load resource: net::ERR_QUIC_PROTOCOL_ERROR @ https://wnitkyyodymmjedlttex.supabase.co/auth/v1/token?grant_type=refresh_token:0
[50941269ms] [ERROR] TypeError: Failed to fetch
    at http://localhost:3000/_next/static/chunks/node_modules_%40supabase_auth-js_dist_module_0.pzobh._.js:597:23
    at _handleRequest (http://localhost:3000/_next/static/chunks/node_modules_%40supabase_auth-js_dist_module_0.pzobh._.js:951:24)
    at _request (http://localhost:3000/_next/static/chunks/node_modules_%40supabase_auth-js_dist_module_0.pzobh._.js:938:24)
    at http://localhost:3000/_next/static/chunks/node_modules_%40supabase_auth-js_dist_module_0.pzobh._.js:7482:220
    at async http://localhost:3000/_next/static/chunks/node_modules_%40supabase_auth-js_dist_module_0.pzobh._.js:667:36 @ http://localhost:3000/_next/static/chunks/node_modules_next_dist_115brz8._.js:3272
[50945697ms] [ERROR] Failed to load resource: net::ERR_QUIC_PROTOCOL_ERROR @ https://wnitkyyodymmjedlttex.supabase.co/auth/v1/token?grant_type=refresh_token:0
[50945697ms] [ERROR] TypeError: Failed to fetch
    at http://localhost:3000/_next/static/chunks/node_modules_%40supabase_auth-js_dist_module_0.pzobh._.js:597:23
    at _handleRequest (http://localhost:3000/_next/static/chunks/node_modules_%40supabase_auth-js_dist_module_0.pzobh._.js:951:24)
    at _request (http://localhost:3000/_next/static/chunks/node_modules_%40supabase_auth-js_dist_module_0.pzobh._.js:938:24)
    at http://localhost:3000/_next/static/chunks/node_modules_%40supabase_auth-js_dist_module_0.pzobh._.js:7482:220
    at async http://localhost:3000/_next/static/chunks/node_modules_%40supabase_auth-js_dist_module_0.pzobh._.js:667:36 @ http://localhost:3000/_next/static/chunks/node_modules_next_dist_115brz8._.js:3272
[50950505ms] [ERROR] Failed to load resource: net::ERR_QUIC_PROTOCOL_ERROR @ https://wnitkyyodymmjedlttex.supabase.co/auth/v1/token?grant_type=refresh_token:0
[50950505ms] [ERROR] TypeError: Failed to fetch
    at http://localhost:3000/_next/static/chunks/node_modules_%40supabase_auth-js_dist_module_0.pzobh._.js:597:23
    at _handleRequest (http://localhost:3000/_next/static/chunks/node_modules_%40supabase_auth-js_dist_module_0.pzobh._.js:951:24)
    at _request (http://localhost:3000/_next/static/chunks/node_modules_%40supabase_auth-js_dist_module_0.pzobh._.js:938:24)
    at http://localhost:3000/_next/static/chunks/node_modules_%40supabase_auth-js_dist_module_0.pzobh._.js:7482:220
    at async http://localhost:3000/_next/static/chunks/node_modules_%40supabase_auth-js_dist_module_0.pzobh._.js:667:36 @ http://localhost:3000/_next/static/chunks/node_modules_next_dist_115brz8._.js:3272
[50956118ms] [ERROR] Failed to load resource: net::ERR_QUIC_PROTOCOL_ERROR @ https://wnitkyyodymmjedlttex.supabase.co/auth/v1/token?grant_type=refresh_token:0
[50956119ms] [ERROR] TypeError: Failed to fetch
    at http://localhost:3000/_next/static/chunks/node_modules_%40supabase_auth-js_dist_module_0.pzobh._.js:597:23
    at _handleRequest (http://localhost:3000/_next/static/chunks/node_modules_%40supabase_auth-js_dist_module_0.pzobh._.js:951:24)
    at _request (http://localhost:3000/_next/static/chunks/node_modules_%40supabase_auth-js_dist_module_0.pzobh._.js:938:24)
    at http://localhost:3000/_next/static/chunks/node_modules_%40supabase_auth-js_dist_module_0.pzobh._.js:7482:220
    at async http://localhost:3000/_next/static/chunks/node_modules_%40supabase_auth-js_dist_module_0.pzobh._.js:667:36 @ http://localhost:3000/_next/static/chunks/node_modules_next_dist_115brz8._.js:3272
[50963346ms] [ERROR] Failed to load resource: net::ERR_QUIC_PROTOCOL_ERROR @ https://wnitkyyodymmjedlttex.supabase.co/auth/v1/token?grant_type=refresh_token:0
[50963346ms] [ERROR] TypeError: Failed to fetch
    at http://localhost:3000/_next/static/chunks/node_modules_%40supabase_auth-js_dist_module_0.pzobh._.js:597:23
    at _handleRequest (http://localhost:3000/_next/static/chunks/node_modules_%40supabase_auth-js_dist_module_0.pzobh._.js:951:24)
    at _request (http://localhost:3000/_next/static/chunks/node_modules_%40supabase_auth-js_dist_module_0.pzobh._.js:938:24)
    at http://localhost:3000/_next/static/chunks/node_modules_%40supabase_auth-js_dist_module_0.pzobh._.js:7482:220
    at async http://localhost:3000/_next/static/chunks/node_modules_%40supabase_auth-js_dist_module_0.pzobh._.js:667:36 @ http://localhost:3000/_next/static/chunks/node_modules_next_dist_115brz8._.js:3272
[50967349ms] [ERROR] Failed to load resource: net::ERR_QUIC_PROTOCOL_ERROR @ https://wnitkyyodymmjedlttex.supabase.co/auth/v1/token?grant_type=refresh_token:0
[50967350ms] [ERROR] TypeError: Failed to fetch
    at http://localhost:3000/_next/static/chunks/node_modules_%40supabase_auth-js_dist_module_0.pzobh._.js:597:23
    at _handleRequest (http://localhost:3000/_next/static/chunks/node_modules_%40supabase_auth-js_dist_module_0.pzobh._.js:951:24)
    at _request (http://localhost:3000/_next/static/chunks/node_modules_%40supabase_auth-js_dist_module_0.pzobh._.js:938:24)
    at http://localhost:3000/_next/static/chunks/node_modules_%40supabase_auth-js_dist_module_0.pzobh._.js:7482:220
    at http://localhost:3000/_next/static/chunks/node_modules_%40supabase_auth-js_dist_module_0.pzobh._.js:667:42
    at http://localhost:3000/_next/static/chunks/node_modules_%40supabase_auth-js_dist_module_0.pzobh._.js:679:11
    at new Promise (<anonymous>)
    at retryable (http://localhost:3000/_next/static/chunks/node_modules_%40supabase_auth-js_dist_module_0.pzobh._.js:661:21)
    at SupabaseAuthClient._refreshAccessToken (http://localhost:3000/_next/static/chunks/node_modules_%40supabase_auth-js_dist_module_0.pzobh._.js:7477:219)
    at SupabaseAuthClient._callRefreshToken (http://localhost:3000/_next/static/chunks/node_modules_%40supabase_auth-js_dist_module_0.pzobh._.js:7633:48)
    at SupabaseAuthClient.__loadSession (http://localhost:3000/_next/static/chunks/node_modules_%40supabase_auth-js_dist_module_0.pzobh._.js:5996:57)
    at async SupabaseAuthClient._useSession (http://localhost:3000/_next/static/chunks/node_modules_%40supabase_auth-js_dist_module_0.pzobh._.js:5926:28)
    at async http://localhost:3000/_next/static/chunks/node_modules_%40supabase_auth-js_dist_module_0.pzobh._.js:7903:32
    at async http://localhost:3000/_next/static/chunks/node_modules_%40supabase_auth-js_dist_module_0.pzobh._.js:5875:28 @ http://localhost:3000/_next/static/chunks/node_modules_next_dist_115brz8._.js:3272
[50971567ms] [ERROR] Failed to load resource: net::ERR_QUIC_PROTOCOL_ERROR @ https://wnitkyyodymmjedlttex.supabase.co/auth/v1/token?grant_type=refresh_token:0
[50971567ms] [ERROR] TypeError: Failed to fetch
    at http://localhost:3000/_next/static/chunks/node_modules_%40supabase_auth-js_dist_module_0.pzobh._.js:597:23
    at _handleRequest (http://localhost:3000/_next/static/chunks/node_modules_%40supabase_auth-js_dist_module_0.pzobh._.js:951:24)
    at _request (http://localhost:3000/_next/static/chunks/node_modules_%40supabase_auth-js_dist_module_0.pzobh._.js:938:24)
    at http://localhost:3000/_next/static/chunks/node_modules_%40supabase_auth-js_dist_module_0.pzobh._.js:7482:220
    at async http://localhost:3000/_next/static/chunks/node_modules_%40supabase_auth-js_dist_module_0.pzobh._.js:667:36 @ http://localhost:3000/_next/static/chunks/node_modules_next_dist_115brz8._.js:3272
[50975992ms] [ERROR] Failed to load resource: net::ERR_QUIC_PROTOCOL_ERROR @ https://wnitkyyodymmjedlttex.supabase.co/auth/v1/token?grant_type=refresh_token:0
[50975993ms] [ERROR] TypeError: Failed to fetch
    at http://localhost:3000/_next/static/chunks/node_modules_%40supabase_auth-js_dist_module_0.pzobh._.js:597:23
    at _handleRequest (http://localhost:3000/_next/static/chunks/node_modules_%40supabase_auth-js_dist_module_0.pzobh._.js:951:24)
    at _request (http://localhost:3000/_next/static/chunks/node_modules_%40supabase_auth-js_dist_module_0.pzobh._.js:938:24)
    at http://localhost:3000/_next/static/chunks/node_modules_%40supabase_auth-js_dist_module_0.pzobh._.js:7482:220
    at async http://localhost:3000/_next/static/chunks/node_modules_%40supabase_auth-js_dist_module_0.pzobh._.js:667:36 @ http://localhost:3000/_next/static/chunks/node_modules_next_dist_115brz8._.js:3272
[50980809ms] [ERROR] Failed to load resource: net::ERR_QUIC_PROTOCOL_ERROR @ https://wnitkyyodymmjedlttex.supabase.co/auth/v1/token?grant_type=refresh_token:0
[50980809ms] [ERROR] TypeError: Failed to fetch
    at http://localhost:3000/_next/static/chunks/node_modules_%40supabase_auth-js_dist_module_0.pzobh._.js:597:23
    at _handleRequest (http://localhost:3000/_next/static/chunks/node_modules_%40supabase_auth-js_dist_module_0.pzobh._.js:951:24)
    at _request (http://localhost:3000/_next/static/chunks/node_modules_%40supabase_auth-js_dist_module_0.pzobh._.js:938:24)
    at http://localhost:3000/_next/static/chunks/node_modules_%40supabase_auth-js_dist_module_0.pzobh._.js:7482:220
    at async http://localhost:3000/_next/static/chunks/node_modules_%40supabase_auth-js_dist_module_0.pzobh._.js:667:36 @ http://localhost:3000/_next/static/chunks/node_modules_next_dist_115brz8._.js:3272
[50986431ms] [ERROR] Failed to load resource: net::ERR_QUIC_PROTOCOL_ERROR @ https://wnitkyyodymmjedlttex.supabase.co/auth/v1/token?grant_type=refresh_token:0
[50986431ms] [ERROR] TypeError: Failed to fetch
    at http://localhost:3000/_next/static/chunks/node_modules_%40supabase_auth-js_dist_module_0.pzobh._.js:597:23
    at _handleRequest (http://localhost:3000/_next/static/chunks/node_modules_%40supabase_auth-js_dist_module_0.pzobh._.js:951:24)
    at _request (http://localhost:3000/_next/static/chunks/node_modules_%40supabase_auth-js_dist_module_0.pzobh._.js:938:24)
    at http://localhost:3000/_next/static/chunks/node_modules_%40supabase_auth-js_dist_module_0.pzobh._.js:7482:220
    at async http://localhost:3000/_next/static/chunks/node_modules_%40supabase_auth-js_dist_module_0.pzobh._.js:667:36 @ http://localhost:3000/_next/static/chunks/node_modules_next_dist_115brz8._.js:3272
[50993643ms] [ERROR] Failed to load resource: net::ERR_QUIC_PROTOCOL_ERROR @ https://wnitkyyodymmjedlttex.supabase.co/auth/v1/token?grant_type=refresh_token:0
[50993644ms] [ERROR] TypeError: Failed to fetch
    at http://localhost:3000/_next/static/chunks/node_modules_%40supabase_auth-js_dist_module_0.pzobh._.js:597:23
    at _handleRequest (http://localhost:3000/_next/static/chunks/node_modules_%40supabase_auth-js_dist_module_0.pzobh._.js:951:24)
    at _request (http://localhost:3000/_next/static/chunks/node_modules_%40supabase_auth-js_dist_module_0.pzobh._.js:938:24)
    at http://localhost:3000/_next/static/chunks/node_modules_%40supabase_auth-js_dist_module_0.pzobh._.js:7482:220
    at async http://localhost:3000/_next/static/chunks/node_modules_%40supabase_auth-js_dist_module_0.pzobh._.js:667:36 @ http://localhost:3000/_next/static/chunks/node_modules_next_dist_115brz8._.js:3272
[50997655ms] [ERROR] Failed to load resource: net::ERR_QUIC_PROTOCOL_ERROR @ https://wnitkyyodymmjedlttex.supabase.co/auth/v1/token?grant_type=refresh_token:0
[50997655ms] [ERROR] TypeError: Failed to fetch
    at http://localhost:3000/_next/static/chunks/node_modules_%40supabase_auth-js_dist_module_0.pzobh._.js:597:23
    at _handleRequest (http://localhost:3000/_next/static/chunks/node_modules_%40supabase_auth-js_dist_module_0.pzobh._.js:951:24)
    at _request (http://localhost:3000/_next/static/chunks/node_modules_%40supabase_auth-js_dist_module_0.pzobh._.js:938:24)
    at http://localhost:3000/_next/static/chunks/node_modules_%40supabase_auth-js_dist_module_0.pzobh._.js:7482:220
    at http://localhost:3000/_next/static/chunks/node_modules_%40supabase_auth-js_dist_module_0.pzobh._.js:667:42
    at http://localhost:3000/_next/static/chunks/node_modules_%40supabase_auth-js_dist_module_0.pzobh._.js:679:11
    at new Promise (<anonymous>)
    at retryable (http://localhost:3000/_next/static/chunks/node_modules_%40supabase_auth-js_dist_module_0.pzobh._.js:661:21)
    at SupabaseAuthClient._refreshAccessToken (http://localhost:3000/_next/static/chunks/node_modules_%40supabase_auth-js_dist_module_0.pzobh._.js:7477:219)
    at SupabaseAuthClient._callRefreshToken (http://localhost:3000/_next/static/chunks/node_modules_%40supabase_auth-js_dist_module_0.pzobh._.js:7633:48)
    at SupabaseAuthClient.__loadSession (http://localhost:3000/_next/static/chunks/node_modules_%40supabase_auth-js_dist_module_0.pzobh._.js:5996:57)
    at async SupabaseAuthClient._useSession (http://localhost:3000/_next/static/chunks/node_modules_%40supabase_auth-js_dist_module_0.pzobh._.js:5926:28)
    at async http://localhost:3000/_next/static/chunks/node_modules_%40supabase_auth-js_dist_module_0.pzobh._.js:7903:32
    at async http://localhost:3000/_next/static/chunks/node_modules_%40supabase_auth-js_dist_module_0.pzobh._.js:5875:28 @ http://localhost:3000/_next/static/chunks/node_modules_next_dist_115brz8._.js:3272
[51001872ms] [ERROR] Failed to load resource: net::ERR_QUIC_PROTOCOL_ERROR @ https://wnitkyyodymmjedlttex.supabase.co/auth/v1/token?grant_type=refresh_token:0
[51001872ms] [ERROR] TypeError: Failed to fetch
    at http://localhost:3000/_next/static/chunks/node_modules_%40supabase_auth-js_dist_module_0.pzobh._.js:597:23
    at _handleRequest (http://localhost:3000/_next/static/chunks/node_modules_%40supabase_auth-js_dist_module_0.pzobh._.js:951:24)
    at _request (http://localhost:3000/_next/static/chunks/node_modules_%40supabase_auth-js_dist_module_0.pzobh._.js:938:24)
    at http://localhost:3000/_next/static/chunks/node_modules_%40supabase_auth-js_dist_module_0.pzobh._.js:7482:220
    at async http://localhost:3000/_next/static/chunks/node_modules_%40supabase_auth-js_dist_module_0.pzobh._.js:667:36 @ http://localhost:3000/_next/static/chunks/node_modules_next_dist_115brz8._.js:3272
[51006288ms] [ERROR] Failed to load resource: net::ERR_QUIC_PROTOCOL_ERROR @ https://wnitkyyodymmjedlttex.supabase.co/auth/v1/token?grant_type=refresh_token:0
[51006288ms] [ERROR] TypeError: Failed to fetch
    at http://localhost:3000/_next/static/chunks/node_modules_%40supabase_auth-js_dist_module_0.pzobh._.js:597:23
    at _handleRequest (http://localhost:3000/_next/static/chunks/node_modules_%40supabase_auth-js_dist_module_0.pzobh._.js:951:24)
    at _request (http://localhost:3000/_next/static/chunks/node_modules_%40supabase_auth-js_dist_module_0.pzobh._.js:938:24)
    at http://localhost:3000/_next/static/chunks/node_modules_%40supabase_auth-js_dist_module_0.pzobh._.js:7482:220
    at async http://localhost:3000/_next/static/chunks/node_modules_%40supabase_auth-js_dist_module_0.pzobh._.js:667:36 @ http://localhost:3000/_next/static/chunks/node_modules_next_dist_115brz8._.js:3272
[51011098ms] [ERROR] Failed to load resource: net::ERR_QUIC_PROTOCOL_ERROR @ https://wnitkyyodymmjedlttex.supabase.co/auth/v1/token?grant_type=refresh_token:0
[51011098ms] [ERROR] TypeError: Failed to fetch
    at http://localhost:3000/_next/static/chunks/node_modules_%40supabase_auth-js_dist_module_0.pzobh._.js:597:23
    at _handleRequest (http://localhost:3000/_next/static/chunks/node_modules_%40supabase_auth-js_dist_module_0.pzobh._.js:951:24)
    at _request (http://localhost:3000/_next/static/chunks/node_modules_%40supabase_auth-js_dist_module_0.pzobh._.js:938:24)
    at http://localhost:3000/_next/static/chunks/node_modules_%40supabase_auth-js_dist_module_0.pzobh._.js:7482:220
    at async http://localhost:3000/_next/static/chunks/node_modules_%40supabase_auth-js_dist_module_0.pzobh._.js:667:36 @ http://localhost:3000/_next/static/chunks/node_modules_next_dist_115brz8._.js:3272
[51016719ms] [ERROR] Failed to load resource: net::ERR_QUIC_PROTOCOL_ERROR @ https://wnitkyyodymmjedlttex.supabase.co/auth/v1/token?grant_type=refresh_token:0
[51016720ms] [ERROR] TypeError: Failed to fetch
    at http://localhost:3000/_next/static/chunks/node_modules_%40supabase_auth-js_dist_module_0.pzobh._.js:597:23
    at _handleRequest (http://localhost:3000/_next/static/chunks/node_modules_%40supabase_auth-js_dist_module_0.pzobh._.js:951:24)
    at _request (http://localhost:3000/_next/static/chunks/node_modules_%40supabase_auth-js_dist_module_0.pzobh._.js:938:24)
    at http://localhost:3000/_next/static/chunks/node_modules_%40supabase_auth-js_dist_module_0.pzobh._.js:7482:220
    at async http://localhost:3000/_next/static/chunks/node_modules_%40supabase_auth-js_dist_module_0.pzobh._.js:667:36 @ http://localhost:3000/_next/static/chunks/node_modules_next_dist_115brz8._.js:3272
[51023942ms] [ERROR] Failed to load resource: net::ERR_QUIC_PROTOCOL_ERROR @ https://wnitkyyodymmjedlttex.supabase.co/auth/v1/token?grant_type=refresh_token:0
[51023943ms] [ERROR] TypeError: Failed to fetch
    at http://localhost:3000/_next/static/chunks/node_modules_%40supabase_auth-js_dist_module_0.pzobh._.js:597:23
    at _handleRequest (http://localhost:3000/_next/static/chunks/node_modules_%40supabase_auth-js_dist_module_0.pzobh._.js:951:24)
    at _request (http://localhost:3000/_next/static/chunks/node_modules_%40supabase_auth-js_dist_module_0.pzobh._.js:938:24)
    at http://localhost:3000/_next/static/chunks/node_modules_%40supabase_auth-js_dist_module_0.pzobh._.js:7482:220
    at async http://localhost:3000/_next/static/chunks/node_modules_%40supabase_auth-js_dist_module_0.pzobh._.js:667:36 @ http://localhost:3000/_next/static/chunks/node_modules_next_dist_115brz8._.js:3272
[51027960ms] [ERROR] Failed to load resource: net::ERR_QUIC_PROTOCOL_ERROR @ https://wnitkyyodymmjedlttex.supabase.co/auth/v1/token?grant_type=refresh_token:0
[51027961ms] [ERROR] TypeError: Failed to fetch
    at http://localhost:3000/_next/static/chunks/node_modules_%40supabase_auth-js_dist_module_0.pzobh._.js:597:23
    at _handleRequest (http://localhost:3000/_next/static/chunks/node_modules_%40supabase_auth-js_dist_module_0.pzobh._.js:951:24)
    at _request (http://localhost:3000/_next/static/chunks/node_modules_%40supabase_auth-js_dist_module_0.pzobh._.js:938:24)
    at http://localhost:3000/_next/static/chunks/node_modules_%40supabase_auth-js_dist_module_0.pzobh._.js:7482:220
    at http://localhost:3000/_next/static/chunks/node_modules_%40supabase_auth-js_dist_module_0.pzobh._.js:667:42
    at http://localhost:3000/_next/static/chunks/node_modules_%40supabase_auth-js_dist_module_0.pzobh._.js:679:11
    at new Promise (<anonymous>)
    at retryable (http://localhost:3000/_next/static/chunks/node_modules_%40supabase_auth-js_dist_module_0.pzobh._.js:661:21)
    at SupabaseAuthClient._refreshAccessToken (http://localhost:3000/_next/static/chunks/node_modules_%40supabase_auth-js_dist_module_0.pzobh._.js:7477:219)
    at SupabaseAuthClient._callRefreshToken (http://localhost:3000/_next/static/chunks/node_modules_%40supabase_auth-js_dist_module_0.pzobh._.js:7633:48)
    at SupabaseAuthClient.__loadSession (http://localhost:3000/_next/static/chunks/node_modules_%40supabase_auth-js_dist_module_0.pzobh._.js:5996:57)
    at async SupabaseAuthClient._useSession (http://localhost:3000/_next/static/chunks/node_modules_%40supabase_auth-js_dist_module_0.pzobh._.js:5926:28)
    at async http://localhost:3000/_next/static/chunks/node_modules_%40supabase_auth-js_dist_module_0.pzobh._.js:7903:32
    at async http://localhost:3000/_next/static/chunks/node_modules_%40supabase_auth-js_dist_module_0.pzobh._.js:5875:28 @ http://localhost:3000/_next/static/chunks/node_modules_next_dist_115brz8._.js:3272
[51032174ms] [ERROR] Failed to load resource: net::ERR_QUIC_PROTOCOL_ERROR @ https://wnitkyyodymmjedlttex.supabase.co/auth/v1/token?grant_type=refresh_token:0
[51032174ms] [ERROR] TypeError: Failed to fetch
    at http://localhost:3000/_next/static/chunks/node_modules_%40supabase_auth-js_dist_module_0.pzobh._.js:597:23
    at _handleRequest (http://localhost:3000/_next/static/chunks/node_modules_%40supabase_auth-js_dist_module_0.pzobh._.js:951:24)
    at _request (http://localhost:3000/_next/static/chunks/node_modules_%40supabase_auth-js_dist_module_0.pzobh._.js:938:24)
    at http://localhost:3000/_next/static/chunks/node_modules_%40supabase_auth-js_dist_module_0.pzobh._.js:7482:220
    at async http://localhost:3000/_next/static/chunks/node_modules_%40supabase_auth-js_dist_module_0.pzobh._.js:667:36 @ http://localhost:3000/_next/static/chunks/node_modules_next_dist_115brz8._.js:3272
[51036599ms] [ERROR] Failed to load resource: net::ERR_QUIC_PROTOCOL_ERROR @ https://wnitkyyodymmjedlttex.supabase.co/auth/v1/token?grant_type=refresh_token:0
[51036599ms] [ERROR] TypeError: Failed to fetch
    at http://localhost:3000/_next/static/chunks/node_modules_%40supabase_auth-js_dist_module_0.pzobh._.js:597:23
    at _handleRequest (http://localhost:3000/_next/static/chunks/node_modules_%40supabase_auth-js_dist_module_0.pzobh._.js:951:24)
    at _request (http://localhost:3000/_next/static/chunks/node_modules_%40supabase_auth-js_dist_module_0.pzobh._.js:938:24)
    at http://localhost:3000/_next/static/chunks/node_modules_%40supabase_auth-js_dist_module_0.pzobh._.js:7482:220
    at async http://localhost:3000/_next/static/chunks/node_modules_%40supabase_auth-js_dist_module_0.pzobh._.js:667:36 @ http://localhost:3000/_next/static/chunks/node_modules_next_dist_115brz8._.js:3272
[51041417ms] [ERROR] Failed to load resource: net::ERR_QUIC_PROTOCOL_ERROR @ https://wnitkyyodymmjedlttex.supabase.co/auth/v1/token?grant_type=refresh_token:0
[51041418ms] [ERROR] TypeError: Failed to fetch
    at http://localhost:3000/_next/static/chunks/node_modules_%40supabase_auth-js_dist_module_0.pzobh._.js:597:23
    at _handleRequest (http://localhost:3000/_next/static/chunks/node_modules_%40supabase_auth-js_dist_module_0.pzobh._.js:951:24)
    at _request (http://localhost:3000/_next/static/chunks/node_modules_%40supabase_auth-js_dist_module_0.pzobh._.js:938:24)
    at http://localhost:3000/_next/static/chunks/node_modules_%40supabase_auth-js_dist_module_0.pzobh._.js:7482:220
    at async http://localhost:3000/_next/static/chunks/node_modules_%40supabase_auth-js_dist_module_0.pzobh._.js:667:36 @ http://localhost:3000/_next/static/chunks/node_modules_next_dist_115brz8._.js:3272
[51047036ms] [ERROR] Failed to load resource: net::ERR_QUIC_PROTOCOL_ERROR @ https://wnitkyyodymmjedlttex.supabase.co/auth/v1/token?grant_type=refresh_token:0
[51047036ms] [ERROR] TypeError: Failed to fetch
    at http://localhost:3000/_next/static/chunks/node_modules_%40supabase_auth-js_dist_module_0.pzobh._.js:597:23
    at _handleRequest (http://localhost:3000/_next/static/chunks/node_modules_%40supabase_auth-js_dist_module_0.pzobh._.js:951:24)
    at _request (http://localhost:3000/_next/static/chunks/node_modules_%40supabase_auth-js_dist_module_0.pzobh._.js:938:24)
    at http://localhost:3000/_next/static/chunks/node_modules_%40supabase_auth-js_dist_module_0.pzobh._.js:7482:220
    at async http://localhost:3000/_next/static/chunks/node_modules_%40supabase_auth-js_dist_module_0.pzobh._.js:667:36 @ http://localhost:3000/_next/static/chunks/node_modules_next_dist_115brz8._.js:3272
[51054267ms] [ERROR] Failed to load resource: net::ERR_QUIC_PROTOCOL_ERROR @ https://wnitkyyodymmjedlttex.supabase.co/auth/v1/token?grant_type=refresh_token:0
[51054268ms] [ERROR] TypeError: Failed to fetch
    at http://localhost:3000/_next/static/chunks/node_modules_%40supabase_auth-js_dist_module_0.pzobh._.js:597:23
    at _handleRequest (http://localhost:3000/_next/static/chunks/node_modules_%40supabase_auth-js_dist_module_0.pzobh._.js:951:24)
    at _request (http://localhost:3000/_next/static/chunks/node_modules_%40supabase_auth-js_dist_module_0.pzobh._.js:938:24)
    at http://localhost:3000/_next/static/chunks/node_modules_%40supabase_auth-js_dist_module_0.pzobh._.js:7482:220
    at async http://localhost:3000/_next/static/chunks/node_modules_%40supabase_auth-js_dist_module_0.pzobh._.js:667:36 @ http://localhost:3000/_next/static/chunks/node_modules_next_dist_115brz8._.js:3272
[51058282ms] [ERROR] Failed to load resource: net::ERR_QUIC_PROTOCOL_ERROR @ https://wnitkyyodymmjedlttex.supabase.co/auth/v1/token?grant_type=refresh_token:0
[51058282ms] [ERROR] TypeError: Failed to fetch
    at http://localhost:3000/_next/static/chunks/node_modules_%40supabase_auth-js_dist_module_0.pzobh._.js:597:23
    at _handleRequest (http://localhost:3000/_next/static/chunks/node_modules_%40supabase_auth-js_dist_module_0.pzobh._.js:951:24)
    at _request (http://localhost:3000/_next/static/chunks/node_modules_%40supabase_auth-js_dist_module_0.pzobh._.js:938:24)
    at http://localhost:3000/_next/static/chunks/node_modules_%40supabase_auth-js_dist_module_0.pzobh._.js:7482:220
    at http://localhost:3000/_next/static/chunks/node_modules_%40supabase_auth-js_dist_module_0.pzobh._.js:667:42
    at http://localhost:3000/_next/static/chunks/node_modules_%40supabase_auth-js_dist_module_0.pzobh._.js:679:11
    at new Promise (<anonymous>)
    at retryable (http://localhost:3000/_next/static/chunks/node_modules_%40supabase_auth-js_dist_module_0.pzobh._.js:661:21)
    at SupabaseAuthClient._refreshAccessToken (http://localhost:3000/_next/static/chunks/node_modules_%40supabase_auth-js_dist_module_0.pzobh._.js:7477:219)
    at SupabaseAuthClient._callRefreshToken (http://localhost:3000/_next/static/chunks/node_modules_%40supabase_auth-js_dist_module_0.pzobh._.js:7633:48)
    at SupabaseAuthClient.__loadSession (http://localhost:3000/_next/static/chunks/node_modules_%40supabase_auth-js_dist_module_0.pzobh._.js:5996:57)
    at async SupabaseAuthClient._useSession (http://localhost:3000/_next/static/chunks/node_modules_%40supabase_auth-js_dist_module_0.pzobh._.js:5926:28)
    at async http://localhost:3000/_next/static/chunks/node_modules_%40supabase_auth-js_dist_module_0.pzobh._.js:7903:32
    at async http://localhost:3000/_next/static/chunks/node_modules_%40supabase_auth-js_dist_module_0.pzobh._.js:5875:28 @ http://localhost:3000/_next/static/chunks/node_modules_next_dist_115brz8._.js:3272
[51062488ms] [ERROR] Failed to load resource: net::ERR_QUIC_PROTOCOL_ERROR @ https://wnitkyyodymmjedlttex.supabase.co/auth/v1/token?grant_type=refresh_token:0
[51062488ms] [ERROR] TypeError: Failed to fetch
    at http://localhost:3000/_next/static/chunks/node_modules_%40supabase_auth-js_dist_module_0.pzobh._.js:597:23
    at _handleRequest (http://localhost:3000/_next/static/chunks/node_modules_%40supabase_auth-js_dist_module_0.pzobh._.js:951:24)
    at _request (http://localhost:3000/_next/static/chunks/node_modules_%40supabase_auth-js_dist_module_0.pzobh._.js:938:24)
    at http://localhost:3000/_next/static/chunks/node_modules_%40supabase_auth-js_dist_module_0.pzobh._.js:7482:220
    at async http://localhost:3000/_next/static/chunks/node_modules_%40supabase_auth-js_dist_module_0.pzobh._.js:667:36 @ http://localhost:3000/_next/static/chunks/node_modules_next_dist_115brz8._.js:3272
[51066917ms] [ERROR] Failed to load resource: net::ERR_QUIC_PROTOCOL_ERROR @ https://wnitkyyodymmjedlttex.supabase.co/auth/v1/token?grant_type=refresh_token:0
[51066917ms] [ERROR] TypeError: Failed to fetch
    at http://localhost:3000/_next/static/chunks/node_modules_%40supabase_auth-js_dist_module_0.pzobh._.js:597:23
    at _handleRequest (http://localhost:3000/_next/static/chunks/node_modules_%40supabase_auth-js_dist_module_0.pzobh._.js:951:24)
    at _request (http://localhost:3000/_next/static/chunks/node_modules_%40supabase_auth-js_dist_module_0.pzobh._.js:938:24)
    at http://localhost:3000/_next/static/chunks/node_modules_%40supabase_auth-js_dist_module_0.pzobh._.js:7482:220
    at async http://localhost:3000/_next/static/chunks/node_modules_%40supabase_auth-js_dist_module_0.pzobh._.js:667:36 @ http://localhost:3000/_next/static/chunks/node_modules_next_dist_115brz8._.js:3272
[51071735ms] [ERROR] Failed to load resource: net::ERR_QUIC_PROTOCOL_ERROR @ https://wnitkyyodymmjedlttex.supabase.co/auth/v1/token?grant_type=refresh_token:0
[51071735ms] [ERROR] TypeError: Failed to fetch
    at http://localhost:3000/_next/static/chunks/node_modules_%40supabase_auth-js_dist_module_0.pzobh._.js:597:23
    at _handleRequest (http://localhost:3000/_next/static/chunks/node_modules_%40supabase_auth-js_dist_module_0.pzobh._.js:951:24)
    at _request (http://localhost:3000/_next/static/chunks/node_modules_%40supabase_auth-js_dist_module_0.pzobh._.js:938:24)
    at http://localhost:3000/_next/static/chunks/node_modules_%40supabase_auth-js_dist_module_0.pzobh._.js:7482:220
    at async http://localhost:3000/_next/static/chunks/node_modules_%40supabase_auth-js_dist_module_0.pzobh._.js:667:36 @ http://localhost:3000/_next/static/chunks/node_modules_next_dist_115brz8._.js:3272
[51077342ms] [ERROR] Failed to load resource: net::ERR_QUIC_PROTOCOL_ERROR @ https://wnitkyyodymmjedlttex.supabase.co/auth/v1/token?grant_type=refresh_token:0
[51077342ms] [ERROR] TypeError: Failed to fetch
    at http://localhost:3000/_next/static/chunks/node_modules_%40supabase_auth-js_dist_module_0.pzobh._.js:597:23
    at _handleRequest (http://localhost:3000/_next/static/chunks/node_modules_%40supabase_auth-js_dist_module_0.pzobh._.js:951:24)
    at _request (http://localhost:3000/_next/static/chunks/node_modules_%40supabase_auth-js_dist_module_0.pzobh._.js:938:24)
    at http://localhost:3000/_next/static/chunks/node_modules_%40supabase_auth-js_dist_module_0.pzobh._.js:7482:220
    at async http://localhost:3000/_next/static/chunks/node_modules_%40supabase_auth-js_dist_module_0.pzobh._.js:667:36 @ http://localhost:3000/_next/static/chunks/node_modules_next_dist_115brz8._.js:3272
[51084557ms] [ERROR] Failed to load resource: net::ERR_QUIC_PROTOCOL_ERROR @ https://wnitkyyodymmjedlttex.supabase.co/auth/v1/token?grant_type=refresh_token:0
[51084557ms] [ERROR] TypeError: Failed to fetch
    at http://localhost:3000/_next/static/chunks/node_modules_%40supabase_auth-js_dist_module_0.pzobh._.js:597:23
    at _handleRequest (http://localhost:3000/_next/static/chunks/node_modules_%40supabase_auth-js_dist_module_0.pzobh._.js:951:24)
    at _request (http://localhost:3000/_next/static/chunks/node_modules_%40supabase_auth-js_dist_module_0.pzobh._.js:938:24)
    at http://localhost:3000/_next/static/chunks/node_modules_%40supabase_auth-js_dist_module_0.pzobh._.js:7482:220
    at async http://localhost:3000/_next/static/chunks/node_modules_%40supabase_auth-js_dist_module_0.pzobh._.js:667:36 @ http://localhost:3000/_next/static/chunks/node_modules_next_dist_115brz8._.js:3272
[51088565ms] [ERROR] Failed to load resource: net::ERR_QUIC_PROTOCOL_ERROR @ https://wnitkyyodymmjedlttex.supabase.co/auth/v1/token?grant_type=refresh_token:0
[51088565ms] [ERROR] TypeError: Failed to fetch
    at http://localhost:3000/_next/static/chunks/node_modules_%40supabase_auth-js_dist_module_0.pzobh._.js:597:23
    at _handleRequest (http://localhost:3000/_next/static/chunks/node_modules_%40supabase_auth-js_dist_module_0.pzobh._.js:951:24)
    at _request (http://localhost:3000/_next/static/chunks/node_modules_%40supabase_auth-js_dist_module_0.pzobh._.js:938:24)
    at http://localhost:3000/_next/static/chunks/node_modules_%40supabase_auth-js_dist_module_0.pzobh._.js:7482:220
    at http://localhost:3000/_next/static/chunks/node_modules_%40supabase_auth-js_dist_module_0.pzobh._.js:667:42
    at http://localhost:3000/_next/static/chunks/node_modules_%40supabase_auth-js_dist_module_0.pzobh._.js:679:11
    at new Promise (<anonymous>)
    at retryable (http://localhost:3000/_next/static/chunks/node_modules_%40supabase_auth-js_dist_module_0.pzobh._.js:661:21)
    at SupabaseAuthClient._refreshAccessToken (http://localhost:3000/_next/static/chunks/node_modules_%40supabase_auth-js_dist_module_0.pzobh._.js:7477:219)
    at SupabaseAuthClient._callRefreshToken (http://localhost:3000/_next/static/chunks/node_modules_%40supabase_auth-js_dist_module_0.pzobh._.js:7633:48)
    at SupabaseAuthClient.__loadSession (http://localhost:3000/_next/static/chunks/node_modules_%40supabase_auth-js_dist_module_0.pzobh._.js:5996:57)
    at async SupabaseAuthClient._useSession (http://localhost:3000/_next/static/chunks/node_modules_%40supabase_auth-js_dist_module_0.pzobh._.js:5926:28)
    at async http://localhost:3000/_next/static/chunks/node_modules_%40supabase_auth-js_dist_module_0.pzobh._.js:7903:32
    at async http://localhost:3000/_next/static/chunks/node_modules_%40supabase_auth-js_dist_module_0.pzobh._.js:5875:28 @ http://localhost:3000/_next/static/chunks/node_modules_next_dist_115brz8._.js:3272
[51092785ms] [ERROR] Failed to load resource: net::ERR_QUIC_PROTOCOL_ERROR @ https://wnitkyyodymmjedlttex.supabase.co/auth/v1/token?grant_type=refresh_token:0
[51092785ms] [ERROR] TypeError: Failed to fetch
    at http://localhost:3000/_next/static/chunks/node_modules_%40supabase_auth-js_dist_module_0.pzobh._.js:597:23
    at _handleRequest (http://localhost:3000/_next/static/chunks/node_modules_%40supabase_auth-js_dist_module_0.pzobh._.js:951:24)
    at _request (http://localhost:3000/_next/static/chunks/node_modules_%40supabase_auth-js_dist_module_0.pzobh._.js:938:24)
    at http://localhost:3000/_next/static/chunks/node_modules_%40supabase_auth-js_dist_module_0.pzobh._.js:7482:220
    at async http://localhost:3000/_next/static/chunks/node_modules_%40supabase_auth-js_dist_module_0.pzobh._.js:667:36 @ http://localhost:3000/_next/static/chunks/node_modules_next_dist_115brz8._.js:3272
[51097196ms] [ERROR] Failed to load resource: net::ERR_QUIC_PROTOCOL_ERROR @ https://wnitkyyodymmjedlttex.supabase.co/auth/v1/token?grant_type=refresh_token:0
[51097196ms] [ERROR] TypeError: Failed to fetch
    at http://localhost:3000/_next/static/chunks/node_modules_%40supabase_auth-js_dist_module_0.pzobh._.js:597:23
    at _handleRequest (http://localhost:3000/_next/static/chunks/node_modules_%40supabase_auth-js_dist_module_0.pzobh._.js:951:24)
    at _request (http://localhost:3000/_next/static/chunks/node_modules_%40supabase_auth-js_dist_module_0.pzobh._.js:938:24)
    at http://localhost:3000/_next/static/chunks/node_modules_%40supabase_auth-js_dist_module_0.pzobh._.js:7482:220
    at async http://localhost:3000/_next/static/chunks/node_modules_%40supabase_auth-js_dist_module_0.pzobh._.js:667:36 @ http://localhost:3000/_next/static/chunks/node_modules_next_dist_115brz8._.js:3272
[51102017ms] [ERROR] Failed to load resource: net::ERR_QUIC_PROTOCOL_ERROR @ https://wnitkyyodymmjedlttex.supabase.co/auth/v1/token?grant_type=refresh_token:0
[51102017ms] [ERROR] TypeError: Failed to fetch
    at http://localhost:3000/_next/static/chunks/node_modules_%40supabase_auth-js_dist_module_0.pzobh._.js:597:23
    at _handleRequest (http://localhost:3000/_next/static/chunks/node_modules_%40supabase_auth-js_dist_module_0.pzobh._.js:951:24)
    at _request (http://localhost:3000/_next/static/chunks/node_modules_%40supabase_auth-js_dist_module_0.pzobh._.js:938:24)
    at http://localhost:3000/_next/static/chunks/node_modules_%40supabase_auth-js_dist_module_0.pzobh._.js:7482:220
    at async http://localhost:3000/_next/static/chunks/node_modules_%40supabase_auth-js_dist_module_0.pzobh._.js:667:36 @ http://localhost:3000/_next/static/chunks/node_modules_next_dist_115brz8._.js:3272
[51107631ms] [ERROR] Failed to load resource: net::ERR_QUIC_PROTOCOL_ERROR @ https://wnitkyyodymmjedlttex.supabase.co/auth/v1/token?grant_type=refresh_token:0
[51107631ms] [ERROR] TypeError: Failed to fetch
    at http://localhost:3000/_next/static/chunks/node_modules_%40supabase_auth-js_dist_module_0.pzobh._.js:597:23
    at _handleRequest (http://localhost:3000/_next/static/chunks/node_modules_%40supabase_auth-js_dist_module_0.pzobh._.js:951:24)
    at _request (http://localhost:3000/_next/static/chunks/node_modules_%40supabase_auth-js_dist_module_0.pzobh._.js:938:24)
    at http://localhost:3000/_next/static/chunks/node_modules_%40supabase_auth-js_dist_module_0.pzobh._.js:7482:220
    at async http://localhost:3000/_next/static/chunks/node_modules_%40supabase_auth-js_dist_module_0.pzobh._.js:667:36 @ http://localhost:3000/_next/static/chunks/node_modules_next_dist_115brz8._.js:3272
[51114850ms] [ERROR] Failed to load resource: net::ERR_QUIC_PROTOCOL_ERROR @ https://wnitkyyodymmjedlttex.supabase.co/auth/v1/token?grant_type=refresh_token:0
[51114850ms] [ERROR] TypeError: Failed to fetch
    at http://localhost:3000/_next/static/chunks/node_modules_%40supabase_auth-js_dist_module_0.pzobh._.js:597:23
    at _handleRequest (http://localhost:3000/_next/static/chunks/node_modules_%40supabase_auth-js_dist_module_0.pzobh._.js:951:24)
    at _request (http://localhost:3000/_next/static/chunks/node_modules_%40supabase_auth-js_dist_module_0.pzobh._.js:938:24)
    at http://localhost:3000/_next/static/chunks/node_modules_%40supabase_auth-js_dist_module_0.pzobh._.js:7482:220
    at async http://localhost:3000/_next/static/chunks/node_modules_%40supabase_auth-js_dist_module_0.pzobh._.js:667:36 @ http://localhost:3000/_next/static/chunks/node_modules_next_dist_115brz8._.js:3272
[51118861ms] [ERROR] Failed to load resource: net::ERR_QUIC_PROTOCOL_ERROR @ https://wnitkyyodymmjedlttex.supabase.co/auth/v1/token?grant_type=refresh_token:0
[51118861ms] [ERROR] TypeError: Failed to fetch
    at http://localhost:3000/_next/static/chunks/node_modules_%40supabase_auth-js_dist_module_0.pzobh._.js:597:23
    at _handleRequest (http://localhost:3000/_next/static/chunks/node_modules_%40supabase_auth-js_dist_module_0.pzobh._.js:951:24)
    at _request (http://localhost:3000/_next/static/chunks/node_modules_%40supabase_auth-js_dist_module_0.pzobh._.js:938:24)
    at http://localhost:3000/_next/static/chunks/node_modules_%40supabase_auth-js_dist_module_0.pzobh._.js:7482:220
    at http://localhost:3000/_next/static/chunks/node_modules_%40supabase_auth-js_dist_module_0.pzobh._.js:667:42
    at http://localhost:3000/_next/static/chunks/node_modules_%40supabase_auth-js_dist_module_0.pzobh._.js:679:11
    at new Promise (<anonymous>)
    at retryable (http://localhost:3000/_next/static/chunks/node_modules_%40supabase_auth-js_dist_module_0.pzobh._.js:661:21)
    at SupabaseAuthClient._refreshAccessToken (http://localhost:3000/_next/static/chunks/node_modules_%40supabase_auth-js_dist_module_0.pzobh._.js:7477:219)
    at SupabaseAuthClient._callRefreshToken (http://localhost:3000/_next/static/chunks/node_modules_%40supabase_auth-js_dist_module_0.pzobh._.js:7633:48)
    at SupabaseAuthClient.__loadSession (http://localhost:3000/_next/static/chunks/node_modules_%40supabase_auth-js_dist_module_0.pzobh._.js:5996:57)
    at async SupabaseAuthClient._useSession (http://localhost:3000/_next/static/chunks/node_modules_%40supabase_auth-js_dist_module_0.pzobh._.js:5926:28)
    at async http://localhost:3000/_next/static/chunks/node_modules_%40supabase_auth-js_dist_module_0.pzobh._.js:7903:32
    at async http://localhost:3000/_next/static/chunks/node_modules_%40supabase_auth-js_dist_module_0.pzobh._.js:5875:28 @ http://localhost:3000/_next/static/chunks/node_modules_next_dist_115brz8._.js:3272
[51123078ms] [ERROR] Failed to load resource: net::ERR_QUIC_PROTOCOL_ERROR @ https://wnitkyyodymmjedlttex.supabase.co/auth/v1/token?grant_type=refresh_token:0
[51123078ms] [ERROR] TypeError: Failed to fetch
    at http://localhost:3000/_next/static/chunks/node_modules_%40supabase_auth-js_dist_module_0.pzobh._.js:597:23
    at _handleRequest (http://localhost:3000/_next/static/chunks/node_modules_%40supabase_auth-js_dist_module_0.pzobh._.js:951:24)
    at _request (http://localhost:3000/_next/static/chunks/node_modules_%40supabase_auth-js_dist_module_0.pzobh._.js:938:24)
    at http://localhost:3000/_next/static/chunks/node_modules_%40supabase_auth-js_dist_module_0.pzobh._.js:7482:220
    at async http://localhost:3000/_next/static/chunks/node_modules_%40supabase_auth-js_dist_module_0.pzobh._.js:667:36 @ http://localhost:3000/_next/static/chunks/node_modules_next_dist_115brz8._.js:3272
[51127494ms] [ERROR] Failed to load resource: net::ERR_QUIC_PROTOCOL_ERROR @ https://wnitkyyodymmjedlttex.supabase.co/auth/v1/token?grant_type=refresh_token:0
[51127495ms] [ERROR] TypeError: Failed to fetch
    at http://localhost:3000/_next/static/chunks/node_modules_%40supabase_auth-js_dist_module_0.pzobh._.js:597:23
    at _handleRequest (http://localhost:3000/_next/static/chunks/node_modules_%40supabase_auth-js_dist_module_0.pzobh._.js:951:24)
    at _request (http://localhost:3000/_next/static/chunks/node_modules_%40supabase_auth-js_dist_module_0.pzobh._.js:938:24)
    at http://localhost:3000/_next/static/chunks/node_modules_%40supabase_auth-js_dist_module_0.pzobh._.js:7482:220
    at async http://localhost:3000/_next/static/chunks/node_modules_%40supabase_auth-js_dist_module_0.pzobh._.js:667:36 @ http://localhost:3000/_next/static/chunks/node_modules_next_dist_115brz8._.js:3272
[51132310ms] [ERROR] Failed to load resource: net::ERR_QUIC_PROTOCOL_ERROR @ https://wnitkyyodymmjedlttex.supabase.co/auth/v1/token?grant_type=refresh_token:0
[51132310ms] [ERROR] TypeError: Failed to fetch
    at http://localhost:3000/_next/static/chunks/node_modules_%40supabase_auth-js_dist_module_0.pzobh._.js:597:23
    at _handleRequest (http://localhost:3000/_next/static/chunks/node_modules_%40supabase_auth-js_dist_module_0.pzobh._.js:951:24)
    at _request (http://localhost:3000/_next/static/chunks/node_modules_%40supabase_auth-js_dist_module_0.pzobh._.js:938:24)
    at http://localhost:3000/_next/static/chunks/node_modules_%40supabase_auth-js_dist_module_0.pzobh._.js:7482:220
    at async http://localhost:3000/_next/static/chunks/node_modules_%40supabase_auth-js_dist_module_0.pzobh._.js:667:36 @ http://localhost:3000/_next/static/chunks/node_modules_next_dist_115brz8._.js:3272
[51137940ms] [ERROR] Failed to load resource: net::ERR_QUIC_PROTOCOL_ERROR @ https://wnitkyyodymmjedlttex.supabase.co/auth/v1/token?grant_type=refresh_token:0
[51137940ms] [ERROR] TypeError: Failed to fetch
    at http://localhost:3000/_next/static/chunks/node_modules_%40supabase_auth-js_dist_module_0.pzobh._.js:597:23
    at _handleRequest (http://localhost:3000/_next/static/chunks/node_modules_%40supabase_auth-js_dist_module_0.pzobh._.js:951:24)
    at _request (http://localhost:3000/_next/static/chunks/node_modules_%40supabase_auth-js_dist_module_0.pzobh._.js:938:24)
    at http://localhost:3000/_next/static/chunks/node_modules_%40supabase_auth-js_dist_module_0.pzobh._.js:7482:220
    at async http://localhost:3000/_next/static/chunks/node_modules_%40supabase_auth-js_dist_module_0.pzobh._.js:667:36 @ http://localhost:3000/_next/static/chunks/node_modules_next_dist_115brz8._.js:3272
[51145151ms] [ERROR] Failed to load resource: net::ERR_QUIC_PROTOCOL_ERROR @ https://wnitkyyodymmjedlttex.supabase.co/auth/v1/token?grant_type=refresh_token:0
[51145151ms] [ERROR] TypeError: Failed to fetch
    at http://localhost:3000/_next/static/chunks/node_modules_%40supabase_auth-js_dist_module_0.pzobh._.js:597:23
    at _handleRequest (http://localhost:3000/_next/static/chunks/node_modules_%40supabase_auth-js_dist_module_0.pzobh._.js:951:24)
    at _request (http://localhost:3000/_next/static/chunks/node_modules_%40supabase_auth-js_dist_module_0.pzobh._.js:938:24)
    at http://localhost:3000/_next/static/chunks/node_modules_%40supabase_auth-js_dist_module_0.pzobh._.js:7482:220
    at async http://localhost:3000/_next/static/chunks/node_modules_%40supabase_auth-js_dist_module_0.pzobh._.js:667:36 @ http://localhost:3000/_next/static/chunks/node_modules_next_dist_115brz8._.js:3272
[51149158ms] [ERROR] Failed to load resource: net::ERR_QUIC_PROTOCOL_ERROR @ https://wnitkyyodymmjedlttex.supabase.co/auth/v1/token?grant_type=refresh_token:0
[51149158ms] [ERROR] TypeError: Failed to fetch
    at http://localhost:3000/_next/static/chunks/node_modules_%40supabase_auth-js_dist_module_0.pzobh._.js:597:23
    at _handleRequest (http://localhost:3000/_next/static/chunks/node_modules_%40supabase_auth-js_dist_module_0.pzobh._.js:951:24)
    at _request (http://localhost:3000/_next/static/chunks/node_modules_%40supabase_auth-js_dist_module_0.pzobh._.js:938:24)
    at http://localhost:3000/_next/static/chunks/node_modules_%40supabase_auth-js_dist_module_0.pzobh._.js:7482:220
    at http://localhost:3000/_next/static/chunks/node_modules_%40supabase_auth-js_dist_module_0.pzobh._.js:667:42
    at http://localhost:3000/_next/static/chunks/node_modules_%40supabase_auth-js_dist_module_0.pzobh._.js:679:11
    at new Promise (<anonymous>)
    at retryable (http://localhost:3000/_next/static/chunks/node_modules_%40supabase_auth-js_dist_module_0.pzobh._.js:661:21)
    at SupabaseAuthClient._refreshAccessToken (http://localhost:3000/_next/static/chunks/node_modules_%40supabase_auth-js_dist_module_0.pzobh._.js:7477:219)
    at SupabaseAuthClient._callRefreshToken (http://localhost:3000/_next/static/chunks/node_modules_%40supabase_auth-js_dist_module_0.pzobh._.js:7633:48)
    at SupabaseAuthClient.__loadSession (http://localhost:3000/_next/static/chunks/node_modules_%40supabase_auth-js_dist_module_0.pzobh._.js:5996:57)
    at async SupabaseAuthClient._useSession (http://localhost:3000/_next/static/chunks/node_modules_%40supabase_auth-js_dist_module_0.pzobh._.js:5926:28)
    at async http://localhost:3000/_next/static/chunks/node_modules_%40supabase_auth-js_dist_module_0.pzobh._.js:7903:32
    at async http://localhost:3000/_next/static/chunks/node_modules_%40supabase_auth-js_dist_module_0.pzobh._.js:5875:28 @ http://localhost:3000/_next/static/chunks/node_modules_next_dist_115brz8._.js:3272
[51153370ms] [ERROR] Failed to load resource: net::ERR_QUIC_PROTOCOL_ERROR @ https://wnitkyyodymmjedlttex.supabase.co/auth/v1/token?grant_type=refresh_token:0
[51153371ms] [ERROR] TypeError: Failed to fetch
    at http://localhost:3000/_next/static/chunks/node_modules_%40supabase_auth-js_dist_module_0.pzobh._.js:597:23
    at _handleRequest (http://localhost:3000/_next/static/chunks/node_modules_%40supabase_auth-js_dist_module_0.pzobh._.js:951:24)
    at _request (http://localhost:3000/_next/static/chunks/node_modules_%40supabase_auth-js_dist_module_0.pzobh._.js:938:24)
    at http://localhost:3000/_next/static/chunks/node_modules_%40supabase_auth-js_dist_module_0.pzobh._.js:7482:220
    at async http://localhost:3000/_next/static/chunks/node_modules_%40supabase_auth-js_dist_module_0.pzobh._.js:667:36 @ http://localhost:3000/_next/static/chunks/node_modules_next_dist_115brz8._.js:3272
[51157786ms] [ERROR] Failed to load resource: net::ERR_QUIC_PROTOCOL_ERROR @ https://wnitkyyodymmjedlttex.supabase.co/auth/v1/token?grant_type=refresh_token:0
[51157787ms] [ERROR] TypeError: Failed to fetch
    at http://localhost:3000/_next/static/chunks/node_modules_%40supabase_auth-js_dist_module_0.pzobh._.js:597:23
    at _handleRequest (http://localhost:3000/_next/static/chunks/node_modules_%40supabase_auth-js_dist_module_0.pzobh._.js:951:24)
    at _request (http://localhost:3000/_next/static/chunks/node_modules_%40supabase_auth-js_dist_module_0.pzobh._.js:938:24)
    at http://localhost:3000/_next/static/chunks/node_modules_%40supabase_auth-js_dist_module_0.pzobh._.js:7482:220
    at async http://localhost:3000/_next/static/chunks/node_modules_%40supabase_auth-js_dist_module_0.pzobh._.js:667:36 @ http://localhost:3000/_next/static/chunks/node_modules_next_dist_115brz8._.js:3272
[51162592ms] [ERROR] Failed to load resource: net::ERR_QUIC_PROTOCOL_ERROR @ https://wnitkyyodymmjedlttex.supabase.co/auth/v1/token?grant_type=refresh_token:0
[51162592ms] [ERROR] TypeError: Failed to fetch
    at http://localhost:3000/_next/static/chunks/node_modules_%40supabase_auth-js_dist_module_0.pzobh._.js:597:23
    at _handleRequest (http://localhost:3000/_next/static/chunks/node_modules_%40supabase_auth-js_dist_module_0.pzobh._.js:951:24)
    at _request (http://localhost:3000/_next/static/chunks/node_modules_%40supabase_auth-js_dist_module_0.pzobh._.js:938:24)
    at http://localhost:3000/_next/static/chunks/node_modules_%40supabase_auth-js_dist_module_0.pzobh._.js:7482:220
    at async http://localhost:3000/_next/static/chunks/node_modules_%40supabase_auth-js_dist_module_0.pzobh._.js:667:36 @ http://localhost:3000/_next/static/chunks/node_modules_next_dist_115brz8._.js:3272
[51168197ms] [ERROR] Failed to load resource: net::ERR_QUIC_PROTOCOL_ERROR @ https://wnitkyyodymmjedlttex.supabase.co/auth/v1/token?grant_type=refresh_token:0
[51168197ms] [ERROR] TypeError: Failed to fetch
    at http://localhost:3000/_next/static/chunks/node_modules_%40supabase_auth-js_dist_module_0.pzobh._.js:597:23
    at _handleRequest (http://localhost:3000/_next/static/chunks/node_modules_%40supabase_auth-js_dist_module_0.pzobh._.js:951:24)
    at _request (http://localhost:3000/_next/static/chunks/node_modules_%40supabase_auth-js_dist_module_0.pzobh._.js:938:24)
    at http://localhost:3000/_next/static/chunks/node_modules_%40supabase_auth-js_dist_module_0.pzobh._.js:7482:220
    at async http://localhost:3000/_next/static/chunks/node_modules_%40supabase_auth-js_dist_module_0.pzobh._.js:667:36 @ http://localhost:3000/_next/static/chunks/node_modules_next_dist_115brz8._.js:3272
[51175413ms] [ERROR] Failed to load resource: net::ERR_QUIC_PROTOCOL_ERROR @ https://wnitkyyodymmjedlttex.supabase.co/auth/v1/token?grant_type=refresh_token:0
[51175413ms] [ERROR] TypeError: Failed to fetch
    at http://localhost:3000/_next/static/chunks/node_modules_%40supabase_auth-js_dist_module_0.pzobh._.js:597:23
    at _handleRequest (http://localhost:3000/_next/static/chunks/node_modules_%40supabase_auth-js_dist_module_0.pzobh._.js:951:24)
    at _request (http://localhost:3000/_next/static/chunks/node_modules_%40supabase_auth-js_dist_module_0.pzobh._.js:938:24)
    at http://localhost:3000/_next/static/chunks/node_modules_%40supabase_auth-js_dist_module_0.pzobh._.js:7482:220
    at async http://localhost:3000/_next/static/chunks/node_modules_%40supabase_auth-js_dist_module_0.pzobh._.js:667:36 @ http://localhost:3000/_next/static/chunks/node_modules_next_dist_115brz8._.js:3272
[51179425ms] [ERROR] Failed to load resource: net::ERR_QUIC_PROTOCOL_ERROR @ https://wnitkyyodymmjedlttex.supabase.co/auth/v1/token?grant_type=refresh_token:0
[51179425ms] [ERROR] TypeError: Failed to fetch
    at http://localhost:3000/_next/static/chunks/node_modules_%40supabase_auth-js_dist_module_0.pzobh._.js:597:23
    at _handleRequest (http://localhost:3000/_next/static/chunks/node_modules_%40supabase_auth-js_dist_module_0.pzobh._.js:951:24)
    at _request (http://localhost:3000/_next/static/chunks/node_modules_%40supabase_auth-js_dist_module_0.pzobh._.js:938:24)
    at http://localhost:3000/_next/static/chunks/node_modules_%40supabase_auth-js_dist_module_0.pzobh._.js:7482:220
    at http://localhost:3000/_next/static/chunks/node_modules_%40supabase_auth-js_dist_module_0.pzobh._.js:667:42
    at http://localhost:3000/_next/static/chunks/node_modules_%40supabase_auth-js_dist_module_0.pzobh._.js:679:11
    at new Promise (<anonymous>)
    at retryable (http://localhost:3000/_next/static/chunks/node_modules_%40supabase_auth-js_dist_module_0.pzobh._.js:661:21)
    at SupabaseAuthClient._refreshAccessToken (http://localhost:3000/_next/static/chunks/node_modules_%40supabase_auth-js_dist_module_0.pzobh._.js:7477:219)
    at SupabaseAuthClient._callRefreshToken (http://localhost:3000/_next/static/chunks/node_modules_%40supabase_auth-js_dist_module_0.pzobh._.js:7633:48)
    at SupabaseAuthClient.__loadSession (http://localhost:3000/_next/static/chunks/node_modules_%40supabase_auth-js_dist_module_0.pzobh._.js:5996:57)
    at async SupabaseAuthClient._useSession (http://localhost:3000/_next/static/chunks/node_modules_%40supabase_auth-js_dist_module_0.pzobh._.js:5926:28)
    at async http://localhost:3000/_next/static/chunks/node_modules_%40supabase_auth-js_dist_module_0.pzobh._.js:7903:32
    at async http://localhost:3000/_next/static/chunks/node_modules_%40supabase_auth-js_dist_module_0.pzobh._.js:5875:28 @ http://localhost:3000/_next/static/chunks/node_modules_next_dist_115brz8._.js:3272
[51183639ms] [ERROR] Failed to load resource: net::ERR_QUIC_PROTOCOL_ERROR @ https://wnitkyyodymmjedlttex.supabase.co/auth/v1/token?grant_type=refresh_token:0
[51183639ms] [ERROR] TypeError: Failed to fetch
    at http://localhost:3000/_next/static/chunks/node_modules_%40supabase_auth-js_dist_module_0.pzobh._.js:597:23
    at _handleRequest (http://localhost:3000/_next/static/chunks/node_modules_%40supabase_auth-js_dist_module_0.pzobh._.js:951:24)
    at _request (http://localhost:3000/_next/static/chunks/node_modules_%40supabase_auth-js_dist_module_0.pzobh._.js:938:24)
    at http://localhost:3000/_next/static/chunks/node_modules_%40supabase_auth-js_dist_module_0.pzobh._.js:7482:220
    at async http://localhost:3000/_next/static/chunks/node_modules_%40supabase_auth-js_dist_module_0.pzobh._.js:667:36 @ http://localhost:3000/_next/static/chunks/node_modules_next_dist_115brz8._.js:3272
[51188053ms] [ERROR] Failed to load resource: net::ERR_QUIC_PROTOCOL_ERROR @ https://wnitkyyodymmjedlttex.supabase.co/auth/v1/token?grant_type=refresh_token:0
[51188054ms] [ERROR] TypeError: Failed to fetch
    at http://localhost:3000/_next/static/chunks/node_modules_%40supabase_auth-js_dist_module_0.pzobh._.js:597:23
    at _handleRequest (http://localhost:3000/_next/static/chunks/node_modules_%40supabase_auth-js_dist_module_0.pzobh._.js:951:24)
    at _request (http://localhost:3000/_next/static/chunks/node_modules_%40supabase_auth-js_dist_module_0.pzobh._.js:938:24)
    at http://localhost:3000/_next/static/chunks/node_modules_%40supabase_auth-js_dist_module_0.pzobh._.js:7482:220
    at async http://localhost:3000/_next/static/chunks/node_modules_%40supabase_auth-js_dist_module_0.pzobh._.js:667:36 @ http://localhost:3000/_next/static/chunks/node_modules_next_dist_115brz8._.js:3272
[51192872ms] [ERROR] Failed to load resource: net::ERR_QUIC_PROTOCOL_ERROR @ https://wnitkyyodymmjedlttex.supabase.co/auth/v1/token?grant_type=refresh_token:0
[51192873ms] [ERROR] TypeError: Failed to fetch
    at http://localhost:3000/_next/static/chunks/node_modules_%40supabase_auth-js_dist_module_0.pzobh._.js:597:23
    at _handleRequest (http://localhost:3000/_next/static/chunks/node_modules_%40supabase_auth-js_dist_module_0.pzobh._.js:951:24)
    at _request (http://localhost:3000/_next/static/chunks/node_modules_%40supabase_auth-js_dist_module_0.pzobh._.js:938:24)
    at http://localhost:3000/_next/static/chunks/node_modules_%40supabase_auth-js_dist_module_0.pzobh._.js:7482:220
    at async http://localhost:3000/_next/static/chunks/node_modules_%40supabase_auth-js_dist_module_0.pzobh._.js:667:36 @ http://localhost:3000/_next/static/chunks/node_modules_next_dist_115brz8._.js:3272
[51198490ms] [ERROR] Failed to load resource: net::ERR_QUIC_PROTOCOL_ERROR @ https://wnitkyyodymmjedlttex.supabase.co/auth/v1/token?grant_type=refresh_token:0
[51198490ms] [ERROR] TypeError: Failed to fetch
    at http://localhost:3000/_next/static/chunks/node_modules_%40supabase_auth-js_dist_module_0.pzobh._.js:597:23
    at _handleRequest (http://localhost:3000/_next/static/chunks/node_modules_%40supabase_auth-js_dist_module_0.pzobh._.js:951:24)
    at _request (http://localhost:3000/_next/static/chunks/node_modules_%40supabase_auth-js_dist_module_0.pzobh._.js:938:24)
    at http://localhost:3000/_next/static/chunks/node_modules_%40supabase_auth-js_dist_module_0.pzobh._.js:7482:220
    at async http://localhost:3000/_next/static/chunks/node_modules_%40supabase_auth-js_dist_module_0.pzobh._.js:667:36 @ http://localhost:3000/_next/static/chunks/node_modules_next_dist_115brz8._.js:3272
[51205699ms] [ERROR] Failed to load resource: net::ERR_QUIC_PROTOCOL_ERROR @ https://wnitkyyodymmjedlttex.supabase.co/auth/v1/token?grant_type=refresh_token:0
[51205699ms] [ERROR] TypeError: Failed to fetch
    at http://localhost:3000/_next/static/chunks/node_modules_%40supabase_auth-js_dist_module_0.pzobh._.js:597:23
    at _handleRequest (http://localhost:3000/_next/static/chunks/node_modules_%40supabase_auth-js_dist_module_0.pzobh._.js:951:24)
    at _request (http://localhost:3000/_next/static/chunks/node_modules_%40supabase_auth-js_dist_module_0.pzobh._.js:938:24)
    at http://localhost:3000/_next/static/chunks/node_modules_%40supabase_auth-js_dist_module_0.pzobh._.js:7482:220
    at async http://localhost:3000/_next/static/chunks/node_modules_%40supabase_auth-js_dist_module_0.pzobh._.js:667:36 @ http://localhost:3000/_next/static/chunks/node_modules_next_dist_115brz8._.js:3272
[51209711ms] [ERROR] Failed to load resource: net::ERR_QUIC_PROTOCOL_ERROR @ https://wnitkyyodymmjedlttex.supabase.co/auth/v1/token?grant_type=refresh_token:0
[51209711ms] [ERROR] TypeError: Failed to fetch
    at http://localhost:3000/_next/static/chunks/node_modules_%40supabase_auth-js_dist_module_0.pzobh._.js:597:23
    at _handleRequest (http://localhost:3000/_next/static/chunks/node_modules_%40supabase_auth-js_dist_module_0.pzobh._.js:951:24)
    at _request (http://localhost:3000/_next/static/chunks/node_modules_%40supabase_auth-js_dist_module_0.pzobh._.js:938:24)
    at http://localhost:3000/_next/static/chunks/node_modules_%40supabase_auth-js_dist_module_0.pzobh._.js:7482:220
    at http://localhost:3000/_next/static/chunks/node_modules_%40supabase_auth-js_dist_module_0.pzobh._.js:667:42
    at http://localhost:3000/_next/static/chunks/node_modules_%40supabase_auth-js_dist_module_0.pzobh._.js:679:11
    at new Promise (<anonymous>)
    at retryable (http://localhost:3000/_next/static/chunks/node_modules_%40supabase_auth-js_dist_module_0.pzobh._.js:661:21)
    at SupabaseAuthClient._refreshAccessToken (http://localhost:3000/_next/static/chunks/node_modules_%40supabase_auth-js_dist_module_0.pzobh._.js:7477:219)
    at SupabaseAuthClient._callRefreshToken (http://localhost:3000/_next/static/chunks/node_modules_%40supabase_auth-js_dist_module_0.pzobh._.js:7633:48)
    at SupabaseAuthClient.__loadSession (http://localhost:3000/_next/static/chunks/node_modules_%40supabase_auth-js_dist_module_0.pzobh._.js:5996:57)
    at async SupabaseAuthClient._useSession (http://localhost:3000/_next/static/chunks/node_modules_%40supabase_auth-js_dist_module_0.pzobh._.js:5926:28)
    at async http://localhost:3000/_next/static/chunks/node_modules_%40supabase_auth-js_dist_module_0.pzobh._.js:7903:32
    at async http://localhost:3000/_next/static/chunks/node_modules_%40supabase_auth-js_dist_module_0.pzobh._.js:5875:28 @ http://localhost:3000/_next/static/chunks/node_modules_next_dist_115brz8._.js:3272
[51213932ms] [ERROR] Failed to load resource: net::ERR_QUIC_PROTOCOL_ERROR @ https://wnitkyyodymmjedlttex.supabase.co/auth/v1/token?grant_type=refresh_token:0
[51213933ms] [ERROR] TypeError: Failed to fetch
    at http://localhost:3000/_next/static/chunks/node_modules_%40supabase_auth-js_dist_module_0.pzobh._.js:597:23
    at _handleRequest (http://localhost:3000/_next/static/chunks/node_modules_%40supabase_auth-js_dist_module_0.pzobh._.js:951:24)
    at _request (http://localhost:3000/_next/static/chunks/node_modules_%40supabase_auth-js_dist_module_0.pzobh._.js:938:24)
    at http://localhost:3000/_next/static/chunks/node_modules_%40supabase_auth-js_dist_module_0.pzobh._.js:7482:220
    at async http://localhost:3000/_next/static/chunks/node_modules_%40supabase_auth-js_dist_module_0.pzobh._.js:667:36 @ http://localhost:3000/_next/static/chunks/node_modules_next_dist_115brz8._.js:3272
[51218353ms] [ERROR] Failed to load resource: net::ERR_QUIC_PROTOCOL_ERROR @ https://wnitkyyodymmjedlttex.supabase.co/auth/v1/token?grant_type=refresh_token:0
[51218354ms] [ERROR] TypeError: Failed to fetch
    at http://localhost:3000/_next/static/chunks/node_modules_%40supabase_auth-js_dist_module_0.pzobh._.js:597:23
    at _handleRequest (http://localhost:3000/_next/static/chunks/node_modules_%40supabase_auth-js_dist_module_0.pzobh._.js:951:24)
    at _request (http://localhost:3000/_next/static/chunks/node_modules_%40supabase_auth-js_dist_module_0.pzobh._.js:938:24)
    at http://localhost:3000/_next/static/chunks/node_modules_%40supabase_auth-js_dist_module_0.pzobh._.js:7482:220
    at async http://localhost:3000/_next/static/chunks/node_modules_%40supabase_auth-js_dist_module_0.pzobh._.js:667:36 @ http://localhost:3000/_next/static/chunks/node_modules_next_dist_115brz8._.js:3272
[51223177ms] [ERROR] Failed to load resource: net::ERR_QUIC_PROTOCOL_ERROR @ https://wnitkyyodymmjedlttex.supabase.co/auth/v1/token?grant_type=refresh_token:0
[51223177ms] [ERROR] TypeError: Failed to fetch
    at http://localhost:3000/_next/static/chunks/node_modules_%40supabase_auth-js_dist_module_0.pzobh._.js:597:23
    at _handleRequest (http://localhost:3000/_next/static/chunks/node_modules_%40supabase_auth-js_dist_module_0.pzobh._.js:951:24)
    at _request (http://localhost:3000/_next/static/chunks/node_modules_%40supabase_auth-js_dist_module_0.pzobh._.js:938:24)
    at http://localhost:3000/_next/static/chunks/node_modules_%40supabase_auth-js_dist_module_0.pzobh._.js:7482:220
    at async http://localhost:3000/_next/static/chunks/node_modules_%40supabase_auth-js_dist_module_0.pzobh._.js:667:36 @ http://localhost:3000/_next/static/chunks/node_modules_next_dist_115brz8._.js:3272
[51228798ms] [ERROR] Failed to load resource: net::ERR_QUIC_PROTOCOL_ERROR @ https://wnitkyyodymmjedlttex.supabase.co/auth/v1/token?grant_type=refresh_token:0
[51228798ms] [ERROR] TypeError: Failed to fetch
    at http://localhost:3000/_next/static/chunks/node_modules_%40supabase_auth-js_dist_module_0.pzobh._.js:597:23
    at _handleRequest (http://localhost:3000/_next/static/chunks/node_modules_%40supabase_auth-js_dist_module_0.pzobh._.js:951:24)
    at _request (http://localhost:3000/_next/static/chunks/node_modules_%40supabase_auth-js_dist_module_0.pzobh._.js:938:24)
    at http://localhost:3000/_next/static/chunks/node_modules_%40supabase_auth-js_dist_module_0.pzobh._.js:7482:220
    at async http://localhost:3000/_next/static/chunks/node_modules_%40supabase_auth-js_dist_module_0.pzobh._.js:667:36 @ http://localhost:3000/_next/static/chunks/node_modules_next_dist_115brz8._.js:3272
[51236023ms] [ERROR] Failed to load resource: net::ERR_QUIC_PROTOCOL_ERROR @ https://wnitkyyodymmjedlttex.supabase.co/auth/v1/token?grant_type=refresh_token:0
[51236023ms] [ERROR] TypeError: Failed to fetch
    at http://localhost:3000/_next/static/chunks/node_modules_%40supabase_auth-js_dist_module_0.pzobh._.js:597:23
    at _handleRequest (http://localhost:3000/_next/static/chunks/node_modules_%40supabase_auth-js_dist_module_0.pzobh._.js:951:24)
    at _request (http://localhost:3000/_next/static/chunks/node_modules_%40supabase_auth-js_dist_module_0.pzobh._.js:938:24)
    at http://localhost:3000/_next/static/chunks/node_modules_%40supabase_auth-js_dist_module_0.pzobh._.js:7482:220
    at async http://localhost:3000/_next/static/chunks/node_modules_%40supabase_auth-js_dist_module_0.pzobh._.js:667:36 @ http://localhost:3000/_next/static/chunks/node_modules_next_dist_115brz8._.js:3272
[51240069ms] [ERROR] Failed to load resource: net::ERR_QUIC_PROTOCOL_ERROR @ https://wnitkyyodymmjedlttex.supabase.co/auth/v1/token?grant_type=refresh_token:0
[51240070ms] [ERROR] TypeError: Failed to fetch
    at http://localhost:3000/_next/static/chunks/node_modules_%40supabase_auth-js_dist_module_0.pzobh._.js:597:23
    at _handleRequest (http://localhost:3000/_next/static/chunks/node_modules_%40supabase_auth-js_dist_module_0.pzobh._.js:951:24)
    at _request (http://localhost:3000/_next/static/chunks/node_modules_%40supabase_auth-js_dist_module_0.pzobh._.js:938:24)
    at http://localhost:3000/_next/static/chunks/node_modules_%40supabase_auth-js_dist_module_0.pzobh._.js:7482:220
    at http://localhost:3000/_next/static/chunks/node_modules_%40supabase_auth-js_dist_module_0.pzobh._.js:667:42
    at http://localhost:3000/_next/static/chunks/node_modules_%40supabase_auth-js_dist_module_0.pzobh._.js:679:11
    at new Promise (<anonymous>)
    at retryable (http://localhost:3000/_next/static/chunks/node_modules_%40supabase_auth-js_dist_module_0.pzobh._.js:661:21)
    at SupabaseAuthClient._refreshAccessToken (http://localhost:3000/_next/static/chunks/node_modules_%40supabase_auth-js_dist_module_0.pzobh._.js:7477:219)
    at SupabaseAuthClient._callRefreshToken (http://localhost:3000/_next/static/chunks/node_modules_%40supabase_auth-js_dist_module_0.pzobh._.js:7633:48)
    at SupabaseAuthClient.__loadSession (http://localhost:3000/_next/static/chunks/node_modules_%40supabase_auth-js_dist_module_0.pzobh._.js:5996:57)
    at async SupabaseAuthClient._useSession (http://localhost:3000/_next/static/chunks/node_modules_%40supabase_auth-js_dist_module_0.pzobh._.js:5926:28)
    at async http://localhost:3000/_next/static/chunks/node_modules_%40supabase_auth-js_dist_module_0.pzobh._.js:7903:32
    at async http://localhost:3000/_next/static/chunks/node_modules_%40supabase_auth-js_dist_module_0.pzobh._.js:5875:28 @ http://localhost:3000/_next/static/chunks/node_modules_next_dist_115brz8._.js:3272
[51244273ms] [ERROR] Failed to load resource: net::ERR_QUIC_PROTOCOL_ERROR @ https://wnitkyyodymmjedlttex.supabase.co/auth/v1/token?grant_type=refresh_token:0
[51244273ms] [ERROR] TypeError: Failed to fetch
    at http://localhost:3000/_next/static/chunks/node_modules_%40supabase_auth-js_dist_module_0.pzobh._.js:597:23
    at _handleRequest (http://localhost:3000/_next/static/chunks/node_modules_%40supabase_auth-js_dist_module_0.pzobh._.js:951:24)
    at _request (http://localhost:3000/_next/static/chunks/node_modules_%40supabase_auth-js_dist_module_0.pzobh._.js:938:24)
    at http://localhost:3000/_next/static/chunks/node_modules_%40supabase_auth-js_dist_module_0.pzobh._.js:7482:220
    at async http://localhost:3000/_next/static/chunks/node_modules_%40supabase_auth-js_dist_module_0.pzobh._.js:667:36 @ http://localhost:3000/_next/static/chunks/node_modules_next_dist_115brz8._.js:3272
[51248686ms] [ERROR] Failed to load resource: net::ERR_QUIC_PROTOCOL_ERROR @ https://wnitkyyodymmjedlttex.supabase.co/auth/v1/token?grant_type=refresh_token:0
[51248686ms] [ERROR] TypeError: Failed to fetch
    at http://localhost:3000/_next/static/chunks/node_modules_%40supabase_auth-js_dist_module_0.pzobh._.js:597:23
    at _handleRequest (http://localhost:3000/_next/static/chunks/node_modules_%40supabase_auth-js_dist_module_0.pzobh._.js:951:24)
    at _request (http://localhost:3000/_next/static/chunks/node_modules_%40supabase_auth-js_dist_module_0.pzobh._.js:938:24)
    at http://localhost:3000/_next/static/chunks/node_modules_%40supabase_auth-js_dist_module_0.pzobh._.js:7482:220
    at async http://localhost:3000/_next/static/chunks/node_modules_%40supabase_auth-js_dist_module_0.pzobh._.js:667:36 @ http://localhost:3000/_next/static/chunks/node_modules_next_dist_115brz8._.js:3272
[51253515ms] [ERROR] Failed to load resource: net::ERR_QUIC_PROTOCOL_ERROR @ https://wnitkyyodymmjedlttex.supabase.co/auth/v1/token?grant_type=refresh_token:0
[51253516ms] [ERROR] TypeError: Failed to fetch
    at http://localhost:3000/_next/static/chunks/node_modules_%40supabase_auth-js_dist_module_0.pzobh._.js:597:23
    at _handleRequest (http://localhost:3000/_next/static/chunks/node_modules_%40supabase_auth-js_dist_module_0.pzobh._.js:951:24)
    at _request (http://localhost:3000/_next/static/chunks/node_modules_%40supabase_auth-js_dist_module_0.pzobh._.js:938:24)
    at http://localhost:3000/_next/static/chunks/node_modules_%40supabase_auth-js_dist_module_0.pzobh._.js:7482:220
    at async http://localhost:3000/_next/static/chunks/node_modules_%40supabase_auth-js_dist_module_0.pzobh._.js:667:36 @ http://localhost:3000/_next/static/chunks/node_modules_next_dist_115brz8._.js:3272
[51259127ms] [ERROR] Failed to load resource: net::ERR_QUIC_PROTOCOL_ERROR @ https://wnitkyyodymmjedlttex.supabase.co/auth/v1/token?grant_type=refresh_token:0
[51259127ms] [ERROR] TypeError: Failed to fetch
    at http://localhost:3000/_next/static/chunks/node_modules_%40supabase_auth-js_dist_module_0.pzobh._.js:597:23
    at _handleRequest (http://localhost:3000/_next/static/chunks/node_modules_%40supabase_auth-js_dist_module_0.pzobh._.js:951:24)
    at _request (http://localhost:3000/_next/static/chunks/node_modules_%40supabase_auth-js_dist_module_0.pzobh._.js:938:24)
    at http://localhost:3000/_next/static/chunks/node_modules_%40supabase_auth-js_dist_module_0.pzobh._.js:7482:220
    at async http://localhost:3000/_next/static/chunks/node_modules_%40supabase_auth-js_dist_module_0.pzobh._.js:667:36 @ http://localhost:3000/_next/static/chunks/node_modules_next_dist_115brz8._.js:3272
[51266340ms] [ERROR] Failed to load resource: net::ERR_QUIC_PROTOCOL_ERROR @ https://wnitkyyodymmjedlttex.supabase.co/auth/v1/token?grant_type=refresh_token:0
[51266340ms] [ERROR] TypeError: Failed to fetch
    at http://localhost:3000/_next/static/chunks/node_modules_%40supabase_auth-js_dist_module_0.pzobh._.js:597:23
    at _handleRequest (http://localhost:3000/_next/static/chunks/node_modules_%40supabase_auth-js_dist_module_0.pzobh._.js:951:24)
    at _request (http://localhost:3000/_next/static/chunks/node_modules_%40supabase_auth-js_dist_module_0.pzobh._.js:938:24)
    at http://localhost:3000/_next/static/chunks/node_modules_%40supabase_auth-js_dist_module_0.pzobh._.js:7482:220
    at async http://localhost:3000/_next/static/chunks/node_modules_%40supabase_auth-js_dist_module_0.pzobh._.js:667:36 @ http://localhost:3000/_next/static/chunks/node_modules_next_dist_115brz8._.js:3272
[51270348ms] [ERROR] Failed to load resource: net::ERR_QUIC_PROTOCOL_ERROR @ https://wnitkyyodymmjedlttex.supabase.co/auth/v1/token?grant_type=refresh_token:0
[51270349ms] [ERROR] TypeError: Failed to fetch
    at http://localhost:3000/_next/static/chunks/node_modules_%40supabase_auth-js_dist_module_0.pzobh._.js:597:23
    at _handleRequest (http://localhost:3000/_next/static/chunks/node_modules_%40supabase_auth-js_dist_module_0.pzobh._.js:951:24)
    at _request (http://localhost:3000/_next/static/chunks/node_modules_%40supabase_auth-js_dist_module_0.pzobh._.js:938:24)
    at http://localhost:3000/_next/static/chunks/node_modules_%40supabase_auth-js_dist_module_0.pzobh._.js:7482:220
    at http://localhost:3000/_next/static/chunks/node_modules_%40supabase_auth-js_dist_module_0.pzobh._.js:667:42
    at http://localhost:3000/_next/static/chunks/node_modules_%40supabase_auth-js_dist_module_0.pzobh._.js:679:11
    at new Promise (<anonymous>)
    at retryable (http://localhost:3000/_next/static/chunks/node_modules_%40supabase_auth-js_dist_module_0.pzobh._.js:661:21)
    at SupabaseAuthClient._refreshAccessToken (http://localhost:3000/_next/static/chunks/node_modules_%40supabase_auth-js_dist_module_0.pzobh._.js:7477:219)
    at SupabaseAuthClient._callRefreshToken (http://localhost:3000/_next/static/chunks/node_modules_%40supabase_auth-js_dist_module_0.pzobh._.js:7633:48)
    at SupabaseAuthClient.__loadSession (http://localhost:3000/_next/static/chunks/node_modules_%40supabase_auth-js_dist_module_0.pzobh._.js:5996:57)
    at async SupabaseAuthClient._useSession (http://localhost:3000/_next/static/chunks/node_modules_%40supabase_auth-js_dist_module_0.pzobh._.js:5926:28)
    at async http://localhost:3000/_next/static/chunks/node_modules_%40supabase_auth-js_dist_module_0.pzobh._.js:7903:32
    at async http://localhost:3000/_next/static/chunks/node_modules_%40supabase_auth-js_dist_module_0.pzobh._.js:5875:28 @ http://localhost:3000/_next/static/chunks/node_modules_next_dist_115brz8._.js:3272
[51274564ms] [ERROR] Failed to load resource: net::ERR_QUIC_PROTOCOL_ERROR @ https://wnitkyyodymmjedlttex.supabase.co/auth/v1/token?grant_type=refresh_token:0
[51274564ms] [ERROR] TypeError: Failed to fetch
    at http://localhost:3000/_next/static/chunks/node_modules_%40supabase_auth-js_dist_module_0.pzobh._.js:597:23
    at _handleRequest (http://localhost:3000/_next/static/chunks/node_modules_%40supabase_auth-js_dist_module_0.pzobh._.js:951:24)
    at _request (http://localhost:3000/_next/static/chunks/node_modules_%40supabase_auth-js_dist_module_0.pzobh._.js:938:24)
    at http://localhost:3000/_next/static/chunks/node_modules_%40supabase_auth-js_dist_module_0.pzobh._.js:7482:220
    at async http://localhost:3000/_next/static/chunks/node_modules_%40supabase_auth-js_dist_module_0.pzobh._.js:667:36 @ http://localhost:3000/_next/static/chunks/node_modules_next_dist_115brz8._.js:3272
[51278986ms] [ERROR] Failed to load resource: net::ERR_QUIC_PROTOCOL_ERROR @ https://wnitkyyodymmjedlttex.supabase.co/auth/v1/token?grant_type=refresh_token:0
[51278986ms] [ERROR] TypeError: Failed to fetch
    at http://localhost:3000/_next/static/chunks/node_modules_%40supabase_auth-js_dist_module_0.pzobh._.js:597:23
    at _handleRequest (http://localhost:3000/_next/static/chunks/node_modules_%40supabase_auth-js_dist_module_0.pzobh._.js:951:24)
    at _request (http://localhost:3000/_next/static/chunks/node_modules_%40supabase_auth-js_dist_module_0.pzobh._.js:938:24)
    at http://localhost:3000/_next/static/chunks/node_modules_%40supabase_auth-js_dist_module_0.pzobh._.js:7482:220
    at async http://localhost:3000/_next/static/chunks/node_modules_%40supabase_auth-js_dist_module_0.pzobh._.js:667:36 @ http://localhost:3000/_next/static/chunks/node_modules_next_dist_115brz8._.js:3272
[51283806ms] [ERROR] Failed to load resource: net::ERR_QUIC_PROTOCOL_ERROR @ https://wnitkyyodymmjedlttex.supabase.co/auth/v1/token?grant_type=refresh_token:0
[51283806ms] [ERROR] TypeError: Failed to fetch
    at http://localhost:3000/_next/static/chunks/node_modules_%40supabase_auth-js_dist_module_0.pzobh._.js:597:23
    at _handleRequest (http://localhost:3000/_next/static/chunks/node_modules_%40supabase_auth-js_dist_module_0.pzobh._.js:951:24)
    at _request (http://localhost:3000/_next/static/chunks/node_modules_%40supabase_auth-js_dist_module_0.pzobh._.js:938:24)
    at http://localhost:3000/_next/static/chunks/node_modules_%40supabase_auth-js_dist_module_0.pzobh._.js:7482:220
    at async http://localhost:3000/_next/static/chunks/node_modules_%40supabase_auth-js_dist_module_0.pzobh._.js:667:36 @ http://localhost:3000/_next/static/chunks/node_modules_next_dist_115brz8._.js:3272
[51289425ms] [ERROR] Failed to load resource: net::ERR_QUIC_PROTOCOL_ERROR @ https://wnitkyyodymmjedlttex.supabase.co/auth/v1/token?grant_type=refresh_token:0
[51289425ms] [ERROR] TypeError: Failed to fetch
    at http://localhost:3000/_next/static/chunks/node_modules_%40supabase_auth-js_dist_module_0.pzobh._.js:597:23
    at _handleRequest (http://localhost:3000/_next/static/chunks/node_modules_%40supabase_auth-js_dist_module_0.pzobh._.js:951:24)
    at _request (http://localhost:3000/_next/static/chunks/node_modules_%40supabase_auth-js_dist_module_0.pzobh._.js:938:24)
    at http://localhost:3000/_next/static/chunks/node_modules_%40supabase_auth-js_dist_module_0.pzobh._.js:7482:220
    at async http://localhost:3000/_next/static/chunks/node_modules_%40supabase_auth-js_dist_module_0.pzobh._.js:667:36 @ http://localhost:3000/_next/static/chunks/node_modules_next_dist_115brz8._.js:3272
[51296639ms] [ERROR] Failed to load resource: net::ERR_QUIC_PROTOCOL_ERROR @ https://wnitkyyodymmjedlttex.supabase.co/auth/v1/token?grant_type=refresh_token:0
[51296639ms] [ERROR] TypeError: Failed to fetch
    at http://localhost:3000/_next/static/chunks/node_modules_%40supabase_auth-js_dist_module_0.pzobh._.js:597:23
    at _handleRequest (http://localhost:3000/_next/static/chunks/node_modules_%40supabase_auth-js_dist_module_0.pzobh._.js:951:24)
    at _request (http://localhost:3000/_next/static/chunks/node_modules_%40supabase_auth-js_dist_module_0.pzobh._.js:938:24)
    at http://localhost:3000/_next/static/chunks/node_modules_%40supabase_auth-js_dist_module_0.pzobh._.js:7482:220
    at async http://localhost:3000/_next/static/chunks/node_modules_%40supabase_auth-js_dist_module_0.pzobh._.js:667:36 @ http://localhost:3000/_next/static/chunks/node_modules_next_dist_115brz8._.js:3272
[51300656ms] [ERROR] Failed to load resource: net::ERR_QUIC_PROTOCOL_ERROR @ https://wnitkyyodymmjedlttex.supabase.co/auth/v1/token?grant_type=refresh_token:0
[51300657ms] [ERROR] TypeError: Failed to fetch
    at http://localhost:3000/_next/static/chunks/node_modules_%40supabase_auth-js_dist_module_0.pzobh._.js:597:23
    at _handleRequest (http://localhost:3000/_next/static/chunks/node_modules_%40supabase_auth-js_dist_module_0.pzobh._.js:951:24)
    at _request (http://localhost:3000/_next/static/chunks/node_modules_%40supabase_auth-js_dist_module_0.pzobh._.js:938:24)
    at http://localhost:3000/_next/static/chunks/node_modules_%40supabase_auth-js_dist_module_0.pzobh._.js:7482:220
    at http://localhost:3000/_next/static/chunks/node_modules_%40supabase_auth-js_dist_module_0.pzobh._.js:667:42
    at http://localhost:3000/_next/static/chunks/node_modules_%40supabase_auth-js_dist_module_0.pzobh._.js:679:11
    at new Promise (<anonymous>)
    at retryable (http://localhost:3000/_next/static/chunks/node_modules_%40supabase_auth-js_dist_module_0.pzobh._.js:661:21)
    at SupabaseAuthClient._refreshAccessToken (http://localhost:3000/_next/static/chunks/node_modules_%40supabase_auth-js_dist_module_0.pzobh._.js:7477:219)
    at SupabaseAuthClient._callRefreshToken (http://localhost:3000/_next/static/chunks/node_modules_%40supabase_auth-js_dist_module_0.pzobh._.js:7633:48)
    at SupabaseAuthClient.__loadSession (http://localhost:3000/_next/static/chunks/node_modules_%40supabase_auth-js_dist_module_0.pzobh._.js:5996:57)
    at async SupabaseAuthClient._useSession (http://localhost:3000/_next/static/chunks/node_modules_%40supabase_auth-js_dist_module_0.pzobh._.js:5926:28)
    at async http://localhost:3000/_next/static/chunks/node_modules_%40supabase_auth-js_dist_module_0.pzobh._.js:7903:32
    at async http://localhost:3000/_next/static/chunks/node_modules_%40supabase_auth-js_dist_module_0.pzobh._.js:5875:28 @ http://localhost:3000/_next/static/chunks/node_modules_next_dist_115brz8._.js:3272
[51304872ms] [ERROR] Failed to load resource: net::ERR_QUIC_PROTOCOL_ERROR @ https://wnitkyyodymmjedlttex.supabase.co/auth/v1/token?grant_type=refresh_token:0
[51304872ms] [ERROR] TypeError: Failed to fetch
    at http://localhost:3000/_next/static/chunks/node_modules_%40supabase_auth-js_dist_module_0.pzobh._.js:597:23
    at _handleRequest (http://localhost:3000/_next/static/chunks/node_modules_%40supabase_auth-js_dist_module_0.pzobh._.js:951:24)
    at _request (http://localhost:3000/_next/static/chunks/node_modules_%40supabase_auth-js_dist_module_0.pzobh._.js:938:24)
    at http://localhost:3000/_next/static/chunks/node_modules_%40supabase_auth-js_dist_module_0.pzobh._.js:7482:220
    at async http://localhost:3000/_next/static/chunks/node_modules_%40supabase_auth-js_dist_module_0.pzobh._.js:667:36 @ http://localhost:3000/_next/static/chunks/node_modules_next_dist_115brz8._.js:3272
[51309297ms] [ERROR] Failed to load resource: net::ERR_QUIC_PROTOCOL_ERROR @ https://wnitkyyodymmjedlttex.supabase.co/auth/v1/token?grant_type=refresh_token:0
[51309297ms] [ERROR] TypeError: Failed to fetch
    at http://localhost:3000/_next/static/chunks/node_modules_%40supabase_auth-js_dist_module_0.pzobh._.js:597:23
    at _handleRequest (http://localhost:3000/_next/static/chunks/node_modules_%40supabase_auth-js_dist_module_0.pzobh._.js:951:24)
    at _request (http://localhost:3000/_next/static/chunks/node_modules_%40supabase_auth-js_dist_module_0.pzobh._.js:938:24)
    at http://localhost:3000/_next/static/chunks/node_modules_%40supabase_auth-js_dist_module_0.pzobh._.js:7482:220
    at async http://localhost:3000/_next/static/chunks/node_modules_%40supabase_auth-js_dist_module_0.pzobh._.js:667:36 @ http://localhost:3000/_next/static/chunks/node_modules_next_dist_115brz8._.js:3272
[51314114ms] [ERROR] Failed to load resource: net::ERR_QUIC_PROTOCOL_ERROR @ https://wnitkyyodymmjedlttex.supabase.co/auth/v1/token?grant_type=refresh_token:0
[51314114ms] [ERROR] TypeError: Failed to fetch
    at http://localhost:3000/_next/static/chunks/node_modules_%40supabase_auth-js_dist_module_0.pzobh._.js:597:23
    at _handleRequest (http://localhost:3000/_next/static/chunks/node_modules_%40supabase_auth-js_dist_module_0.pzobh._.js:951:24)
    at _request (http://localhost:3000/_next/static/chunks/node_modules_%40supabase_auth-js_dist_module_0.pzobh._.js:938:24)
    at http://localhost:3000/_next/static/chunks/node_modules_%40supabase_auth-js_dist_module_0.pzobh._.js:7482:220
    at async http://localhost:3000/_next/static/chunks/node_modules_%40supabase_auth-js_dist_module_0.pzobh._.js:667:36 @ http://localhost:3000/_next/static/chunks/node_modules_next_dist_115brz8._.js:3272
[51319721ms] [ERROR] Failed to load resource: net::ERR_QUIC_PROTOCOL_ERROR @ https://wnitkyyodymmjedlttex.supabase.co/auth/v1/token?grant_type=refresh_token:0
[51319721ms] [ERROR] TypeError: Failed to fetch
    at http://localhost:3000/_next/static/chunks/node_modules_%40supabase_auth-js_dist_module_0.pzobh._.js:597:23
    at _handleRequest (http://localhost:3000/_next/static/chunks/node_modules_%40supabase_auth-js_dist_module_0.pzobh._.js:951:24)
    at _request (http://localhost:3000/_next/static/chunks/node_modules_%40supabase_auth-js_dist_module_0.pzobh._.js:938:24)
    at http://localhost:3000/_next/static/chunks/node_modules_%40supabase_auth-js_dist_module_0.pzobh._.js:7482:220
    at async http://localhost:3000/_next/static/chunks/node_modules_%40supabase_auth-js_dist_module_0.pzobh._.js:667:36 @ http://localhost:3000/_next/static/chunks/node_modules_next_dist_115brz8._.js:3272
[51326933ms] [ERROR] Failed to load resource: net::ERR_QUIC_PROTOCOL_ERROR @ https://wnitkyyodymmjedlttex.supabase.co/auth/v1/token?grant_type=refresh_token:0
[51326933ms] [ERROR] TypeError: Failed to fetch
    at http://localhost:3000/_next/static/chunks/node_modules_%40supabase_auth-js_dist_module_0.pzobh._.js:597:23
    at _handleRequest (http://localhost:3000/_next/static/chunks/node_modules_%40supabase_auth-js_dist_module_0.pzobh._.js:951:24)
    at _request (http://localhost:3000/_next/static/chunks/node_modules_%40supabase_auth-js_dist_module_0.pzobh._.js:938:24)
    at http://localhost:3000/_next/static/chunks/node_modules_%40supabase_auth-js_dist_module_0.pzobh._.js:7482:220
    at async http://localhost:3000/_next/static/chunks/node_modules_%40supabase_auth-js_dist_module_0.pzobh._.js:667:36 @ http://localhost:3000/_next/static/chunks/node_modules_next_dist_115brz8._.js:3272
[51330941ms] [ERROR] Failed to load resource: net::ERR_QUIC_PROTOCOL_ERROR @ https://wnitkyyodymmjedlttex.supabase.co/auth/v1/token?grant_type=refresh_token:0
[51330941ms] [ERROR] TypeError: Failed to fetch
    at http://localhost:3000/_next/static/chunks/node_modules_%40supabase_auth-js_dist_module_0.pzobh._.js:597:23
    at _handleRequest (http://localhost:3000/_next/static/chunks/node_modules_%40supabase_auth-js_dist_module_0.pzobh._.js:951:24)
    at _request (http://localhost:3000/_next/static/chunks/node_modules_%40supabase_auth-js_dist_module_0.pzobh._.js:938:24)
    at http://localhost:3000/_next/static/chunks/node_modules_%40supabase_auth-js_dist_module_0.pzobh._.js:7482:220
    at http://localhost:3000/_next/static/chunks/node_modules_%40supabase_auth-js_dist_module_0.pzobh._.js:667:42
    at http://localhost:3000/_next/static/chunks/node_modules_%40supabase_auth-js_dist_module_0.pzobh._.js:679:11
    at new Promise (<anonymous>)
    at retryable (http://localhost:3000/_next/static/chunks/node_modules_%40supabase_auth-js_dist_module_0.pzobh._.js:661:21)
    at SupabaseAuthClient._refreshAccessToken (http://localhost:3000/_next/static/chunks/node_modules_%40supabase_auth-js_dist_module_0.pzobh._.js:7477:219)
    at SupabaseAuthClient._callRefreshToken (http://localhost:3000/_next/static/chunks/node_modules_%40supabase_auth-js_dist_module_0.pzobh._.js:7633:48)
    at SupabaseAuthClient.__loadSession (http://localhost:3000/_next/static/chunks/node_modules_%40supabase_auth-js_dist_module_0.pzobh._.js:5996:57)
    at async SupabaseAuthClient._useSession (http://localhost:3000/_next/static/chunks/node_modules_%40supabase_auth-js_dist_module_0.pzobh._.js:5926:28)
    at async http://localhost:3000/_next/static/chunks/node_modules_%40supabase_auth-js_dist_module_0.pzobh._.js:7903:32
    at async http://localhost:3000/_next/static/chunks/node_modules_%40supabase_auth-js_dist_module_0.pzobh._.js:5875:28 @ http://localhost:3000/_next/static/chunks/node_modules_next_dist_115brz8._.js:3272
[51335160ms] [ERROR] Failed to load resource: net::ERR_QUIC_PROTOCOL_ERROR @ https://wnitkyyodymmjedlttex.supabase.co/auth/v1/token?grant_type=refresh_token:0
[51335160ms] [ERROR] TypeError: Failed to fetch
    at http://localhost:3000/_next/static/chunks/node_modules_%40supabase_auth-js_dist_module_0.pzobh._.js:597:23
    at _handleRequest (http://localhost:3000/_next/static/chunks/node_modules_%40supabase_auth-js_dist_module_0.pzobh._.js:951:24)
    at _request (http://localhost:3000/_next/static/chunks/node_modules_%40supabase_auth-js_dist_module_0.pzobh._.js:938:24)
    at http://localhost:3000/_next/static/chunks/node_modules_%40supabase_auth-js_dist_module_0.pzobh._.js:7482:220
    at async http://localhost:3000/_next/static/chunks/node_modules_%40supabase_auth-js_dist_module_0.pzobh._.js:667:36 @ http://localhost:3000/_next/static/chunks/node_modules_next_dist_115brz8._.js:3272
[51339582ms] [ERROR] Failed to load resource: net::ERR_QUIC_PROTOCOL_ERROR @ https://wnitkyyodymmjedlttex.supabase.co/auth/v1/token?grant_type=refresh_token:0
[51339582ms] [ERROR] TypeError: Failed to fetch
    at http://localhost:3000/_next/static/chunks/node_modules_%40supabase_auth-js_dist_module_0.pzobh._.js:597:23
    at _handleRequest (http://localhost:3000/_next/static/chunks/node_modules_%40supabase_auth-js_dist_module_0.pzobh._.js:951:24)
    at _request (http://localhost:3000/_next/static/chunks/node_modules_%40supabase_auth-js_dist_module_0.pzobh._.js:938:24)
    at http://localhost:3000/_next/static/chunks/node_modules_%40supabase_auth-js_dist_module_0.pzobh._.js:7482:220
    at async http://localhost:3000/_next/static/chunks/node_modules_%40supabase_auth-js_dist_module_0.pzobh._.js:667:36 @ http://localhost:3000/_next/static/chunks/node_modules_next_dist_115brz8._.js:3272
[51344397ms] [ERROR] Failed to load resource: net::ERR_QUIC_PROTOCOL_ERROR @ https://wnitkyyodymmjedlttex.supabase.co/auth/v1/token?grant_type=refresh_token:0
[51344397ms] [ERROR] TypeError: Failed to fetch
    at http://localhost:3000/_next/static/chunks/node_modules_%40supabase_auth-js_dist_module_0.pzobh._.js:597:23
    at _handleRequest (http://localhost:3000/_next/static/chunks/node_modules_%40supabase_auth-js_dist_module_0.pzobh._.js:951:24)
    at _request (http://localhost:3000/_next/static/chunks/node_modules_%40supabase_auth-js_dist_module_0.pzobh._.js:938:24)
    at http://localhost:3000/_next/static/chunks/node_modules_%40supabase_auth-js_dist_module_0.pzobh._.js:7482:220
    at async http://localhost:3000/_next/static/chunks/node_modules_%40supabase_auth-js_dist_module_0.pzobh._.js:667:36 @ http://localhost:3000/_next/static/chunks/node_modules_next_dist_115brz8._.js:3272
[51350008ms] [ERROR] Failed to load resource: net::ERR_QUIC_PROTOCOL_ERROR @ https://wnitkyyodymmjedlttex.supabase.co/auth/v1/token?grant_type=refresh_token:0
[51350009ms] [ERROR] TypeError: Failed to fetch
    at http://localhost:3000/_next/static/chunks/node_modules_%40supabase_auth-js_dist_module_0.pzobh._.js:597:23
    at _handleRequest (http://localhost:3000/_next/static/chunks/node_modules_%40supabase_auth-js_dist_module_0.pzobh._.js:951:24)
    at _request (http://localhost:3000/_next/static/chunks/node_modules_%40supabase_auth-js_dist_module_0.pzobh._.js:938:24)
    at http://localhost:3000/_next/static/chunks/node_modules_%40supabase_auth-js_dist_module_0.pzobh._.js:7482:220
    at async http://localhost:3000/_next/static/chunks/node_modules_%40supabase_auth-js_dist_module_0.pzobh._.js:667:36 @ http://localhost:3000/_next/static/chunks/node_modules_next_dist_115brz8._.js:3272
[51357237ms] [ERROR] Failed to load resource: net::ERR_QUIC_PROTOCOL_ERROR @ https://wnitkyyodymmjedlttex.supabase.co/auth/v1/token?grant_type=refresh_token:0
[51357237ms] [ERROR] TypeError: Failed to fetch
    at http://localhost:3000/_next/static/chunks/node_modules_%40supabase_auth-js_dist_module_0.pzobh._.js:597:23
    at _handleRequest (http://localhost:3000/_next/static/chunks/node_modules_%40supabase_auth-js_dist_module_0.pzobh._.js:951:24)
    at _request (http://localhost:3000/_next/static/chunks/node_modules_%40supabase_auth-js_dist_module_0.pzobh._.js:938:24)
    at http://localhost:3000/_next/static/chunks/node_modules_%40supabase_auth-js_dist_module_0.pzobh._.js:7482:220
    at async http://localhost:3000/_next/static/chunks/node_modules_%40supabase_auth-js_dist_module_0.pzobh._.js:667:36 @ http://localhost:3000/_next/static/chunks/node_modules_next_dist_115brz8._.js:3272
[51361245ms] [ERROR] Failed to load resource: net::ERR_QUIC_PROTOCOL_ERROR @ https://wnitkyyodymmjedlttex.supabase.co/auth/v1/token?grant_type=refresh_token:0
[51361245ms] [ERROR] TypeError: Failed to fetch
    at http://localhost:3000/_next/static/chunks/node_modules_%40supabase_auth-js_dist_module_0.pzobh._.js:597:23
    at _handleRequest (http://localhost:3000/_next/static/chunks/node_modules_%40supabase_auth-js_dist_module_0.pzobh._.js:951:24)
    at _request (http://localhost:3000/_next/static/chunks/node_modules_%40supabase_auth-js_dist_module_0.pzobh._.js:938:24)
    at http://localhost:3000/_next/static/chunks/node_modules_%40supabase_auth-js_dist_module_0.pzobh._.js:7482:220
    at http://localhost:3000/_next/static/chunks/node_modules_%40supabase_auth-js_dist_module_0.pzobh._.js:667:42
    at http://localhost:3000/_next/static/chunks/node_modules_%40supabase_auth-js_dist_module_0.pzobh._.js:679:11
    at new Promise (<anonymous>)
    at retryable (http://localhost:3000/_next/static/chunks/node_modules_%40supabase_auth-js_dist_module_0.pzobh._.js:661:21)
    at SupabaseAuthClient._refreshAccessToken (http://localhost:3000/_next/static/chunks/node_modules_%40supabase_auth-js_dist_module_0.pzobh._.js:7477:219)
    at SupabaseAuthClient._callRefreshToken (http://localhost:3000/_next/static/chunks/node_modules_%40supabase_auth-js_dist_module_0.pzobh._.js:7633:48)
    at SupabaseAuthClient.__loadSession (http://localhost:3000/_next/static/chunks/node_modules_%40supabase_auth-js_dist_module_0.pzobh._.js:5996:57)
    at async SupabaseAuthClient._useSession (http://localhost:3000/_next/static/chunks/node_modules_%40supabase_auth-js_dist_module_0.pzobh._.js:5926:28)
    at async http://localhost:3000/_next/static/chunks/node_modules_%40supabase_auth-js_dist_module_0.pzobh._.js:7903:32
    at async http://localhost:3000/_next/static/chunks/node_modules_%40supabase_auth-js_dist_module_0.pzobh._.js:5875:28 @ http://localhost:3000/_next/static/chunks/node_modules_next_dist_115brz8._.js:3272
[51365458ms] [ERROR] Failed to load resource: net::ERR_QUIC_PROTOCOL_ERROR @ https://wnitkyyodymmjedlttex.supabase.co/auth/v1/token?grant_type=refresh_token:0
[51365458ms] [ERROR] TypeError: Failed to fetch
    at http://localhost:3000/_next/static/chunks/node_modules_%40supabase_auth-js_dist_module_0.pzobh._.js:597:23
    at _handleRequest (http://localhost:3000/_next/static/chunks/node_modules_%40supabase_auth-js_dist_module_0.pzobh._.js:951:24)
    at _request (http://localhost:3000/_next/static/chunks/node_modules_%40supabase_auth-js_dist_module_0.pzobh._.js:938:24)
    at http://localhost:3000/_next/static/chunks/node_modules_%40supabase_auth-js_dist_module_0.pzobh._.js:7482:220
    at async http://localhost:3000/_next/static/chunks/node_modules_%40supabase_auth-js_dist_module_0.pzobh._.js:667:36 @ http://localhost:3000/_next/static/chunks/node_modules_next_dist_115brz8._.js:3272
[51369873ms] [ERROR] Failed to load resource: net::ERR_QUIC_PROTOCOL_ERROR @ https://wnitkyyodymmjedlttex.supabase.co/auth/v1/token?grant_type=refresh_token:0
[51369873ms] [ERROR] TypeError: Failed to fetch
    at http://localhost:3000/_next/static/chunks/node_modules_%40supabase_auth-js_dist_module_0.pzobh._.js:597:23
    at _handleRequest (http://localhost:3000/_next/static/chunks/node_modules_%40supabase_auth-js_dist_module_0.pzobh._.js:951:24)
    at _request (http://localhost:3000/_next/static/chunks/node_modules_%40supabase_auth-js_dist_module_0.pzobh._.js:938:24)
    at http://localhost:3000/_next/static/chunks/node_modules_%40supabase_auth-js_dist_module_0.pzobh._.js:7482:220
    at async http://localhost:3000/_next/static/chunks/node_modules_%40supabase_auth-js_dist_module_0.pzobh._.js:667:36 @ http://localhost:3000/_next/static/chunks/node_modules_next_dist_115brz8._.js:3272
[51374690ms] [ERROR] Failed to load resource: net::ERR_QUIC_PROTOCOL_ERROR @ https://wnitkyyodymmjedlttex.supabase.co/auth/v1/token?grant_type=refresh_token:0
[51374691ms] [ERROR] TypeError: Failed to fetch
    at http://localhost:3000/_next/static/chunks/node_modules_%40supabase_auth-js_dist_module_0.pzobh._.js:597:23
    at _handleRequest (http://localhost:3000/_next/static/chunks/node_modules_%40supabase_auth-js_dist_module_0.pzobh._.js:951:24)
    at _request (http://localhost:3000/_next/static/chunks/node_modules_%40supabase_auth-js_dist_module_0.pzobh._.js:938:24)
    at http://localhost:3000/_next/static/chunks/node_modules_%40supabase_auth-js_dist_module_0.pzobh._.js:7482:220
    at async http://localhost:3000/_next/static/chunks/node_modules_%40supabase_auth-js_dist_module_0.pzobh._.js:667:36 @ http://localhost:3000/_next/static/chunks/node_modules_next_dist_115brz8._.js:3272
[51380299ms] [ERROR] Failed to load resource: net::ERR_QUIC_PROTOCOL_ERROR @ https://wnitkyyodymmjedlttex.supabase.co/auth/v1/token?grant_type=refresh_token:0
[51380299ms] [ERROR] TypeError: Failed to fetch
    at http://localhost:3000/_next/static/chunks/node_modules_%40supabase_auth-js_dist_module_0.pzobh._.js:597:23
    at _handleRequest (http://localhost:3000/_next/static/chunks/node_modules_%40supabase_auth-js_dist_module_0.pzobh._.js:951:24)
    at _request (http://localhost:3000/_next/static/chunks/node_modules_%40supabase_auth-js_dist_module_0.pzobh._.js:938:24)
    at http://localhost:3000/_next/static/chunks/node_modules_%40supabase_auth-js_dist_module_0.pzobh._.js:7482:220
    at async http://localhost:3000/_next/static/chunks/node_modules_%40supabase_auth-js_dist_module_0.pzobh._.js:667:36 @ http://localhost:3000/_next/static/chunks/node_modules_next_dist_115brz8._.js:3272
[51387522ms] [ERROR] Failed to load resource: net::ERR_QUIC_PROTOCOL_ERROR @ https://wnitkyyodymmjedlttex.supabase.co/auth/v1/token?grant_type=refresh_token:0
[51387523ms] [ERROR] TypeError: Failed to fetch
    at http://localhost:3000/_next/static/chunks/node_modules_%40supabase_auth-js_dist_module_0.pzobh._.js:597:23
    at _handleRequest (http://localhost:3000/_next/static/chunks/node_modules_%40supabase_auth-js_dist_module_0.pzobh._.js:951:24)
    at _request (http://localhost:3000/_next/static/chunks/node_modules_%40supabase_auth-js_dist_module_0.pzobh._.js:938:24)
    at http://localhost:3000/_next/static/chunks/node_modules_%40supabase_auth-js_dist_module_0.pzobh._.js:7482:220
    at async http://localhost:3000/_next/static/chunks/node_modules_%40supabase_auth-js_dist_module_0.pzobh._.js:667:36 @ http://localhost:3000/_next/static/chunks/node_modules_next_dist_115brz8._.js:3272
[51391537ms] [ERROR] Failed to load resource: net::ERR_QUIC_PROTOCOL_ERROR @ https://wnitkyyodymmjedlttex.supabase.co/auth/v1/token?grant_type=refresh_token:0
[51391537ms] [ERROR] TypeError: Failed to fetch
    at http://localhost:3000/_next/static/chunks/node_modules_%40supabase_auth-js_dist_module_0.pzobh._.js:597:23
    at _handleRequest (http://localhost:3000/_next/static/chunks/node_modules_%40supabase_auth-js_dist_module_0.pzobh._.js:951:24)
    at _request (http://localhost:3000/_next/static/chunks/node_modules_%40supabase_auth-js_dist_module_0.pzobh._.js:938:24)
    at http://localhost:3000/_next/static/chunks/node_modules_%40supabase_auth-js_dist_module_0.pzobh._.js:7482:220
    at http://localhost:3000/_next/static/chunks/node_modules_%40supabase_auth-js_dist_module_0.pzobh._.js:667:42
    at http://localhost:3000/_next/static/chunks/node_modules_%40supabase_auth-js_dist_module_0.pzobh._.js:679:11
    at new Promise (<anonymous>)
    at retryable (http://localhost:3000/_next/static/chunks/node_modules_%40supabase_auth-js_dist_module_0.pzobh._.js:661:21)
    at SupabaseAuthClient._refreshAccessToken (http://localhost:3000/_next/static/chunks/node_modules_%40supabase_auth-js_dist_module_0.pzobh._.js:7477:219)
    at SupabaseAuthClient._callRefreshToken (http://localhost:3000/_next/static/chunks/node_modules_%40supabase_auth-js_dist_module_0.pzobh._.js:7633:48)
    at SupabaseAuthClient.__loadSession (http://localhost:3000/_next/static/chunks/node_modules_%40supabase_auth-js_dist_module_0.pzobh._.js:5996:57)
    at async SupabaseAuthClient._useSession (http://localhost:3000/_next/static/chunks/node_modules_%40supabase_auth-js_dist_module_0.pzobh._.js:5926:28)
    at async http://localhost:3000/_next/static/chunks/node_modules_%40supabase_auth-js_dist_module_0.pzobh._.js:7903:32
    at async http://localhost:3000/_next/static/chunks/node_modules_%40supabase_auth-js_dist_module_0.pzobh._.js:5875:28 @ http://localhost:3000/_next/static/chunks/node_modules_next_dist_115brz8._.js:3272
[51395748ms] [ERROR] Failed to load resource: net::ERR_QUIC_PROTOCOL_ERROR @ https://wnitkyyodymmjedlttex.supabase.co/auth/v1/token?grant_type=refresh_token:0
[51395748ms] [ERROR] TypeError: Failed to fetch
    at http://localhost:3000/_next/static/chunks/node_modules_%40supabase_auth-js_dist_module_0.pzobh._.js:597:23
    at _handleRequest (http://localhost:3000/_next/static/chunks/node_modules_%40supabase_auth-js_dist_module_0.pzobh._.js:951:24)
    at _request (http://localhost:3000/_next/static/chunks/node_modules_%40supabase_auth-js_dist_module_0.pzobh._.js:938:24)
    at http://localhost:3000/_next/static/chunks/node_modules_%40supabase_auth-js_dist_module_0.pzobh._.js:7482:220
    at async http://localhost:3000/_next/static/chunks/node_modules_%40supabase_auth-js_dist_module_0.pzobh._.js:667:36 @ http://localhost:3000/_next/static/chunks/node_modules_next_dist_115brz8._.js:3272
[51400165ms] [ERROR] Failed to load resource: net::ERR_QUIC_PROTOCOL_ERROR @ https://wnitkyyodymmjedlttex.supabase.co/auth/v1/token?grant_type=refresh_token:0
[51400165ms] [ERROR] TypeError: Failed to fetch
    at http://localhost:3000/_next/static/chunks/node_modules_%40supabase_auth-js_dist_module_0.pzobh._.js:597:23
    at _handleRequest (http://localhost:3000/_next/static/chunks/node_modules_%40supabase_auth-js_dist_module_0.pzobh._.js:951:24)
    at _request (http://localhost:3000/_next/static/chunks/node_modules_%40supabase_auth-js_dist_module_0.pzobh._.js:938:24)
    at http://localhost:3000/_next/static/chunks/node_modules_%40supabase_auth-js_dist_module_0.pzobh._.js:7482:220
    at async http://localhost:3000/_next/static/chunks/node_modules_%40supabase_auth-js_dist_module_0.pzobh._.js:667:36 @ http://localhost:3000/_next/static/chunks/node_modules_next_dist_115brz8._.js:3272
[51404984ms] [ERROR] Failed to load resource: net::ERR_QUIC_PROTOCOL_ERROR @ https://wnitkyyodymmjedlttex.supabase.co/auth/v1/token?grant_type=refresh_token:0
[51404984ms] [ERROR] TypeError: Failed to fetch
    at http://localhost:3000/_next/static/chunks/node_modules_%40supabase_auth-js_dist_module_0.pzobh._.js:597:23
    at _handleRequest (http://localhost:3000/_next/static/chunks/node_modules_%40supabase_auth-js_dist_module_0.pzobh._.js:951:24)
    at _request (http://localhost:3000/_next/static/chunks/node_modules_%40supabase_auth-js_dist_module_0.pzobh._.js:938:24)
    at http://localhost:3000/_next/static/chunks/node_modules_%40supabase_auth-js_dist_module_0.pzobh._.js:7482:220
    at async http://localhost:3000/_next/static/chunks/node_modules_%40supabase_auth-js_dist_module_0.pzobh._.js:667:36 @ http://localhost:3000/_next/static/chunks/node_modules_next_dist_115brz8._.js:3272
[51410604ms] [ERROR] Failed to load resource: net::ERR_QUIC_PROTOCOL_ERROR @ https://wnitkyyodymmjedlttex.supabase.co/auth/v1/token?grant_type=refresh_token:0
[51410604ms] [ERROR] TypeError: Failed to fetch
    at http://localhost:3000/_next/static/chunks/node_modules_%40supabase_auth-js_dist_module_0.pzobh._.js:597:23
    at _handleRequest (http://localhost:3000/_next/static/chunks/node_modules_%40supabase_auth-js_dist_module_0.pzobh._.js:951:24)
    at _request (http://localhost:3000/_next/static/chunks/node_modules_%40supabase_auth-js_dist_module_0.pzobh._.js:938:24)
    at http://localhost:3000/_next/static/chunks/node_modules_%40supabase_auth-js_dist_module_0.pzobh._.js:7482:220
    at async http://localhost:3000/_next/static/chunks/node_modules_%40supabase_auth-js_dist_module_0.pzobh._.js:667:36 @ http://localhost:3000/_next/static/chunks/node_modules_next_dist_115brz8._.js:3272
[51417836ms] [ERROR] Failed to load resource: net::ERR_QUIC_PROTOCOL_ERROR @ https://wnitkyyodymmjedlttex.supabase.co/auth/v1/token?grant_type=refresh_token:0
[51417837ms] [ERROR] TypeError: Failed to fetch
    at http://localhost:3000/_next/static/chunks/node_modules_%40supabase_auth-js_dist_module_0.pzobh._.js:597:23
    at _handleRequest (http://localhost:3000/_next/static/chunks/node_modules_%40supabase_auth-js_dist_module_0.pzobh._.js:951:24)
    at _request (http://localhost:3000/_next/static/chunks/node_modules_%40supabase_auth-js_dist_module_0.pzobh._.js:938:24)
    at http://localhost:3000/_next/static/chunks/node_modules_%40supabase_auth-js_dist_module_0.pzobh._.js:7482:220
    at async http://localhost:3000/_next/static/chunks/node_modules_%40supabase_auth-js_dist_module_0.pzobh._.js:667:36 @ http://localhost:3000/_next/static/chunks/node_modules_next_dist_115brz8._.js:3272
[51421853ms] [ERROR] Failed to load resource: net::ERR_QUIC_PROTOCOL_ERROR @ https://wnitkyyodymmjedlttex.supabase.co/auth/v1/token?grant_type=refresh_token:0
[51421853ms] [ERROR] TypeError: Failed to fetch
    at http://localhost:3000/_next/static/chunks/node_modules_%40supabase_auth-js_dist_module_0.pzobh._.js:597:23
    at _handleRequest (http://localhost:3000/_next/static/chunks/node_modules_%40supabase_auth-js_dist_module_0.pzobh._.js:951:24)
    at _request (http://localhost:3000/_next/static/chunks/node_modules_%40supabase_auth-js_dist_module_0.pzobh._.js:938:24)
    at http://localhost:3000/_next/static/chunks/node_modules_%40supabase_auth-js_dist_module_0.pzobh._.js:7482:220
    at http://localhost:3000/_next/static/chunks/node_modules_%40supabase_auth-js_dist_module_0.pzobh._.js:667:42
    at http://localhost:3000/_next/static/chunks/node_modules_%40supabase_auth-js_dist_module_0.pzobh._.js:679:11
    at new Promise (<anonymous>)
    at retryable (http://localhost:3000/_next/static/chunks/node_modules_%40supabase_auth-js_dist_module_0.pzobh._.js:661:21)
    at SupabaseAuthClient._refreshAccessToken (http://localhost:3000/_next/static/chunks/node_modules_%40supabase_auth-js_dist_module_0.pzobh._.js:7477:219)
    at SupabaseAuthClient._callRefreshToken (http://localhost:3000/_next/static/chunks/node_modules_%40supabase_auth-js_dist_module_0.pzobh._.js:7633:48)
    at SupabaseAuthClient.__loadSession (http://localhost:3000/_next/static/chunks/node_modules_%40supabase_auth-js_dist_module_0.pzobh._.js:5996:57)
    at async SupabaseAuthClient._useSession (http://localhost:3000/_next/static/chunks/node_modules_%40supabase_auth-js_dist_module_0.pzobh._.js:5926:28)
    at async http://localhost:3000/_next/static/chunks/node_modules_%40supabase_auth-js_dist_module_0.pzobh._.js:7903:32
    at async http://localhost:3000/_next/static/chunks/node_modules_%40supabase_auth-js_dist_module_0.pzobh._.js:5875:28 @ http://localhost:3000/_next/static/chunks/node_modules_next_dist_115brz8._.js:3272
[51426064ms] [ERROR] Failed to load resource: net::ERR_QUIC_PROTOCOL_ERROR @ https://wnitkyyodymmjedlttex.supabase.co/auth/v1/token?grant_type=refresh_token:0
[51426064ms] [ERROR] TypeError: Failed to fetch
    at http://localhost:3000/_next/static/chunks/node_modules_%40supabase_auth-js_dist_module_0.pzobh._.js:597:23
    at _handleRequest (http://localhost:3000/_next/static/chunks/node_modules_%40supabase_auth-js_dist_module_0.pzobh._.js:951:24)
    at _request (http://localhost:3000/_next/static/chunks/node_modules_%40supabase_auth-js_dist_module_0.pzobh._.js:938:24)
    at http://localhost:3000/_next/static/chunks/node_modules_%40supabase_auth-js_dist_module_0.pzobh._.js:7482:220
    at async http://localhost:3000/_next/static/chunks/node_modules_%40supabase_auth-js_dist_module_0.pzobh._.js:667:36 @ http://localhost:3000/_next/static/chunks/node_modules_next_dist_115brz8._.js:3272
[51430478ms] [ERROR] Failed to load resource: net::ERR_QUIC_PROTOCOL_ERROR @ https://wnitkyyodymmjedlttex.supabase.co/auth/v1/token?grant_type=refresh_token:0
[51430479ms] [ERROR] TypeError: Failed to fetch
    at http://localhost:3000/_next/static/chunks/node_modules_%40supabase_auth-js_dist_module_0.pzobh._.js:597:23
    at _handleRequest (http://localhost:3000/_next/static/chunks/node_modules_%40supabase_auth-js_dist_module_0.pzobh._.js:951:24)
    at _request (http://localhost:3000/_next/static/chunks/node_modules_%40supabase_auth-js_dist_module_0.pzobh._.js:938:24)
    at http://localhost:3000/_next/static/chunks/node_modules_%40supabase_auth-js_dist_module_0.pzobh._.js:7482:220
    at async http://localhost:3000/_next/static/chunks/node_modules_%40supabase_auth-js_dist_module_0.pzobh._.js:667:36 @ http://localhost:3000/_next/static/chunks/node_modules_next_dist_115brz8._.js:3272
[51435293ms] [ERROR] Failed to load resource: net::ERR_QUIC_PROTOCOL_ERROR @ https://wnitkyyodymmjedlttex.supabase.co/auth/v1/token?grant_type=refresh_token:0
[51435294ms] [ERROR] TypeError: Failed to fetch
    at http://localhost:3000/_next/static/chunks/node_modules_%40supabase_auth-js_dist_module_0.pzobh._.js:597:23
    at _handleRequest (http://localhost:3000/_next/static/chunks/node_modules_%40supabase_auth-js_dist_module_0.pzobh._.js:951:24)
    at _request (http://localhost:3000/_next/static/chunks/node_modules_%40supabase_auth-js_dist_module_0.pzobh._.js:938:24)
    at http://localhost:3000/_next/static/chunks/node_modules_%40supabase_auth-js_dist_module_0.pzobh._.js:7482:220
    at async http://localhost:3000/_next/static/chunks/node_modules_%40supabase_auth-js_dist_module_0.pzobh._.js:667:36 @ http://localhost:3000/_next/static/chunks/node_modules_next_dist_115brz8._.js:3272
[51440923ms] [ERROR] Failed to load resource: net::ERR_QUIC_PROTOCOL_ERROR @ https://wnitkyyodymmjedlttex.supabase.co/auth/v1/token?grant_type=refresh_token:0
[51440923ms] [ERROR] TypeError: Failed to fetch
    at http://localhost:3000/_next/static/chunks/node_modules_%40supabase_auth-js_dist_module_0.pzobh._.js:597:23
    at _handleRequest (http://localhost:3000/_next/static/chunks/node_modules_%40supabase_auth-js_dist_module_0.pzobh._.js:951:24)
    at _request (http://localhost:3000/_next/static/chunks/node_modules_%40supabase_auth-js_dist_module_0.pzobh._.js:938:24)
    at http://localhost:3000/_next/static/chunks/node_modules_%40supabase_auth-js_dist_module_0.pzobh._.js:7482:220
    at async http://localhost:3000/_next/static/chunks/node_modules_%40supabase_auth-js_dist_module_0.pzobh._.js:667:36 @ http://localhost:3000/_next/static/chunks/node_modules_next_dist_115brz8._.js:3272
[51448145ms] [ERROR] Failed to load resource: net::ERR_QUIC_PROTOCOL_ERROR @ https://wnitkyyodymmjedlttex.supabase.co/auth/v1/token?grant_type=refresh_token:0
[51448146ms] [ERROR] TypeError: Failed to fetch
    at http://localhost:3000/_next/static/chunks/node_modules_%40supabase_auth-js_dist_module_0.pzobh._.js:597:23
    at _handleRequest (http://localhost:3000/_next/static/chunks/node_modules_%40supabase_auth-js_dist_module_0.pzobh._.js:951:24)
    at _request (http://localhost:3000/_next/static/chunks/node_modules_%40supabase_auth-js_dist_module_0.pzobh._.js:938:24)
    at http://localhost:3000/_next/static/chunks/node_modules_%40supabase_auth-js_dist_module_0.pzobh._.js:7482:220
    at async http://localhost:3000/_next/static/chunks/node_modules_%40supabase_auth-js_dist_module_0.pzobh._.js:667:36 @ http://localhost:3000/_next/static/chunks/node_modules_next_dist_115brz8._.js:3272
[51452149ms] [ERROR] Failed to load resource: net::ERR_QUIC_PROTOCOL_ERROR @ https://wnitkyyodymmjedlttex.supabase.co/auth/v1/token?grant_type=refresh_token:0
[51452149ms] [ERROR] TypeError: Failed to fetch
    at http://localhost:3000/_next/static/chunks/node_modules_%40supabase_auth-js_dist_module_0.pzobh._.js:597:23
    at _handleRequest (http://localhost:3000/_next/static/chunks/node_modules_%40supabase_auth-js_dist_module_0.pzobh._.js:951:24)
    at _request (http://localhost:3000/_next/static/chunks/node_modules_%40supabase_auth-js_dist_module_0.pzobh._.js:938:24)
    at http://localhost:3000/_next/static/chunks/node_modules_%40supabase_auth-js_dist_module_0.pzobh._.js:7482:220
    at http://localhost:3000/_next/static/chunks/node_modules_%40supabase_auth-js_dist_module_0.pzobh._.js:667:42
    at http://localhost:3000/_next/static/chunks/node_modules_%40supabase_auth-js_dist_module_0.pzobh._.js:679:11
    at new Promise (<anonymous>)
    at retryable (http://localhost:3000/_next/static/chunks/node_modules_%40supabase_auth-js_dist_module_0.pzobh._.js:661:21)
    at SupabaseAuthClient._refreshAccessToken (http://localhost:3000/_next/static/chunks/node_modules_%40supabase_auth-js_dist_module_0.pzobh._.js:7477:219)
    at SupabaseAuthClient._callRefreshToken (http://localhost:3000/_next/static/chunks/node_modules_%40supabase_auth-js_dist_module_0.pzobh._.js:7633:48)
    at SupabaseAuthClient.__loadSession (http://localhost:3000/_next/static/chunks/node_modules_%40supabase_auth-js_dist_module_0.pzobh._.js:5996:57)
    at async SupabaseAuthClient._useSession (http://localhost:3000/_next/static/chunks/node_modules_%40supabase_auth-js_dist_module_0.pzobh._.js:5926:28)
    at async http://localhost:3000/_next/static/chunks/node_modules_%40supabase_auth-js_dist_module_0.pzobh._.js:7903:32
    at async http://localhost:3000/_next/static/chunks/node_modules_%40supabase_auth-js_dist_module_0.pzobh._.js:5875:28 @ http://localhost:3000/_next/static/chunks/node_modules_next_dist_115brz8._.js:3272
[51456365ms] [ERROR] Failed to load resource: net::ERR_QUIC_PROTOCOL_ERROR @ https://wnitkyyodymmjedlttex.supabase.co/auth/v1/token?grant_type=refresh_token:0
[51456365ms] [ERROR] TypeError: Failed to fetch
    at http://localhost:3000/_next/static/chunks/node_modules_%40supabase_auth-js_dist_module_0.pzobh._.js:597:23
    at _handleRequest (http://localhost:3000/_next/static/chunks/node_modules_%40supabase_auth-js_dist_module_0.pzobh._.js:951:24)
    at _request (http://localhost:3000/_next/static/chunks/node_modules_%40supabase_auth-js_dist_module_0.pzobh._.js:938:24)
    at http://localhost:3000/_next/static/chunks/node_modules_%40supabase_auth-js_dist_module_0.pzobh._.js:7482:220
    at async http://localhost:3000/_next/static/chunks/node_modules_%40supabase_auth-js_dist_module_0.pzobh._.js:667:36 @ http://localhost:3000/_next/static/chunks/node_modules_next_dist_115brz8._.js:3272
[51460786ms] [ERROR] Failed to load resource: net::ERR_QUIC_PROTOCOL_ERROR @ https://wnitkyyodymmjedlttex.supabase.co/auth/v1/token?grant_type=refresh_token:0
[51460786ms] [ERROR] TypeError: Failed to fetch
    at http://localhost:3000/_next/static/chunks/node_modules_%40supabase_auth-js_dist_module_0.pzobh._.js:597:23
    at _handleRequest (http://localhost:3000/_next/static/chunks/node_modules_%40supabase_auth-js_dist_module_0.pzobh._.js:951:24)
    at _request (http://localhost:3000/_next/static/chunks/node_modules_%40supabase_auth-js_dist_module_0.pzobh._.js:938:24)
    at http://localhost:3000/_next/static/chunks/node_modules_%40supabase_auth-js_dist_module_0.pzobh._.js:7482:220
    at async http://localhost:3000/_next/static/chunks/node_modules_%40supabase_auth-js_dist_module_0.pzobh._.js:667:36 @ http://localhost:3000/_next/static/chunks/node_modules_next_dist_115brz8._.js:3272
[51465612ms] [ERROR] Failed to load resource: net::ERR_QUIC_PROTOCOL_ERROR @ https://wnitkyyodymmjedlttex.supabase.co/auth/v1/token?grant_type=refresh_token:0
[51465612ms] [ERROR] TypeError: Failed to fetch
    at http://localhost:3000/_next/static/chunks/node_modules_%40supabase_auth-js_dist_module_0.pzobh._.js:597:23
    at _handleRequest (http://localhost:3000/_next/static/chunks/node_modules_%40supabase_auth-js_dist_module_0.pzobh._.js:951:24)
    at _request (http://localhost:3000/_next/static/chunks/node_modules_%40supabase_auth-js_dist_module_0.pzobh._.js:938:24)
    at http://localhost:3000/_next/static/chunks/node_modules_%40supabase_auth-js_dist_module_0.pzobh._.js:7482:220
    at async http://localhost:3000/_next/static/chunks/node_modules_%40supabase_auth-js_dist_module_0.pzobh._.js:667:36 @ http://localhost:3000/_next/static/chunks/node_modules_next_dist_115brz8._.js:3272
[51471228ms] [ERROR] Failed to load resource: net::ERR_QUIC_PROTOCOL_ERROR @ https://wnitkyyodymmjedlttex.supabase.co/auth/v1/token?grant_type=refresh_token:0
[51471229ms] [ERROR] TypeError: Failed to fetch
    at http://localhost:3000/_next/static/chunks/node_modules_%40supabase_auth-js_dist_module_0.pzobh._.js:597:23
    at _handleRequest (http://localhost:3000/_next/static/chunks/node_modules_%40supabase_auth-js_dist_module_0.pzobh._.js:951:24)
    at _request (http://localhost:3000/_next/static/chunks/node_modules_%40supabase_auth-js_dist_module_0.pzobh._.js:938:24)
    at http://localhost:3000/_next/static/chunks/node_modules_%40supabase_auth-js_dist_module_0.pzobh._.js:7482:220
    at async http://localhost:3000/_next/static/chunks/node_modules_%40supabase_auth-js_dist_module_0.pzobh._.js:667:36 @ http://localhost:3000/_next/static/chunks/node_modules_next_dist_115brz8._.js:3272
[51478443ms] [ERROR] Failed to load resource: net::ERR_QUIC_PROTOCOL_ERROR @ https://wnitkyyodymmjedlttex.supabase.co/auth/v1/token?grant_type=refresh_token:0
[51478443ms] [ERROR] TypeError: Failed to fetch
    at http://localhost:3000/_next/static/chunks/node_modules_%40supabase_auth-js_dist_module_0.pzobh._.js:597:23
    at _handleRequest (http://localhost:3000/_next/static/chunks/node_modules_%40supabase_auth-js_dist_module_0.pzobh._.js:951:24)
    at _request (http://localhost:3000/_next/static/chunks/node_modules_%40supabase_auth-js_dist_module_0.pzobh._.js:938:24)
    at http://localhost:3000/_next/static/chunks/node_modules_%40supabase_auth-js_dist_module_0.pzobh._.js:7482:220
    at async http://localhost:3000/_next/static/chunks/node_modules_%40supabase_auth-js_dist_module_0.pzobh._.js:667:36 @ http://localhost:3000/_next/static/chunks/node_modules_next_dist_115brz8._.js:3272
[51482460ms] [ERROR] Failed to load resource: net::ERR_QUIC_PROTOCOL_ERROR @ https://wnitkyyodymmjedlttex.supabase.co/auth/v1/token?grant_type=refresh_token:0
[51482460ms] [ERROR] TypeError: Failed to fetch
    at http://localhost:3000/_next/static/chunks/node_modules_%40supabase_auth-js_dist_module_0.pzobh._.js:597:23
    at _handleRequest (http://localhost:3000/_next/static/chunks/node_modules_%40supabase_auth-js_dist_module_0.pzobh._.js:951:24)
    at _request (http://localhost:3000/_next/static/chunks/node_modules_%40supabase_auth-js_dist_module_0.pzobh._.js:938:24)
    at http://localhost:3000/_next/static/chunks/node_modules_%40supabase_auth-js_dist_module_0.pzobh._.js:7482:220
    at http://localhost:3000/_next/static/chunks/node_modules_%40supabase_auth-js_dist_module_0.pzobh._.js:667:42
    at http://localhost:3000/_next/static/chunks/node_modules_%40supabase_auth-js_dist_module_0.pzobh._.js:679:11
    at new Promise (<anonymous>)
    at retryable (http://localhost:3000/_next/static/chunks/node_modules_%40supabase_auth-js_dist_module_0.pzobh._.js:661:21)
    at SupabaseAuthClient._refreshAccessToken (http://localhost:3000/_next/static/chunks/node_modules_%40supabase_auth-js_dist_module_0.pzobh._.js:7477:219)
    at SupabaseAuthClient._callRefreshToken (http://localhost:3000/_next/static/chunks/node_modules_%40supabase_auth-js_dist_module_0.pzobh._.js:7633:48)
    at SupabaseAuthClient.__loadSession (http://localhost:3000/_next/static/chunks/node_modules_%40supabase_auth-js_dist_module_0.pzobh._.js:5996:57)
    at async SupabaseAuthClient._useSession (http://localhost:3000/_next/static/chunks/node_modules_%40supabase_auth-js_dist_module_0.pzobh._.js:5926:28)
    at async http://localhost:3000/_next/static/chunks/node_modules_%40supabase_auth-js_dist_module_0.pzobh._.js:7903:32
    at async http://localhost:3000/_next/static/chunks/node_modules_%40supabase_auth-js_dist_module_0.pzobh._.js:5875:28 @ http://localhost:3000/_next/static/chunks/node_modules_next_dist_115brz8._.js:3272
[51486668ms] [ERROR] Failed to load resource: net::ERR_QUIC_PROTOCOL_ERROR @ https://wnitkyyodymmjedlttex.supabase.co/auth/v1/token?grant_type=refresh_token:0
[51486669ms] [ERROR] TypeError: Failed to fetch
    at http://localhost:3000/_next/static/chunks/node_modules_%40supabase_auth-js_dist_module_0.pzobh._.js:597:23
    at _handleRequest (http://localhost:3000/_next/static/chunks/node_modules_%40supabase_auth-js_dist_module_0.pzobh._.js:951:24)
    at _request (http://localhost:3000/_next/static/chunks/node_modules_%40supabase_auth-js_dist_module_0.pzobh._.js:938:24)
    at http://localhost:3000/_next/static/chunks/node_modules_%40supabase_auth-js_dist_module_0.pzobh._.js:7482:220
    at async http://localhost:3000/_next/static/chunks/node_modules_%40supabase_auth-js_dist_module_0.pzobh._.js:667:36 @ http://localhost:3000/_next/static/chunks/node_modules_next_dist_115brz8._.js:3272
[51491082ms] [ERROR] Failed to load resource: net::ERR_QUIC_PROTOCOL_ERROR @ https://wnitkyyodymmjedlttex.supabase.co/auth/v1/token?grant_type=refresh_token:0
[51491082ms] [ERROR] TypeError: Failed to fetch
    at http://localhost:3000/_next/static/chunks/node_modules_%40supabase_auth-js_dist_module_0.pzobh._.js:597:23
    at _handleRequest (http://localhost:3000/_next/static/chunks/node_modules_%40supabase_auth-js_dist_module_0.pzobh._.js:951:24)
    at _request (http://localhost:3000/_next/static/chunks/node_modules_%40supabase_auth-js_dist_module_0.pzobh._.js:938:24)
    at http://localhost:3000/_next/static/chunks/node_modules_%40supabase_auth-js_dist_module_0.pzobh._.js:7482:220
    at async http://localhost:3000/_next/static/chunks/node_modules_%40supabase_auth-js_dist_module_0.pzobh._.js:667:36 @ http://localhost:3000/_next/static/chunks/node_modules_next_dist_115brz8._.js:3272
[51495906ms] [ERROR] Failed to load resource: net::ERR_QUIC_PROTOCOL_ERROR @ https://wnitkyyodymmjedlttex.supabase.co/auth/v1/token?grant_type=refresh_token:0
[51495906ms] [ERROR] TypeError: Failed to fetch
    at http://localhost:3000/_next/static/chunks/node_modules_%40supabase_auth-js_dist_module_0.pzobh._.js:597:23
    at _handleRequest (http://localhost:3000/_next/static/chunks/node_modules_%40supabase_auth-js_dist_module_0.pzobh._.js:951:24)
    at _request (http://localhost:3000/_next/static/chunks/node_modules_%40supabase_auth-js_dist_module_0.pzobh._.js:938:24)
    at http://localhost:3000/_next/static/chunks/node_modules_%40supabase_auth-js_dist_module_0.pzobh._.js:7482:220
    at async http://localhost:3000/_next/static/chunks/node_modules_%40supabase_auth-js_dist_module_0.pzobh._.js:667:36 @ http://localhost:3000/_next/static/chunks/node_modules_next_dist_115brz8._.js:3272
[51501520ms] [ERROR] Failed to load resource: net::ERR_QUIC_PROTOCOL_ERROR @ https://wnitkyyodymmjedlttex.supabase.co/auth/v1/token?grant_type=refresh_token:0
[51501520ms] [ERROR] TypeError: Failed to fetch
    at http://localhost:3000/_next/static/chunks/node_modules_%40supabase_auth-js_dist_module_0.pzobh._.js:597:23
    at _handleRequest (http://localhost:3000/_next/static/chunks/node_modules_%40supabase_auth-js_dist_module_0.pzobh._.js:951:24)
    at _request (http://localhost:3000/_next/static/chunks/node_modules_%40supabase_auth-js_dist_module_0.pzobh._.js:938:24)
    at http://localhost:3000/_next/static/chunks/node_modules_%40supabase_auth-js_dist_module_0.pzobh._.js:7482:220
    at async http://localhost:3000/_next/static/chunks/node_modules_%40supabase_auth-js_dist_module_0.pzobh._.js:667:36 @ http://localhost:3000/_next/static/chunks/node_modules_next_dist_115brz8._.js:3272
[51508748ms] [ERROR] Failed to load resource: net::ERR_QUIC_PROTOCOL_ERROR @ https://wnitkyyodymmjedlttex.supabase.co/auth/v1/token?grant_type=refresh_token:0
[51508748ms] [ERROR] TypeError: Failed to fetch
    at http://localhost:3000/_next/static/chunks/node_modules_%40supabase_auth-js_dist_module_0.pzobh._.js:597:23
    at _handleRequest (http://localhost:3000/_next/static/chunks/node_modules_%40supabase_auth-js_dist_module_0.pzobh._.js:951:24)
    at _request (http://localhost:3000/_next/static/chunks/node_modules_%40supabase_auth-js_dist_module_0.pzobh._.js:938:24)
    at http://localhost:3000/_next/static/chunks/node_modules_%40supabase_auth-js_dist_module_0.pzobh._.js:7482:220
    at async http://localhost:3000/_next/static/chunks/node_modules_%40supabase_auth-js_dist_module_0.pzobh._.js:667:36 @ http://localhost:3000/_next/static/chunks/node_modules_next_dist_115brz8._.js:3272
[51512754ms] [ERROR] Failed to load resource: net::ERR_QUIC_PROTOCOL_ERROR @ https://wnitkyyodymmjedlttex.supabase.co/auth/v1/token?grant_type=refresh_token:0
[51512754ms] [ERROR] TypeError: Failed to fetch
    at http://localhost:3000/_next/static/chunks/node_modules_%40supabase_auth-js_dist_module_0.pzobh._.js:597:23
    at _handleRequest (http://localhost:3000/_next/static/chunks/node_modules_%40supabase_auth-js_dist_module_0.pzobh._.js:951:24)
    at _request (http://localhost:3000/_next/static/chunks/node_modules_%40supabase_auth-js_dist_module_0.pzobh._.js:938:24)
    at http://localhost:3000/_next/static/chunks/node_modules_%40supabase_auth-js_dist_module_0.pzobh._.js:7482:220
    at http://localhost:3000/_next/static/chunks/node_modules_%40supabase_auth-js_dist_module_0.pzobh._.js:667:42
    at http://localhost:3000/_next/static/chunks/node_modules_%40supabase_auth-js_dist_module_0.pzobh._.js:679:11
    at new Promise (<anonymous>)
    at retryable (http://localhost:3000/_next/static/chunks/node_modules_%40supabase_auth-js_dist_module_0.pzobh._.js:661:21)
    at SupabaseAuthClient._refreshAccessToken (http://localhost:3000/_next/static/chunks/node_modules_%40supabase_auth-js_dist_module_0.pzobh._.js:7477:219)
    at SupabaseAuthClient._callRefreshToken (http://localhost:3000/_next/static/chunks/node_modules_%40supabase_auth-js_dist_module_0.pzobh._.js:7633:48)
    at SupabaseAuthClient.__loadSession (http://localhost:3000/_next/static/chunks/node_modules_%40supabase_auth-js_dist_module_0.pzobh._.js:5996:57)
    at async SupabaseAuthClient._useSession (http://localhost:3000/_next/static/chunks/node_modules_%40supabase_auth-js_dist_module_0.pzobh._.js:5926:28)
    at async http://localhost:3000/_next/static/chunks/node_modules_%40supabase_auth-js_dist_module_0.pzobh._.js:7903:32
    at async http://localhost:3000/_next/static/chunks/node_modules_%40supabase_auth-js_dist_module_0.pzobh._.js:5875:28 @ http://localhost:3000/_next/static/chunks/node_modules_next_dist_115brz8._.js:3272
[51516973ms] [ERROR] Failed to load resource: net::ERR_QUIC_PROTOCOL_ERROR @ https://wnitkyyodymmjedlttex.supabase.co/auth/v1/token?grant_type=refresh_token:0
[51516973ms] [ERROR] TypeError: Failed to fetch
    at http://localhost:3000/_next/static/chunks/node_modules_%40supabase_auth-js_dist_module_0.pzobh._.js:597:23
    at _handleRequest (http://localhost:3000/_next/static/chunks/node_modules_%40supabase_auth-js_dist_module_0.pzobh._.js:951:24)
    at _request (http://localhost:3000/_next/static/chunks/node_modules_%40supabase_auth-js_dist_module_0.pzobh._.js:938:24)
    at http://localhost:3000/_next/static/chunks/node_modules_%40supabase_auth-js_dist_module_0.pzobh._.js:7482:220
    at async http://localhost:3000/_next/static/chunks/node_modules_%40supabase_auth-js_dist_module_0.pzobh._.js:667:36 @ http://localhost:3000/_next/static/chunks/node_modules_next_dist_115brz8._.js:3272
[51521394ms] [ERROR] Failed to load resource: net::ERR_QUIC_PROTOCOL_ERROR @ https://wnitkyyodymmjedlttex.supabase.co/auth/v1/token?grant_type=refresh_token:0
[51521394ms] [ERROR] TypeError: Failed to fetch
    at http://localhost:3000/_next/static/chunks/node_modules_%40supabase_auth-js_dist_module_0.pzobh._.js:597:23
    at _handleRequest (http://localhost:3000/_next/static/chunks/node_modules_%40supabase_auth-js_dist_module_0.pzobh._.js:951:24)
    at _request (http://localhost:3000/_next/static/chunks/node_modules_%40supabase_auth-js_dist_module_0.pzobh._.js:938:24)
    at http://localhost:3000/_next/static/chunks/node_modules_%40supabase_auth-js_dist_module_0.pzobh._.js:7482:220
    at async http://localhost:3000/_next/static/chunks/node_modules_%40supabase_auth-js_dist_module_0.pzobh._.js:667:36 @ http://localhost:3000/_next/static/chunks/node_modules_next_dist_115brz8._.js:3272
[51526208ms] [ERROR] Failed to load resource: net::ERR_QUIC_PROTOCOL_ERROR @ https://wnitkyyodymmjedlttex.supabase.co/auth/v1/token?grant_type=refresh_token:0
[51526208ms] [ERROR] TypeError: Failed to fetch
    at http://localhost:3000/_next/static/chunks/node_modules_%40supabase_auth-js_dist_module_0.pzobh._.js:597:23
    at _handleRequest (http://localhost:3000/_next/static/chunks/node_modules_%40supabase_auth-js_dist_module_0.pzobh._.js:951:24)
    at _request (http://localhost:3000/_next/static/chunks/node_modules_%40supabase_auth-js_dist_module_0.pzobh._.js:938:24)
    at http://localhost:3000/_next/static/chunks/node_modules_%40supabase_auth-js_dist_module_0.pzobh._.js:7482:220
    at async http://localhost:3000/_next/static/chunks/node_modules_%40supabase_auth-js_dist_module_0.pzobh._.js:667:36 @ http://localhost:3000/_next/static/chunks/node_modules_next_dist_115brz8._.js:3272
[51531818ms] [ERROR] Failed to load resource: net::ERR_QUIC_PROTOCOL_ERROR @ https://wnitkyyodymmjedlttex.supabase.co/auth/v1/token?grant_type=refresh_token:0
[51531818ms] [ERROR] TypeError: Failed to fetch
    at http://localhost:3000/_next/static/chunks/node_modules_%40supabase_auth-js_dist_module_0.pzobh._.js:597:23
    at _handleRequest (http://localhost:3000/_next/static/chunks/node_modules_%40supabase_auth-js_dist_module_0.pzobh._.js:951:24)
    at _request (http://localhost:3000/_next/static/chunks/node_modules_%40supabase_auth-js_dist_module_0.pzobh._.js:938:24)
    at http://localhost:3000/_next/static/chunks/node_modules_%40supabase_auth-js_dist_module_0.pzobh._.js:7482:220
    at async http://localhost:3000/_next/static/chunks/node_modules_%40supabase_auth-js_dist_module_0.pzobh._.js:667:36 @ http://localhost:3000/_next/static/chunks/node_modules_next_dist_115brz8._.js:3272
[51539126ms] [ERROR] Failed to load resource: net::ERR_QUIC_PROTOCOL_ERROR @ https://wnitkyyodymmjedlttex.supabase.co/auth/v1/token?grant_type=refresh_token:0
[51539126ms] [ERROR] TypeError: Failed to fetch
    at http://localhost:3000/_next/static/chunks/node_modules_%40supabase_auth-js_dist_module_0.pzobh._.js:597:23
    at _handleRequest (http://localhost:3000/_next/static/chunks/node_modules_%40supabase_auth-js_dist_module_0.pzobh._.js:951:24)
    at _request (http://localhost:3000/_next/static/chunks/node_modules_%40supabase_auth-js_dist_module_0.pzobh._.js:938:24)
    at http://localhost:3000/_next/static/chunks/node_modules_%40supabase_auth-js_dist_module_0.pzobh._.js:7482:220
    at async http://localhost:3000/_next/static/chunks/node_modules_%40supabase_auth-js_dist_module_0.pzobh._.js:667:36 @ http://localhost:3000/_next/static/chunks/node_modules_next_dist_115brz8._.js:3272
[51543140ms] [ERROR] Failed to load resource: net::ERR_QUIC_PROTOCOL_ERROR @ https://wnitkyyodymmjedlttex.supabase.co/auth/v1/token?grant_type=refresh_token:0
[51543141ms] [ERROR] TypeError: Failed to fetch
    at http://localhost:3000/_next/static/chunks/node_modules_%40supabase_auth-js_dist_module_0.pzobh._.js:597:23
    at _handleRequest (http://localhost:3000/_next/static/chunks/node_modules_%40supabase_auth-js_dist_module_0.pzobh._.js:951:24)
    at _request (http://localhost:3000/_next/static/chunks/node_modules_%40supabase_auth-js_dist_module_0.pzobh._.js:938:24)
    at http://localhost:3000/_next/static/chunks/node_modules_%40supabase_auth-js_dist_module_0.pzobh._.js:7482:220
    at http://localhost:3000/_next/static/chunks/node_modules_%40supabase_auth-js_dist_module_0.pzobh._.js:667:42
    at http://localhost:3000/_next/static/chunks/node_modules_%40supabase_auth-js_dist_module_0.pzobh._.js:679:11
    at new Promise (<anonymous>)
    at retryable (http://localhost:3000/_next/static/chunks/node_modules_%40supabase_auth-js_dist_module_0.pzobh._.js:661:21)
    at SupabaseAuthClient._refreshAccessToken (http://localhost:3000/_next/static/chunks/node_modules_%40supabase_auth-js_dist_module_0.pzobh._.js:7477:219)
    at SupabaseAuthClient._callRefreshToken (http://localhost:3000/_next/static/chunks/node_modules_%40supabase_auth-js_dist_module_0.pzobh._.js:7633:48)
    at SupabaseAuthClient.__loadSession (http://localhost:3000/_next/static/chunks/node_modules_%40supabase_auth-js_dist_module_0.pzobh._.js:5996:57)
    at async SupabaseAuthClient._useSession (http://localhost:3000/_next/static/chunks/node_modules_%40supabase_auth-js_dist_module_0.pzobh._.js:5926:28)
    at async http://localhost:3000/_next/static/chunks/node_modules_%40supabase_auth-js_dist_module_0.pzobh._.js:7903:32
    at async http://localhost:3000/_next/static/chunks/node_modules_%40supabase_auth-js_dist_module_0.pzobh._.js:5875:28 @ http://localhost:3000/_next/static/chunks/node_modules_next_dist_115brz8._.js:3272
[51547351ms] [ERROR] Failed to load resource: net::ERR_QUIC_PROTOCOL_ERROR @ https://wnitkyyodymmjedlttex.supabase.co/auth/v1/token?grant_type=refresh_token:0
[51547351ms] [ERROR] TypeError: Failed to fetch
    at http://localhost:3000/_next/static/chunks/node_modules_%40supabase_auth-js_dist_module_0.pzobh._.js:597:23
    at _handleRequest (http://localhost:3000/_next/static/chunks/node_modules_%40supabase_auth-js_dist_module_0.pzobh._.js:951:24)
    at _request (http://localhost:3000/_next/static/chunks/node_modules_%40supabase_auth-js_dist_module_0.pzobh._.js:938:24)
    at http://localhost:3000/_next/static/chunks/node_modules_%40supabase_auth-js_dist_module_0.pzobh._.js:7482:220
    at async http://localhost:3000/_next/static/chunks/node_modules_%40supabase_auth-js_dist_module_0.pzobh._.js:667:36 @ http://localhost:3000/_next/static/chunks/node_modules_next_dist_115brz8._.js:3272
[51551770ms] [ERROR] Failed to load resource: net::ERR_QUIC_PROTOCOL_ERROR @ https://wnitkyyodymmjedlttex.supabase.co/auth/v1/token?grant_type=refresh_token:0
[51551771ms] [ERROR] TypeError: Failed to fetch
    at http://localhost:3000/_next/static/chunks/node_modules_%40supabase_auth-js_dist_module_0.pzobh._.js:597:23
    at _handleRequest (http://localhost:3000/_next/static/chunks/node_modules_%40supabase_auth-js_dist_module_0.pzobh._.js:951:24)
    at _request (http://localhost:3000/_next/static/chunks/node_modules_%40supabase_auth-js_dist_module_0.pzobh._.js:938:24)
    at http://localhost:3000/_next/static/chunks/node_modules_%40supabase_auth-js_dist_module_0.pzobh._.js:7482:220
    at async http://localhost:3000/_next/static/chunks/node_modules_%40supabase_auth-js_dist_module_0.pzobh._.js:667:36 @ http://localhost:3000/_next/static/chunks/node_modules_next_dist_115brz8._.js:3272
[51556583ms] [ERROR] Failed to load resource: net::ERR_QUIC_PROTOCOL_ERROR @ https://wnitkyyodymmjedlttex.supabase.co/auth/v1/token?grant_type=refresh_token:0
[51556583ms] [ERROR] TypeError: Failed to fetch
    at http://localhost:3000/_next/static/chunks/node_modules_%40supabase_auth-js_dist_module_0.pzobh._.js:597:23
    at _handleRequest (http://localhost:3000/_next/static/chunks/node_modules_%40supabase_auth-js_dist_module_0.pzobh._.js:951:24)
    at _request (http://localhost:3000/_next/static/chunks/node_modules_%40supabase_auth-js_dist_module_0.pzobh._.js:938:24)
    at http://localhost:3000/_next/static/chunks/node_modules_%40supabase_auth-js_dist_module_0.pzobh._.js:7482:220
    at async http://localhost:3000/_next/static/chunks/node_modules_%40supabase_auth-js_dist_module_0.pzobh._.js:667:36 @ http://localhost:3000/_next/static/chunks/node_modules_next_dist_115brz8._.js:3272
[51562199ms] [ERROR] Failed to load resource: net::ERR_QUIC_PROTOCOL_ERROR @ https://wnitkyyodymmjedlttex.supabase.co/auth/v1/token?grant_type=refresh_token:0
[51562199ms] [ERROR] TypeError: Failed to fetch
    at http://localhost:3000/_next/static/chunks/node_modules_%40supabase_auth-js_dist_module_0.pzobh._.js:597:23
    at _handleRequest (http://localhost:3000/_next/static/chunks/node_modules_%40supabase_auth-js_dist_module_0.pzobh._.js:951:24)
    at _request (http://localhost:3000/_next/static/chunks/node_modules_%40supabase_auth-js_dist_module_0.pzobh._.js:938:24)
    at http://localhost:3000/_next/static/chunks/node_modules_%40supabase_auth-js_dist_module_0.pzobh._.js:7482:220
    at async http://localhost:3000/_next/static/chunks/node_modules_%40supabase_auth-js_dist_module_0.pzobh._.js:667:36 @ http://localhost:3000/_next/static/chunks/node_modules_next_dist_115brz8._.js:3272
[51569414ms] [ERROR] Failed to load resource: net::ERR_QUIC_PROTOCOL_ERROR @ https://wnitkyyodymmjedlttex.supabase.co/auth/v1/token?grant_type=refresh_token:0
[51569414ms] [ERROR] TypeError: Failed to fetch
    at http://localhost:3000/_next/static/chunks/node_modules_%40supabase_auth-js_dist_module_0.pzobh._.js:597:23
    at _handleRequest (http://localhost:3000/_next/static/chunks/node_modules_%40supabase_auth-js_dist_module_0.pzobh._.js:951:24)
    at _request (http://localhost:3000/_next/static/chunks/node_modules_%40supabase_auth-js_dist_module_0.pzobh._.js:938:24)
    at http://localhost:3000/_next/static/chunks/node_modules_%40supabase_auth-js_dist_module_0.pzobh._.js:7482:220
    at async http://localhost:3000/_next/static/chunks/node_modules_%40supabase_auth-js_dist_module_0.pzobh._.js:667:36 @ http://localhost:3000/_next/static/chunks/node_modules_next_dist_115brz8._.js:3272
[51573425ms] [ERROR] Failed to load resource: net::ERR_QUIC_PROTOCOL_ERROR @ https://wnitkyyodymmjedlttex.supabase.co/auth/v1/token?grant_type=refresh_token:0
[51573425ms] [ERROR] TypeError: Failed to fetch
    at http://localhost:3000/_next/static/chunks/node_modules_%40supabase_auth-js_dist_module_0.pzobh._.js:597:23
    at _handleRequest (http://localhost:3000/_next/static/chunks/node_modules_%40supabase_auth-js_dist_module_0.pzobh._.js:951:24)
    at _request (http://localhost:3000/_next/static/chunks/node_modules_%40supabase_auth-js_dist_module_0.pzobh._.js:938:24)
    at http://localhost:3000/_next/static/chunks/node_modules_%40supabase_auth-js_dist_module_0.pzobh._.js:7482:220
    at http://localhost:3000/_next/static/chunks/node_modules_%40supabase_auth-js_dist_module_0.pzobh._.js:667:42
    at http://localhost:3000/_next/static/chunks/node_modules_%40supabase_auth-js_dist_module_0.pzobh._.js:679:11
    at new Promise (<anonymous>)
    at retryable (http://localhost:3000/_next/static/chunks/node_modules_%40supabase_auth-js_dist_module_0.pzobh._.js:661:21)
    at SupabaseAuthClient._refreshAccessToken (http://localhost:3000/_next/static/chunks/node_modules_%40supabase_auth-js_dist_module_0.pzobh._.js:7477:219)
    at SupabaseAuthClient._callRefreshToken (http://localhost:3000/_next/static/chunks/node_modules_%40supabase_auth-js_dist_module_0.pzobh._.js:7633:48)
    at SupabaseAuthClient.__loadSession (http://localhost:3000/_next/static/chunks/node_modules_%40supabase_auth-js_dist_module_0.pzobh._.js:5996:57)
    at async SupabaseAuthClient._useSession (http://localhost:3000/_next/static/chunks/node_modules_%40supabase_auth-js_dist_module_0.pzobh._.js:5926:28)
    at async http://localhost:3000/_next/static/chunks/node_modules_%40supabase_auth-js_dist_module_0.pzobh._.js:7903:32
    at async http://localhost:3000/_next/static/chunks/node_modules_%40supabase_auth-js_dist_module_0.pzobh._.js:5875:28 @ http://localhost:3000/_next/static/chunks/node_modules_next_dist_115brz8._.js:3272
[51577638ms] [ERROR] Failed to load resource: net::ERR_QUIC_PROTOCOL_ERROR @ https://wnitkyyodymmjedlttex.supabase.co/auth/v1/token?grant_type=refresh_token:0
[51577639ms] [ERROR] TypeError: Failed to fetch
    at http://localhost:3000/_next/static/chunks/node_modules_%40supabase_auth-js_dist_module_0.pzobh._.js:597:23
    at _handleRequest (http://localhost:3000/_next/static/chunks/node_modules_%40supabase_auth-js_dist_module_0.pzobh._.js:951:24)
    at _request (http://localhost:3000/_next/static/chunks/node_modules_%40supabase_auth-js_dist_module_0.pzobh._.js:938:24)
    at http://localhost:3000/_next/static/chunks/node_modules_%40supabase_auth-js_dist_module_0.pzobh._.js:7482:220
    at async http://localhost:3000/_next/static/chunks/node_modules_%40supabase_auth-js_dist_module_0.pzobh._.js:667:36 @ http://localhost:3000/_next/static/chunks/node_modules_next_dist_115brz8._.js:3272
[51582061ms] [ERROR] Failed to load resource: net::ERR_QUIC_PROTOCOL_ERROR @ https://wnitkyyodymmjedlttex.supabase.co/auth/v1/token?grant_type=refresh_token:0
[51582061ms] [ERROR] TypeError: Failed to fetch
    at http://localhost:3000/_next/static/chunks/node_modules_%40supabase_auth-js_dist_module_0.pzobh._.js:597:23
    at _handleRequest (http://localhost:3000/_next/static/chunks/node_modules_%40supabase_auth-js_dist_module_0.pzobh._.js:951:24)
    at _request (http://localhost:3000/_next/static/chunks/node_modules_%40supabase_auth-js_dist_module_0.pzobh._.js:938:24)
    at http://localhost:3000/_next/static/chunks/node_modules_%40supabase_auth-js_dist_module_0.pzobh._.js:7482:220
    at async http://localhost:3000/_next/static/chunks/node_modules_%40supabase_auth-js_dist_module_0.pzobh._.js:667:36 @ http://localhost:3000/_next/static/chunks/node_modules_next_dist_115brz8._.js:3272
[51586869ms] [ERROR] Failed to load resource: net::ERR_QUIC_PROTOCOL_ERROR @ https://wnitkyyodymmjedlttex.supabase.co/auth/v1/token?grant_type=refresh_token:0
[51586869ms] [ERROR] TypeError: Failed to fetch
    at http://localhost:3000/_next/static/chunks/node_modules_%40supabase_auth-js_dist_module_0.pzobh._.js:597:23
    at _handleRequest (http://localhost:3000/_next/static/chunks/node_modules_%40supabase_auth-js_dist_module_0.pzobh._.js:951:24)
    at _request (http://localhost:3000/_next/static/chunks/node_modules_%40supabase_auth-js_dist_module_0.pzobh._.js:938:24)
    at http://localhost:3000/_next/static/chunks/node_modules_%40supabase_auth-js_dist_module_0.pzobh._.js:7482:220
    at async http://localhost:3000/_next/static/chunks/node_modules_%40supabase_auth-js_dist_module_0.pzobh._.js:667:36 @ http://localhost:3000/_next/static/chunks/node_modules_next_dist_115brz8._.js:3272
[51592494ms] [ERROR] Failed to load resource: net::ERR_QUIC_PROTOCOL_ERROR @ https://wnitkyyodymmjedlttex.supabase.co/auth/v1/token?grant_type=refresh_token:0
[51592495ms] [ERROR] TypeError: Failed to fetch
    at http://localhost:3000/_next/static/chunks/node_modules_%40supabase_auth-js_dist_module_0.pzobh._.js:597:23
    at _handleRequest (http://localhost:3000/_next/static/chunks/node_modules_%40supabase_auth-js_dist_module_0.pzobh._.js:951:24)
    at _request (http://localhost:3000/_next/static/chunks/node_modules_%40supabase_auth-js_dist_module_0.pzobh._.js:938:24)
    at http://localhost:3000/_next/static/chunks/node_modules_%40supabase_auth-js_dist_module_0.pzobh._.js:7482:220
    at async http://localhost:3000/_next/static/chunks/node_modules_%40supabase_auth-js_dist_module_0.pzobh._.js:667:36 @ http://localhost:3000/_next/static/chunks/node_modules_next_dist_115brz8._.js:3272
[51599723ms] [ERROR] Failed to load resource: net::ERR_QUIC_PROTOCOL_ERROR @ https://wnitkyyodymmjedlttex.supabase.co/auth/v1/token?grant_type=refresh_token:0
[51599723ms] [ERROR] TypeError: Failed to fetch
    at http://localhost:3000/_next/static/chunks/node_modules_%40supabase_auth-js_dist_module_0.pzobh._.js:597:23
    at _handleRequest (http://localhost:3000/_next/static/chunks/node_modules_%40supabase_auth-js_dist_module_0.pzobh._.js:951:24)
    at _request (http://localhost:3000/_next/static/chunks/node_modules_%40supabase_auth-js_dist_module_0.pzobh._.js:938:24)
    at http://localhost:3000/_next/static/chunks/node_modules_%40supabase_auth-js_dist_module_0.pzobh._.js:7482:220
    at async http://localhost:3000/_next/static/chunks/node_modules_%40supabase_auth-js_dist_module_0.pzobh._.js:667:36 @ http://localhost:3000/_next/static/chunks/node_modules_next_dist_115brz8._.js:3272
[51603730ms] [ERROR] Failed to load resource: net::ERR_QUIC_PROTOCOL_ERROR @ https://wnitkyyodymmjedlttex.supabase.co/auth/v1/token?grant_type=refresh_token:0
[51603730ms] [ERROR] TypeError: Failed to fetch
    at http://localhost:3000/_next/static/chunks/node_modules_%40supabase_auth-js_dist_module_0.pzobh._.js:597:23
    at _handleRequest (http://localhost:3000/_next/static/chunks/node_modules_%40supabase_auth-js_dist_module_0.pzobh._.js:951:24)
    at _request (http://localhost:3000/_next/static/chunks/node_modules_%40supabase_auth-js_dist_module_0.pzobh._.js:938:24)
    at http://localhost:3000/_next/static/chunks/node_modules_%40supabase_auth-js_dist_module_0.pzobh._.js:7482:220
    at http://localhost:3000/_next/static/chunks/node_modules_%40supabase_auth-js_dist_module_0.pzobh._.js:667:42
    at http://localhost:3000/_next/static/chunks/node_modules_%40supabase_auth-js_dist_module_0.pzobh._.js:679:11
    at new Promise (<anonymous>)
    at retryable (http://localhost:3000/_next/static/chunks/node_modules_%40supabase_auth-js_dist_module_0.pzobh._.js:661:21)
    at SupabaseAuthClient._refreshAccessToken (http://localhost:3000/_next/static/chunks/node_modules_%40supabase_auth-js_dist_module_0.pzobh._.js:7477:219)
    at SupabaseAuthClient._callRefreshToken (http://localhost:3000/_next/static/chunks/node_modules_%40supabase_auth-js_dist_module_0.pzobh._.js:7633:48)
    at SupabaseAuthClient.__loadSession (http://localhost:3000/_next/static/chunks/node_modules_%40supabase_auth-js_dist_module_0.pzobh._.js:5996:57)
    at async SupabaseAuthClient._useSession (http://localhost:3000/_next/static/chunks/node_modules_%40supabase_auth-js_dist_module_0.pzobh._.js:5926:28)
    at async http://localhost:3000/_next/static/chunks/node_modules_%40supabase_auth-js_dist_module_0.pzobh._.js:7903:32
    at async http://localhost:3000/_next/static/chunks/node_modules_%40supabase_auth-js_dist_module_0.pzobh._.js:5875:28 @ http://localhost:3000/_next/static/chunks/node_modules_next_dist_115brz8._.js:3272
[51607939ms] [ERROR] Failed to load resource: net::ERR_QUIC_PROTOCOL_ERROR @ https://wnitkyyodymmjedlttex.supabase.co/auth/v1/token?grant_type=refresh_token:0
[51607939ms] [ERROR] TypeError: Failed to fetch
    at http://localhost:3000/_next/static/chunks/node_modules_%40supabase_auth-js_dist_module_0.pzobh._.js:597:23
    at _handleRequest (http://localhost:3000/_next/static/chunks/node_modules_%40supabase_auth-js_dist_module_0.pzobh._.js:951:24)
    at _request (http://localhost:3000/_next/static/chunks/node_modules_%40supabase_auth-js_dist_module_0.pzobh._.js:938:24)
    at http://localhost:3000/_next/static/chunks/node_modules_%40supabase_auth-js_dist_module_0.pzobh._.js:7482:220
    at async http://localhost:3000/_next/static/chunks/node_modules_%40supabase_auth-js_dist_module_0.pzobh._.js:667:36 @ http://localhost:3000/_next/static/chunks/node_modules_next_dist_115brz8._.js:3272
[51612357ms] [ERROR] Failed to load resource: net::ERR_QUIC_PROTOCOL_ERROR @ https://wnitkyyodymmjedlttex.supabase.co/auth/v1/token?grant_type=refresh_token:0
[51612358ms] [ERROR] TypeError: Failed to fetch
    at http://localhost:3000/_next/static/chunks/node_modules_%40supabase_auth-js_dist_module_0.pzobh._.js:597:23
    at _handleRequest (http://localhost:3000/_next/static/chunks/node_modules_%40supabase_auth-js_dist_module_0.pzobh._.js:951:24)
    at _request (http://localhost:3000/_next/static/chunks/node_modules_%40supabase_auth-js_dist_module_0.pzobh._.js:938:24)
    at http://localhost:3000/_next/static/chunks/node_modules_%40supabase_auth-js_dist_module_0.pzobh._.js:7482:220
    at async http://localhost:3000/_next/static/chunks/node_modules_%40supabase_auth-js_dist_module_0.pzobh._.js:667:36 @ http://localhost:3000/_next/static/chunks/node_modules_next_dist_115brz8._.js:3272
[51617165ms] [ERROR] Failed to load resource: net::ERR_QUIC_PROTOCOL_ERROR @ https://wnitkyyodymmjedlttex.supabase.co/auth/v1/token?grant_type=refresh_token:0
[51617165ms] [ERROR] TypeError: Failed to fetch
    at http://localhost:3000/_next/static/chunks/node_modules_%40supabase_auth-js_dist_module_0.pzobh._.js:597:23
    at _handleRequest (http://localhost:3000/_next/static/chunks/node_modules_%40supabase_auth-js_dist_module_0.pzobh._.js:951:24)
    at _request (http://localhost:3000/_next/static/chunks/node_modules_%40supabase_auth-js_dist_module_0.pzobh._.js:938:24)
    at http://localhost:3000/_next/static/chunks/node_modules_%40supabase_auth-js_dist_module_0.pzobh._.js:7482:220
    at async http://localhost:3000/_next/static/chunks/node_modules_%40supabase_auth-js_dist_module_0.pzobh._.js:667:36 @ http://localhost:3000/_next/static/chunks/node_modules_next_dist_115brz8._.js:3272
[51622789ms] [ERROR] Failed to load resource: net::ERR_QUIC_PROTOCOL_ERROR @ https://wnitkyyodymmjedlttex.supabase.co/auth/v1/token?grant_type=refresh_token:0
[51622789ms] [ERROR] TypeError: Failed to fetch
    at http://localhost:3000/_next/static/chunks/node_modules_%40supabase_auth-js_dist_module_0.pzobh._.js:597:23
    at _handleRequest (http://localhost:3000/_next/static/chunks/node_modules_%40supabase_auth-js_dist_module_0.pzobh._.js:951:24)
    at _request (http://localhost:3000/_next/static/chunks/node_modules_%40supabase_auth-js_dist_module_0.pzobh._.js:938:24)
    at http://localhost:3000/_next/static/chunks/node_modules_%40supabase_auth-js_dist_module_0.pzobh._.js:7482:220
    at async http://localhost:3000/_next/static/chunks/node_modules_%40supabase_auth-js_dist_module_0.pzobh._.js:667:36 @ http://localhost:3000/_next/static/chunks/node_modules_next_dist_115brz8._.js:3272
[51630001ms] [ERROR] Failed to load resource: net::ERR_QUIC_PROTOCOL_ERROR @ https://wnitkyyodymmjedlttex.supabase.co/auth/v1/token?grant_type=refresh_token:0
[51630001ms] [ERROR] TypeError: Failed to fetch
    at http://localhost:3000/_next/static/chunks/node_modules_%40supabase_auth-js_dist_module_0.pzobh._.js:597:23
    at _handleRequest (http://localhost:3000/_next/static/chunks/node_modules_%40supabase_auth-js_dist_module_0.pzobh._.js:951:24)
    at _request (http://localhost:3000/_next/static/chunks/node_modules_%40supabase_auth-js_dist_module_0.pzobh._.js:938:24)
    at http://localhost:3000/_next/static/chunks/node_modules_%40supabase_auth-js_dist_module_0.pzobh._.js:7482:220
    at async http://localhost:3000/_next/static/chunks/node_modules_%40supabase_auth-js_dist_module_0.pzobh._.js:667:36 @ http://localhost:3000/_next/static/chunks/node_modules_next_dist_115brz8._.js:3272
[51634016ms] [ERROR] Failed to load resource: net::ERR_QUIC_PROTOCOL_ERROR @ https://wnitkyyodymmjedlttex.supabase.co/auth/v1/token?grant_type=refresh_token:0
[51634016ms] [ERROR] TypeError: Failed to fetch
    at http://localhost:3000/_next/static/chunks/node_modules_%40supabase_auth-js_dist_module_0.pzobh._.js:597:23
    at _handleRequest (http://localhost:3000/_next/static/chunks/node_modules_%40supabase_auth-js_dist_module_0.pzobh._.js:951:24)
    at _request (http://localhost:3000/_next/static/chunks/node_modules_%40supabase_auth-js_dist_module_0.pzobh._.js:938:24)
    at http://localhost:3000/_next/static/chunks/node_modules_%40supabase_auth-js_dist_module_0.pzobh._.js:7482:220
    at http://localhost:3000/_next/static/chunks/node_modules_%40supabase_auth-js_dist_module_0.pzobh._.js:667:42
    at http://localhost:3000/_next/static/chunks/node_modules_%40supabase_auth-js_dist_module_0.pzobh._.js:679:11
    at new Promise (<anonymous>)
    at retryable (http://localhost:3000/_next/static/chunks/node_modules_%40supabase_auth-js_dist_module_0.pzobh._.js:661:21)
    at SupabaseAuthClient._refreshAccessToken (http://localhost:3000/_next/static/chunks/node_modules_%40supabase_auth-js_dist_module_0.pzobh._.js:7477:219)
    at SupabaseAuthClient._callRefreshToken (http://localhost:3000/_next/static/chunks/node_modules_%40supabase_auth-js_dist_module_0.pzobh._.js:7633:48)
    at SupabaseAuthClient.__loadSession (http://localhost:3000/_next/static/chunks/node_modules_%40supabase_auth-js_dist_module_0.pzobh._.js:5996:57)
    at async SupabaseAuthClient._useSession (http://localhost:3000/_next/static/chunks/node_modules_%40supabase_auth-js_dist_module_0.pzobh._.js:5926:28)
    at async http://localhost:3000/_next/static/chunks/node_modules_%40supabase_auth-js_dist_module_0.pzobh._.js:7903:32
    at async http://localhost:3000/_next/static/chunks/node_modules_%40supabase_auth-js_dist_module_0.pzobh._.js:5875:28 @ http://localhost:3000/_next/static/chunks/node_modules_next_dist_115brz8._.js:3272
[51638235ms] [ERROR] Failed to load resource: net::ERR_QUIC_PROTOCOL_ERROR @ https://wnitkyyodymmjedlttex.supabase.co/auth/v1/token?grant_type=refresh_token:0
[51638236ms] [ERROR] TypeError: Failed to fetch
    at http://localhost:3000/_next/static/chunks/node_modules_%40supabase_auth-js_dist_module_0.pzobh._.js:597:23
    at _handleRequest (http://localhost:3000/_next/static/chunks/node_modules_%40supabase_auth-js_dist_module_0.pzobh._.js:951:24)
    at _request (http://localhost:3000/_next/static/chunks/node_modules_%40supabase_auth-js_dist_module_0.pzobh._.js:938:24)
    at http://localhost:3000/_next/static/chunks/node_modules_%40supabase_auth-js_dist_module_0.pzobh._.js:7482:220
    at async http://localhost:3000/_next/static/chunks/node_modules_%40supabase_auth-js_dist_module_0.pzobh._.js:667:36 @ http://localhost:3000/_next/static/chunks/node_modules_next_dist_115brz8._.js:3272
[51642660ms] [ERROR] Failed to load resource: net::ERR_QUIC_PROTOCOL_ERROR @ https://wnitkyyodymmjedlttex.supabase.co/auth/v1/token?grant_type=refresh_token:0
[51642660ms] [ERROR] TypeError: Failed to fetch
    at http://localhost:3000/_next/static/chunks/node_modules_%40supabase_auth-js_dist_module_0.pzobh._.js:597:23
    at _handleRequest (http://localhost:3000/_next/static/chunks/node_modules_%40supabase_auth-js_dist_module_0.pzobh._.js:951:24)
    at _request (http://localhost:3000/_next/static/chunks/node_modules_%40supabase_auth-js_dist_module_0.pzobh._.js:938:24)
    at http://localhost:3000/_next/static/chunks/node_modules_%40supabase_auth-js_dist_module_0.pzobh._.js:7482:220
    at async http://localhost:3000/_next/static/chunks/node_modules_%40supabase_auth-js_dist_module_0.pzobh._.js:667:36 @ http://localhost:3000/_next/static/chunks/node_modules_next_dist_115brz8._.js:3272
[51647478ms] [ERROR] Failed to load resource: net::ERR_QUIC_PROTOCOL_ERROR @ https://wnitkyyodymmjedlttex.supabase.co/auth/v1/token?grant_type=refresh_token:0
[51647479ms] [ERROR] TypeError: Failed to fetch
    at http://localhost:3000/_next/static/chunks/node_modules_%40supabase_auth-js_dist_module_0.pzobh._.js:597:23
    at _handleRequest (http://localhost:3000/_next/static/chunks/node_modules_%40supabase_auth-js_dist_module_0.pzobh._.js:951:24)
    at _request (http://localhost:3000/_next/static/chunks/node_modules_%40supabase_auth-js_dist_module_0.pzobh._.js:938:24)
    at http://localhost:3000/_next/static/chunks/node_modules_%40supabase_auth-js_dist_module_0.pzobh._.js:7482:220
    at async http://localhost:3000/_next/static/chunks/node_modules_%40supabase_auth-js_dist_module_0.pzobh._.js:667:36 @ http://localhost:3000/_next/static/chunks/node_modules_next_dist_115brz8._.js:3272
[51653090ms] [ERROR] Failed to load resource: net::ERR_QUIC_PROTOCOL_ERROR @ https://wnitkyyodymmjedlttex.supabase.co/auth/v1/token?grant_type=refresh_token:0
[51653091ms] [ERROR] TypeError: Failed to fetch
    at http://localhost:3000/_next/static/chunks/node_modules_%40supabase_auth-js_dist_module_0.pzobh._.js:597:23
    at _handleRequest (http://localhost:3000/_next/static/chunks/node_modules_%40supabase_auth-js_dist_module_0.pzobh._.js:951:24)
    at _request (http://localhost:3000/_next/static/chunks/node_modules_%40supabase_auth-js_dist_module_0.pzobh._.js:938:24)
    at http://localhost:3000/_next/static/chunks/node_modules_%40supabase_auth-js_dist_module_0.pzobh._.js:7482:220
    at async http://localhost:3000/_next/static/chunks/node_modules_%40supabase_auth-js_dist_module_0.pzobh._.js:667:36 @ http://localhost:3000/_next/static/chunks/node_modules_next_dist_115brz8._.js:3272
[51660301ms] [ERROR] Failed to load resource: net::ERR_QUIC_PROTOCOL_ERROR @ https://wnitkyyodymmjedlttex.supabase.co/auth/v1/token?grant_type=refresh_token:0
[51660302ms] [ERROR] TypeError: Failed to fetch
    at http://localhost:3000/_next/static/chunks/node_modules_%40supabase_auth-js_dist_module_0.pzobh._.js:597:23
    at _handleRequest (http://localhost:3000/_next/static/chunks/node_modules_%40supabase_auth-js_dist_module_0.pzobh._.js:951:24)
    at _request (http://localhost:3000/_next/static/chunks/node_modules_%40supabase_auth-js_dist_module_0.pzobh._.js:938:24)
    at http://localhost:3000/_next/static/chunks/node_modules_%40supabase_auth-js_dist_module_0.pzobh._.js:7482:220
    at async http://localhost:3000/_next/static/chunks/node_modules_%40supabase_auth-js_dist_module_0.pzobh._.js:667:36 @ http://localhost:3000/_next/static/chunks/node_modules_next_dist_115brz8._.js:3272
[51664312ms] [ERROR] Failed to load resource: net::ERR_QUIC_PROTOCOL_ERROR @ https://wnitkyyodymmjedlttex.supabase.co/auth/v1/token?grant_type=refresh_token:0
[51664313ms] [ERROR] TypeError: Failed to fetch
    at http://localhost:3000/_next/static/chunks/node_modules_%40supabase_auth-js_dist_module_0.pzobh._.js:597:23
    at _handleRequest (http://localhost:3000/_next/static/chunks/node_modules_%40supabase_auth-js_dist_module_0.pzobh._.js:951:24)
    at _request (http://localhost:3000/_next/static/chunks/node_modules_%40supabase_auth-js_dist_module_0.pzobh._.js:938:24)
    at http://localhost:3000/_next/static/chunks/node_modules_%40supabase_auth-js_dist_module_0.pzobh._.js:7482:220
    at http://localhost:3000/_next/static/chunks/node_modules_%40supabase_auth-js_dist_module_0.pzobh._.js:667:42
    at http://localhost:3000/_next/static/chunks/node_modules_%40supabase_auth-js_dist_module_0.pzobh._.js:679:11
    at new Promise (<anonymous>)
    at retryable (http://localhost:3000/_next/static/chunks/node_modules_%40supabase_auth-js_dist_module_0.pzobh._.js:661:21)
    at SupabaseAuthClient._refreshAccessToken (http://localhost:3000/_next/static/chunks/node_modules_%40supabase_auth-js_dist_module_0.pzobh._.js:7477:219)
    at SupabaseAuthClient._callRefreshToken (http://localhost:3000/_next/static/chunks/node_modules_%40supabase_auth-js_dist_module_0.pzobh._.js:7633:48)
    at SupabaseAuthClient.__loadSession (http://localhost:3000/_next/static/chunks/node_modules_%40supabase_auth-js_dist_module_0.pzobh._.js:5996:57)
    at async SupabaseAuthClient._useSession (http://localhost:3000/_next/static/chunks/node_modules_%40supabase_auth-js_dist_module_0.pzobh._.js:5926:28)
    at async http://localhost:3000/_next/static/chunks/node_modules_%40supabase_auth-js_dist_module_0.pzobh._.js:7903:32
    at async http://localhost:3000/_next/static/chunks/node_modules_%40supabase_auth-js_dist_module_0.pzobh._.js:5875:28 @ http://localhost:3000/_next/static/chunks/node_modules_next_dist_115brz8._.js:3272
[51668521ms] [ERROR] Failed to load resource: net::ERR_QUIC_PROTOCOL_ERROR @ https://wnitkyyodymmjedlttex.supabase.co/auth/v1/token?grant_type=refresh_token:0
[51668521ms] [ERROR] TypeError: Failed to fetch
    at http://localhost:3000/_next/static/chunks/node_modules_%40supabase_auth-js_dist_module_0.pzobh._.js:597:23
    at _handleRequest (http://localhost:3000/_next/static/chunks/node_modules_%40supabase_auth-js_dist_module_0.pzobh._.js:951:24)
    at _request (http://localhost:3000/_next/static/chunks/node_modules_%40supabase_auth-js_dist_module_0.pzobh._.js:938:24)
    at http://localhost:3000/_next/static/chunks/node_modules_%40supabase_auth-js_dist_module_0.pzobh._.js:7482:220
    at async http://localhost:3000/_next/static/chunks/node_modules_%40supabase_auth-js_dist_module_0.pzobh._.js:667:36 @ http://localhost:3000/_next/static/chunks/node_modules_next_dist_115brz8._.js:3272
[51672928ms] [ERROR] Failed to load resource: net::ERR_QUIC_PROTOCOL_ERROR @ https://wnitkyyodymmjedlttex.supabase.co/auth/v1/token?grant_type=refresh_token:0
[51672929ms] [ERROR] TypeError: Failed to fetch
    at http://localhost:3000/_next/static/chunks/node_modules_%40supabase_auth-js_dist_module_0.pzobh._.js:597:23
    at _handleRequest (http://localhost:3000/_next/static/chunks/node_modules_%40supabase_auth-js_dist_module_0.pzobh._.js:951:24)
    at _request (http://localhost:3000/_next/static/chunks/node_modules_%40supabase_auth-js_dist_module_0.pzobh._.js:938:24)
    at http://localhost:3000/_next/static/chunks/node_modules_%40supabase_auth-js_dist_module_0.pzobh._.js:7482:220
    at async http://localhost:3000/_next/static/chunks/node_modules_%40supabase_auth-js_dist_module_0.pzobh._.js:667:36 @ http://localhost:3000/_next/static/chunks/node_modules_next_dist_115brz8._.js:3272
[51677754ms] [ERROR] Failed to load resource: net::ERR_QUIC_PROTOCOL_ERROR @ https://wnitkyyodymmjedlttex.supabase.co/auth/v1/token?grant_type=refresh_token:0
[51677754ms] [ERROR] TypeError: Failed to fetch
    at http://localhost:3000/_next/static/chunks/node_modules_%40supabase_auth-js_dist_module_0.pzobh._.js:597:23
    at _handleRequest (http://localhost:3000/_next/static/chunks/node_modules_%40supabase_auth-js_dist_module_0.pzobh._.js:951:24)
    at _request (http://localhost:3000/_next/static/chunks/node_modules_%40supabase_auth-js_dist_module_0.pzobh._.js:938:24)
    at http://localhost:3000/_next/static/chunks/node_modules_%40supabase_auth-js_dist_module_0.pzobh._.js:7482:220
    at async http://localhost:3000/_next/static/chunks/node_modules_%40supabase_auth-js_dist_module_0.pzobh._.js:667:36 @ http://localhost:3000/_next/static/chunks/node_modules_next_dist_115brz8._.js:3272
[51683372ms] [ERROR] Failed to load resource: net::ERR_QUIC_PROTOCOL_ERROR @ https://wnitkyyodymmjedlttex.supabase.co/auth/v1/token?grant_type=refresh_token:0
[51683372ms] [ERROR] TypeError: Failed to fetch
    at http://localhost:3000/_next/static/chunks/node_modules_%40supabase_auth-js_dist_module_0.pzobh._.js:597:23
    at _handleRequest (http://localhost:3000/_next/static/chunks/node_modules_%40supabase_auth-js_dist_module_0.pzobh._.js:951:24)
    at _request (http://localhost:3000/_next/static/chunks/node_modules_%40supabase_auth-js_dist_module_0.pzobh._.js:938:24)
    at http://localhost:3000/_next/static/chunks/node_modules_%40supabase_auth-js_dist_module_0.pzobh._.js:7482:220
    at async http://localhost:3000/_next/static/chunks/node_modules_%40supabase_auth-js_dist_module_0.pzobh._.js:667:36 @ http://localhost:3000/_next/static/chunks/node_modules_next_dist_115brz8._.js:3272
[51690588ms] [ERROR] Failed to load resource: net::ERR_QUIC_PROTOCOL_ERROR @ https://wnitkyyodymmjedlttex.supabase.co/auth/v1/token?grant_type=refresh_token:0
[51690588ms] [ERROR] TypeError: Failed to fetch
    at http://localhost:3000/_next/static/chunks/node_modules_%40supabase_auth-js_dist_module_0.pzobh._.js:597:23
    at _handleRequest (http://localhost:3000/_next/static/chunks/node_modules_%40supabase_auth-js_dist_module_0.pzobh._.js:951:24)
    at _request (http://localhost:3000/_next/static/chunks/node_modules_%40supabase_auth-js_dist_module_0.pzobh._.js:938:24)
    at http://localhost:3000/_next/static/chunks/node_modules_%40supabase_auth-js_dist_module_0.pzobh._.js:7482:220
    at async http://localhost:3000/_next/static/chunks/node_modules_%40supabase_auth-js_dist_module_0.pzobh._.js:667:36 @ http://localhost:3000/_next/static/chunks/node_modules_next_dist_115brz8._.js:3272
[51694593ms] [ERROR] Failed to load resource: net::ERR_QUIC_PROTOCOL_ERROR @ https://wnitkyyodymmjedlttex.supabase.co/auth/v1/token?grant_type=refresh_token:0
[51694594ms] [ERROR] TypeError: Failed to fetch
    at http://localhost:3000/_next/static/chunks/node_modules_%40supabase_auth-js_dist_module_0.pzobh._.js:597:23
    at _handleRequest (http://localhost:3000/_next/static/chunks/node_modules_%40supabase_auth-js_dist_module_0.pzobh._.js:951:24)
    at _request (http://localhost:3000/_next/static/chunks/node_modules_%40supabase_auth-js_dist_module_0.pzobh._.js:938:24)
    at http://localhost:3000/_next/static/chunks/node_modules_%40supabase_auth-js_dist_module_0.pzobh._.js:7482:220
    at http://localhost:3000/_next/static/chunks/node_modules_%40supabase_auth-js_dist_module_0.pzobh._.js:667:42
    at http://localhost:3000/_next/static/chunks/node_modules_%40supabase_auth-js_dist_module_0.pzobh._.js:679:11
    at new Promise (<anonymous>)
    at retryable (http://localhost:3000/_next/static/chunks/node_modules_%40supabase_auth-js_dist_module_0.pzobh._.js:661:21)
    at SupabaseAuthClient._refreshAccessToken (http://localhost:3000/_next/static/chunks/node_modules_%40supabase_auth-js_dist_module_0.pzobh._.js:7477:219)
    at SupabaseAuthClient._callRefreshToken (http://localhost:3000/_next/static/chunks/node_modules_%40supabase_auth-js_dist_module_0.pzobh._.js:7633:48)
    at SupabaseAuthClient.__loadSession (http://localhost:3000/_next/static/chunks/node_modules_%40supabase_auth-js_dist_module_0.pzobh._.js:5996:57)
    at async SupabaseAuthClient._useSession (http://localhost:3000/_next/static/chunks/node_modules_%40supabase_auth-js_dist_module_0.pzobh._.js:5926:28)
    at async http://localhost:3000/_next/static/chunks/node_modules_%40supabase_auth-js_dist_module_0.pzobh._.js:7903:32
    at async http://localhost:3000/_next/static/chunks/node_modules_%40supabase_auth-js_dist_module_0.pzobh._.js:5875:28 @ http://localhost:3000/_next/static/chunks/node_modules_next_dist_115brz8._.js:3272
[51698805ms] [ERROR] Failed to load resource: net::ERR_QUIC_PROTOCOL_ERROR @ https://wnitkyyodymmjedlttex.supabase.co/auth/v1/token?grant_type=refresh_token:0
[51698805ms] [ERROR] TypeError: Failed to fetch
    at http://localhost:3000/_next/static/chunks/node_modules_%40supabase_auth-js_dist_module_0.pzobh._.js:597:23
    at _handleRequest (http://localhost:3000/_next/static/chunks/node_modules_%40supabase_auth-js_dist_module_0.pzobh._.js:951:24)
    at _request (http://localhost:3000/_next/static/chunks/node_modules_%40supabase_auth-js_dist_module_0.pzobh._.js:938:24)
    at http://localhost:3000/_next/static/chunks/node_modules_%40supabase_auth-js_dist_module_0.pzobh._.js:7482:220
    at async http://localhost:3000/_next/static/chunks/node_modules_%40supabase_auth-js_dist_module_0.pzobh._.js:667:36 @ http://localhost:3000/_next/static/chunks/node_modules_next_dist_115brz8._.js:3272
[51703231ms] [ERROR] Failed to load resource: net::ERR_QUIC_PROTOCOL_ERROR @ https://wnitkyyodymmjedlttex.supabase.co/auth/v1/token?grant_type=refresh_token:0
[51703231ms] [ERROR] TypeError: Failed to fetch
    at http://localhost:3000/_next/static/chunks/node_modules_%40supabase_auth-js_dist_module_0.pzobh._.js:597:23
    at _handleRequest (http://localhost:3000/_next/static/chunks/node_modules_%40supabase_auth-js_dist_module_0.pzobh._.js:951:24)
    at _request (http://localhost:3000/_next/static/chunks/node_modules_%40supabase_auth-js_dist_module_0.pzobh._.js:938:24)
    at http://localhost:3000/_next/static/chunks/node_modules_%40supabase_auth-js_dist_module_0.pzobh._.js:7482:220
    at async http://localhost:3000/_next/static/chunks/node_modules_%40supabase_auth-js_dist_module_0.pzobh._.js:667:36 @ http://localhost:3000/_next/static/chunks/node_modules_next_dist_115brz8._.js:3272
[51708048ms] [ERROR] Failed to load resource: net::ERR_QUIC_PROTOCOL_ERROR @ https://wnitkyyodymmjedlttex.supabase.co/auth/v1/token?grant_type=refresh_token:0
[51708048ms] [ERROR] TypeError: Failed to fetch
    at http://localhost:3000/_next/static/chunks/node_modules_%40supabase_auth-js_dist_module_0.pzobh._.js:597:23
    at _handleRequest (http://localhost:3000/_next/static/chunks/node_modules_%40supabase_auth-js_dist_module_0.pzobh._.js:951:24)
    at _request (http://localhost:3000/_next/static/chunks/node_modules_%40supabase_auth-js_dist_module_0.pzobh._.js:938:24)
    at http://localhost:3000/_next/static/chunks/node_modules_%40supabase_auth-js_dist_module_0.pzobh._.js:7482:220
    at async http://localhost:3000/_next/static/chunks/node_modules_%40supabase_auth-js_dist_module_0.pzobh._.js:667:36 @ http://localhost:3000/_next/static/chunks/node_modules_next_dist_115brz8._.js:3272
[51713665ms] [ERROR] Failed to load resource: net::ERR_QUIC_PROTOCOL_ERROR @ https://wnitkyyodymmjedlttex.supabase.co/auth/v1/token?grant_type=refresh_token:0
[51713665ms] [ERROR] TypeError: Failed to fetch
    at http://localhost:3000/_next/static/chunks/node_modules_%40supabase_auth-js_dist_module_0.pzobh._.js:597:23
    at _handleRequest (http://localhost:3000/_next/static/chunks/node_modules_%40supabase_auth-js_dist_module_0.pzobh._.js:951:24)
    at _request (http://localhost:3000/_next/static/chunks/node_modules_%40supabase_auth-js_dist_module_0.pzobh._.js:938:24)
    at http://localhost:3000/_next/static/chunks/node_modules_%40supabase_auth-js_dist_module_0.pzobh._.js:7482:220
    at async http://localhost:3000/_next/static/chunks/node_modules_%40supabase_auth-js_dist_module_0.pzobh._.js:667:36 @ http://localhost:3000/_next/static/chunks/node_modules_next_dist_115brz8._.js:3272
[51720881ms] [ERROR] Failed to load resource: net::ERR_QUIC_PROTOCOL_ERROR @ https://wnitkyyodymmjedlttex.supabase.co/auth/v1/token?grant_type=refresh_token:0
[51720881ms] [ERROR] TypeError: Failed to fetch
    at http://localhost:3000/_next/static/chunks/node_modules_%40supabase_auth-js_dist_module_0.pzobh._.js:597:23
    at _handleRequest (http://localhost:3000/_next/static/chunks/node_modules_%40supabase_auth-js_dist_module_0.pzobh._.js:951:24)
    at _request (http://localhost:3000/_next/static/chunks/node_modules_%40supabase_auth-js_dist_module_0.pzobh._.js:938:24)
    at http://localhost:3000/_next/static/chunks/node_modules_%40supabase_auth-js_dist_module_0.pzobh._.js:7482:220
    at async http://localhost:3000/_next/static/chunks/node_modules_%40supabase_auth-js_dist_module_0.pzobh._.js:667:36 @ http://localhost:3000/_next/static/chunks/node_modules_next_dist_115brz8._.js:3272
[51724893ms] [ERROR] Failed to load resource: net::ERR_QUIC_PROTOCOL_ERROR @ https://wnitkyyodymmjedlttex.supabase.co/auth/v1/token?grant_type=refresh_token:0
[51724893ms] [ERROR] TypeError: Failed to fetch
    at http://localhost:3000/_next/static/chunks/node_modules_%40supabase_auth-js_dist_module_0.pzobh._.js:597:23
    at _handleRequest (http://localhost:3000/_next/static/chunks/node_modules_%40supabase_auth-js_dist_module_0.pzobh._.js:951:24)
    at _request (http://localhost:3000/_next/static/chunks/node_modules_%40supabase_auth-js_dist_module_0.pzobh._.js:938:24)
    at http://localhost:3000/_next/static/chunks/node_modules_%40supabase_auth-js_dist_module_0.pzobh._.js:7482:220
    at http://localhost:3000/_next/static/chunks/node_modules_%40supabase_auth-js_dist_module_0.pzobh._.js:667:42
    at http://localhost:3000/_next/static/chunks/node_modules_%40supabase_auth-js_dist_module_0.pzobh._.js:679:11
    at new Promise (<anonymous>)
    at retryable (http://localhost:3000/_next/static/chunks/node_modules_%40supabase_auth-js_dist_module_0.pzobh._.js:661:21)
    at SupabaseAuthClient._refreshAccessToken (http://localhost:3000/_next/static/chunks/node_modules_%40supabase_auth-js_dist_module_0.pzobh._.js:7477:219)
    at SupabaseAuthClient._callRefreshToken (http://localhost:3000/_next/static/chunks/node_modules_%40supabase_auth-js_dist_module_0.pzobh._.js:7633:48)
    at SupabaseAuthClient.__loadSession (http://localhost:3000/_next/static/chunks/node_modules_%40supabase_auth-js_dist_module_0.pzobh._.js:5996:57)
    at async SupabaseAuthClient._useSession (http://localhost:3000/_next/static/chunks/node_modules_%40supabase_auth-js_dist_module_0.pzobh._.js:5926:28)
    at async http://localhost:3000/_next/static/chunks/node_modules_%40supabase_auth-js_dist_module_0.pzobh._.js:7903:32
    at async http://localhost:3000/_next/static/chunks/node_modules_%40supabase_auth-js_dist_module_0.pzobh._.js:5875:28 @ http://localhost:3000/_next/static/chunks/node_modules_next_dist_115brz8._.js:3272
[51729123ms] [ERROR] Failed to load resource: net::ERR_QUIC_PROTOCOL_ERROR @ https://wnitkyyodymmjedlttex.supabase.co/auth/v1/token?grant_type=refresh_token:0
[51729124ms] [ERROR] TypeError: Failed to fetch
    at http://localhost:3000/_next/static/chunks/node_modules_%40supabase_auth-js_dist_module_0.pzobh._.js:597:23
    at _handleRequest (http://localhost:3000/_next/static/chunks/node_modules_%40supabase_auth-js_dist_module_0.pzobh._.js:951:24)
    at _request (http://localhost:3000/_next/static/chunks/node_modules_%40supabase_auth-js_dist_module_0.pzobh._.js:938:24)
    at http://localhost:3000/_next/static/chunks/node_modules_%40supabase_auth-js_dist_module_0.pzobh._.js:7482:220
    at async http://localhost:3000/_next/static/chunks/node_modules_%40supabase_auth-js_dist_module_0.pzobh._.js:667:36 @ http://localhost:3000/_next/static/chunks/node_modules_next_dist_115brz8._.js:3272
[51733536ms] [ERROR] Failed to load resource: net::ERR_QUIC_PROTOCOL_ERROR @ https://wnitkyyodymmjedlttex.supabase.co/auth/v1/token?grant_type=refresh_token:0
[51733536ms] [ERROR] TypeError: Failed to fetch
    at http://localhost:3000/_next/static/chunks/node_modules_%40supabase_auth-js_dist_module_0.pzobh._.js:597:23
    at _handleRequest (http://localhost:3000/_next/static/chunks/node_modules_%40supabase_auth-js_dist_module_0.pzobh._.js:951:24)
    at _request (http://localhost:3000/_next/static/chunks/node_modules_%40supabase_auth-js_dist_module_0.pzobh._.js:938:24)
    at http://localhost:3000/_next/static/chunks/node_modules_%40supabase_auth-js_dist_module_0.pzobh._.js:7482:220
    at async http://localhost:3000/_next/static/chunks/node_modules_%40supabase_auth-js_dist_module_0.pzobh._.js:667:36 @ http://localhost:3000/_next/static/chunks/node_modules_next_dist_115brz8._.js:3272
[51738365ms] [ERROR] Failed to load resource: net::ERR_QUIC_PROTOCOL_ERROR @ https://wnitkyyodymmjedlttex.supabase.co/auth/v1/token?grant_type=refresh_token:0
[51738365ms] [ERROR] TypeError: Failed to fetch
    at http://localhost:3000/_next/static/chunks/node_modules_%40supabase_auth-js_dist_module_0.pzobh._.js:597:23
    at _handleRequest (http://localhost:3000/_next/static/chunks/node_modules_%40supabase_auth-js_dist_module_0.pzobh._.js:951:24)
    at _request (http://localhost:3000/_next/static/chunks/node_modules_%40supabase_auth-js_dist_module_0.pzobh._.js:938:24)
    at http://localhost:3000/_next/static/chunks/node_modules_%40supabase_auth-js_dist_module_0.pzobh._.js:7482:220
    at async http://localhost:3000/_next/static/chunks/node_modules_%40supabase_auth-js_dist_module_0.pzobh._.js:667:36 @ http://localhost:3000/_next/static/chunks/node_modules_next_dist_115brz8._.js:3272
[51743984ms] [ERROR] Failed to load resource: net::ERR_QUIC_PROTOCOL_ERROR @ https://wnitkyyodymmjedlttex.supabase.co/auth/v1/token?grant_type=refresh_token:0
[51743984ms] [ERROR] TypeError: Failed to fetch
    at http://localhost:3000/_next/static/chunks/node_modules_%40supabase_auth-js_dist_module_0.pzobh._.js:597:23
    at _handleRequest (http://localhost:3000/_next/static/chunks/node_modules_%40supabase_auth-js_dist_module_0.pzobh._.js:951:24)
    at _request (http://localhost:3000/_next/static/chunks/node_modules_%40supabase_auth-js_dist_module_0.pzobh._.js:938:24)
    at http://localhost:3000/_next/static/chunks/node_modules_%40supabase_auth-js_dist_module_0.pzobh._.js:7482:220
    at async http://localhost:3000/_next/static/chunks/node_modules_%40supabase_auth-js_dist_module_0.pzobh._.js:667:36 @ http://localhost:3000/_next/static/chunks/node_modules_next_dist_115brz8._.js:3272
[51751198ms] [ERROR] Failed to load resource: net::ERR_QUIC_PROTOCOL_ERROR @ https://wnitkyyodymmjedlttex.supabase.co/auth/v1/token?grant_type=refresh_token:0
[51751198ms] [ERROR] TypeError: Failed to fetch
    at http://localhost:3000/_next/static/chunks/node_modules_%40supabase_auth-js_dist_module_0.pzobh._.js:597:23
    at _handleRequest (http://localhost:3000/_next/static/chunks/node_modules_%40supabase_auth-js_dist_module_0.pzobh._.js:951:24)
    at _request (http://localhost:3000/_next/static/chunks/node_modules_%40supabase_auth-js_dist_module_0.pzobh._.js:938:24)
    at http://localhost:3000/_next/static/chunks/node_modules_%40supabase_auth-js_dist_module_0.pzobh._.js:7482:220
    at async http://localhost:3000/_next/static/chunks/node_modules_%40supabase_auth-js_dist_module_0.pzobh._.js:667:36 @ http://localhost:3000/_next/static/chunks/node_modules_next_dist_115brz8._.js:3272
[51755216ms] [ERROR] Failed to load resource: net::ERR_QUIC_PROTOCOL_ERROR @ https://wnitkyyodymmjedlttex.supabase.co/auth/v1/token?grant_type=refresh_token:0
[51755216ms] [ERROR] TypeError: Failed to fetch
    at http://localhost:3000/_next/static/chunks/node_modules_%40supabase_auth-js_dist_module_0.pzobh._.js:597:23
    at _handleRequest (http://localhost:3000/_next/static/chunks/node_modules_%40supabase_auth-js_dist_module_0.pzobh._.js:951:24)
    at _request (http://localhost:3000/_next/static/chunks/node_modules_%40supabase_auth-js_dist_module_0.pzobh._.js:938:24)
    at http://localhost:3000/_next/static/chunks/node_modules_%40supabase_auth-js_dist_module_0.pzobh._.js:7482:220
    at http://localhost:3000/_next/static/chunks/node_modules_%40supabase_auth-js_dist_module_0.pzobh._.js:667:42
    at http://localhost:3000/_next/static/chunks/node_modules_%40supabase_auth-js_dist_module_0.pzobh._.js:679:11
    at new Promise (<anonymous>)
    at retryable (http://localhost:3000/_next/static/chunks/node_modules_%40supabase_auth-js_dist_module_0.pzobh._.js:661:21)
    at SupabaseAuthClient._refreshAccessToken (http://localhost:3000/_next/static/chunks/node_modules_%40supabase_auth-js_dist_module_0.pzobh._.js:7477:219)
    at SupabaseAuthClient._callRefreshToken (http://localhost:3000/_next/static/chunks/node_modules_%40supabase_auth-js_dist_module_0.pzobh._.js:7633:48)
    at SupabaseAuthClient.__loadSession (http://localhost:3000/_next/static/chunks/node_modules_%40supabase_auth-js_dist_module_0.pzobh._.js:5996:57)
    at async SupabaseAuthClient._useSession (http://localhost:3000/_next/static/chunks/node_modules_%40supabase_auth-js_dist_module_0.pzobh._.js:5926:28)
    at async http://localhost:3000/_next/static/chunks/node_modules_%40supabase_auth-js_dist_module_0.pzobh._.js:7903:32
    at async http://localhost:3000/_next/static/chunks/node_modules_%40supabase_auth-js_dist_module_0.pzobh._.js:5875:28 @ http://localhost:3000/_next/static/chunks/node_modules_next_dist_115brz8._.js:3272
[51759430ms] [ERROR] Failed to load resource: net::ERR_QUIC_PROTOCOL_ERROR @ https://wnitkyyodymmjedlttex.supabase.co/auth/v1/token?grant_type=refresh_token:0
[51759430ms] [ERROR] TypeError: Failed to fetch
    at http://localhost:3000/_next/static/chunks/node_modules_%40supabase_auth-js_dist_module_0.pzobh._.js:597:23
    at _handleRequest (http://localhost:3000/_next/static/chunks/node_modules_%40supabase_auth-js_dist_module_0.pzobh._.js:951:24)
    at _request (http://localhost:3000/_next/static/chunks/node_modules_%40supabase_auth-js_dist_module_0.pzobh._.js:938:24)
    at http://localhost:3000/_next/static/chunks/node_modules_%40supabase_auth-js_dist_module_0.pzobh._.js:7482:220
    at async http://localhost:3000/_next/static/chunks/node_modules_%40supabase_auth-js_dist_module_0.pzobh._.js:667:36 @ http://localhost:3000/_next/static/chunks/node_modules_next_dist_115brz8._.js:3272
[51763850ms] [ERROR] Failed to load resource: net::ERR_QUIC_PROTOCOL_ERROR @ https://wnitkyyodymmjedlttex.supabase.co/auth/v1/token?grant_type=refresh_token:0
[51763850ms] [ERROR] TypeError: Failed to fetch
    at http://localhost:3000/_next/static/chunks/node_modules_%40supabase_auth-js_dist_module_0.pzobh._.js:597:23
    at _handleRequest (http://localhost:3000/_next/static/chunks/node_modules_%40supabase_auth-js_dist_module_0.pzobh._.js:951:24)
    at _request (http://localhost:3000/_next/static/chunks/node_modules_%40supabase_auth-js_dist_module_0.pzobh._.js:938:24)
    at http://localhost:3000/_next/static/chunks/node_modules_%40supabase_auth-js_dist_module_0.pzobh._.js:7482:220
    at async http://localhost:3000/_next/static/chunks/node_modules_%40supabase_auth-js_dist_module_0.pzobh._.js:667:36 @ http://localhost:3000/_next/static/chunks/node_modules_next_dist_115brz8._.js:3272
[51768663ms] [ERROR] Failed to load resource: net::ERR_QUIC_PROTOCOL_ERROR @ https://wnitkyyodymmjedlttex.supabase.co/auth/v1/token?grant_type=refresh_token:0
[51768663ms] [ERROR] TypeError: Failed to fetch
    at http://localhost:3000/_next/static/chunks/node_modules_%40supabase_auth-js_dist_module_0.pzobh._.js:597:23
    at _handleRequest (http://localhost:3000/_next/static/chunks/node_modules_%40supabase_auth-js_dist_module_0.pzobh._.js:951:24)
    at _request (http://localhost:3000/_next/static/chunks/node_modules_%40supabase_auth-js_dist_module_0.pzobh._.js:938:24)
    at http://localhost:3000/_next/static/chunks/node_modules_%40supabase_auth-js_dist_module_0.pzobh._.js:7482:220
    at async http://localhost:3000/_next/static/chunks/node_modules_%40supabase_auth-js_dist_module_0.pzobh._.js:667:36 @ http://localhost:3000/_next/static/chunks/node_modules_next_dist_115brz8._.js:3272
[51774282ms] [ERROR] Failed to load resource: net::ERR_QUIC_PROTOCOL_ERROR @ https://wnitkyyodymmjedlttex.supabase.co/auth/v1/token?grant_type=refresh_token:0
[51774282ms] [ERROR] TypeError: Failed to fetch
    at http://localhost:3000/_next/static/chunks/node_modules_%40supabase_auth-js_dist_module_0.pzobh._.js:597:23
    at _handleRequest (http://localhost:3000/_next/static/chunks/node_modules_%40supabase_auth-js_dist_module_0.pzobh._.js:951:24)
    at _request (http://localhost:3000/_next/static/chunks/node_modules_%40supabase_auth-js_dist_module_0.pzobh._.js:938:24)
    at http://localhost:3000/_next/static/chunks/node_modules_%40supabase_auth-js_dist_module_0.pzobh._.js:7482:220
    at async http://localhost:3000/_next/static/chunks/node_modules_%40supabase_auth-js_dist_module_0.pzobh._.js:667:36 @ http://localhost:3000/_next/static/chunks/node_modules_next_dist_115brz8._.js:3272
[51781494ms] [ERROR] Failed to load resource: net::ERR_QUIC_PROTOCOL_ERROR @ https://wnitkyyodymmjedlttex.supabase.co/auth/v1/token?grant_type=refresh_token:0
[51781495ms] [ERROR] TypeError: Failed to fetch
    at http://localhost:3000/_next/static/chunks/node_modules_%40supabase_auth-js_dist_module_0.pzobh._.js:597:23
    at _handleRequest (http://localhost:3000/_next/static/chunks/node_modules_%40supabase_auth-js_dist_module_0.pzobh._.js:951:24)
    at _request (http://localhost:3000/_next/static/chunks/node_modules_%40supabase_auth-js_dist_module_0.pzobh._.js:938:24)
    at http://localhost:3000/_next/static/chunks/node_modules_%40supabase_auth-js_dist_module_0.pzobh._.js:7482:220
    at async http://localhost:3000/_next/static/chunks/node_modules_%40supabase_auth-js_dist_module_0.pzobh._.js:667:36 @ http://localhost:3000/_next/static/chunks/node_modules_next_dist_115brz8._.js:3272
[51785502ms] [ERROR] Failed to load resource: net::ERR_QUIC_PROTOCOL_ERROR @ https://wnitkyyodymmjedlttex.supabase.co/auth/v1/token?grant_type=refresh_token:0
[51785502ms] [ERROR] TypeError: Failed to fetch
    at http://localhost:3000/_next/static/chunks/node_modules_%40supabase_auth-js_dist_module_0.pzobh._.js:597:23
    at _handleRequest (http://localhost:3000/_next/static/chunks/node_modules_%40supabase_auth-js_dist_module_0.pzobh._.js:951:24)
    at _request (http://localhost:3000/_next/static/chunks/node_modules_%40supabase_auth-js_dist_module_0.pzobh._.js:938:24)
    at http://localhost:3000/_next/static/chunks/node_modules_%40supabase_auth-js_dist_module_0.pzobh._.js:7482:220
    at http://localhost:3000/_next/static/chunks/node_modules_%40supabase_auth-js_dist_module_0.pzobh._.js:667:42
    at http://localhost:3000/_next/static/chunks/node_modules_%40supabase_auth-js_dist_module_0.pzobh._.js:679:11
    at new Promise (<anonymous>)
    at retryable (http://localhost:3000/_next/static/chunks/node_modules_%40supabase_auth-js_dist_module_0.pzobh._.js:661:21)
    at SupabaseAuthClient._refreshAccessToken (http://localhost:3000/_next/static/chunks/node_modules_%40supabase_auth-js_dist_module_0.pzobh._.js:7477:219)
    at SupabaseAuthClient._callRefreshToken (http://localhost:3000/_next/static/chunks/node_modules_%40supabase_auth-js_dist_module_0.pzobh._.js:7633:48)
    at SupabaseAuthClient.__loadSession (http://localhost:3000/_next/static/chunks/node_modules_%40supabase_auth-js_dist_module_0.pzobh._.js:5996:57)
    at async SupabaseAuthClient._useSession (http://localhost:3000/_next/static/chunks/node_modules_%40supabase_auth-js_dist_module_0.pzobh._.js:5926:28)
    at async http://localhost:3000/_next/static/chunks/node_modules_%40supabase_auth-js_dist_module_0.pzobh._.js:7903:32
    at async http://localhost:3000/_next/static/chunks/node_modules_%40supabase_auth-js_dist_module_0.pzobh._.js:5875:28 @ http://localhost:3000/_next/static/chunks/node_modules_next_dist_115brz8._.js:3272
[51789719ms] [ERROR] Failed to load resource: net::ERR_QUIC_PROTOCOL_ERROR @ https://wnitkyyodymmjedlttex.supabase.co/auth/v1/token?grant_type=refresh_token:0
[51789719ms] [ERROR] TypeError: Failed to fetch
    at http://localhost:3000/_next/static/chunks/node_modules_%40supabase_auth-js_dist_module_0.pzobh._.js:597:23
    at _handleRequest (http://localhost:3000/_next/static/chunks/node_modules_%40supabase_auth-js_dist_module_0.pzobh._.js:951:24)
    at _request (http://localhost:3000/_next/static/chunks/node_modules_%40supabase_auth-js_dist_module_0.pzobh._.js:938:24)
    at http://localhost:3000/_next/static/chunks/node_modules_%40supabase_auth-js_dist_module_0.pzobh._.js:7482:220
    at async http://localhost:3000/_next/static/chunks/node_modules_%40supabase_auth-js_dist_module_0.pzobh._.js:667:36 @ http://localhost:3000/_next/static/chunks/node_modules_next_dist_115brz8._.js:3272
[51794134ms] [ERROR] Failed to load resource: net::ERR_QUIC_PROTOCOL_ERROR @ https://wnitkyyodymmjedlttex.supabase.co/auth/v1/token?grant_type=refresh_token:0
[51794134ms] [ERROR] TypeError: Failed to fetch
    at http://localhost:3000/_next/static/chunks/node_modules_%40supabase_auth-js_dist_module_0.pzobh._.js:597:23
    at _handleRequest (http://localhost:3000/_next/static/chunks/node_modules_%40supabase_auth-js_dist_module_0.pzobh._.js:951:24)
    at _request (http://localhost:3000/_next/static/chunks/node_modules_%40supabase_auth-js_dist_module_0.pzobh._.js:938:24)
    at http://localhost:3000/_next/static/chunks/node_modules_%40supabase_auth-js_dist_module_0.pzobh._.js:7482:220
    at async http://localhost:3000/_next/static/chunks/node_modules_%40supabase_auth-js_dist_module_0.pzobh._.js:667:36 @ http://localhost:3000/_next/static/chunks/node_modules_next_dist_115brz8._.js:3272
[51798950ms] [ERROR] Failed to load resource: net::ERR_QUIC_PROTOCOL_ERROR @ https://wnitkyyodymmjedlttex.supabase.co/auth/v1/token?grant_type=refresh_token:0
[51798950ms] [ERROR] TypeError: Failed to fetch
    at http://localhost:3000/_next/static/chunks/node_modules_%40supabase_auth-js_dist_module_0.pzobh._.js:597:23
    at _handleRequest (http://localhost:3000/_next/static/chunks/node_modules_%40supabase_auth-js_dist_module_0.pzobh._.js:951:24)
    at _request (http://localhost:3000/_next/static/chunks/node_modules_%40supabase_auth-js_dist_module_0.pzobh._.js:938:24)
    at http://localhost:3000/_next/static/chunks/node_modules_%40supabase_auth-js_dist_module_0.pzobh._.js:7482:220
    at async http://localhost:3000/_next/static/chunks/node_modules_%40supabase_auth-js_dist_module_0.pzobh._.js:667:36 @ http://localhost:3000/_next/static/chunks/node_modules_next_dist_115brz8._.js:3272
[51804568ms] [ERROR] Failed to load resource: net::ERR_QUIC_PROTOCOL_ERROR @ https://wnitkyyodymmjedlttex.supabase.co/auth/v1/token?grant_type=refresh_token:0
[51804568ms] [ERROR] TypeError: Failed to fetch
    at http://localhost:3000/_next/static/chunks/node_modules_%40supabase_auth-js_dist_module_0.pzobh._.js:597:23
    at _handleRequest (http://localhost:3000/_next/static/chunks/node_modules_%40supabase_auth-js_dist_module_0.pzobh._.js:951:24)
    at _request (http://localhost:3000/_next/static/chunks/node_modules_%40supabase_auth-js_dist_module_0.pzobh._.js:938:24)
    at http://localhost:3000/_next/static/chunks/node_modules_%40supabase_auth-js_dist_module_0.pzobh._.js:7482:220
    at async http://localhost:3000/_next/static/chunks/node_modules_%40supabase_auth-js_dist_module_0.pzobh._.js:667:36 @ http://localhost:3000/_next/static/chunks/node_modules_next_dist_115brz8._.js:3272
[51811795ms] [ERROR] Failed to load resource: net::ERR_QUIC_PROTOCOL_ERROR @ https://wnitkyyodymmjedlttex.supabase.co/auth/v1/token?grant_type=refresh_token:0
[51811796ms] [ERROR] TypeError: Failed to fetch
    at http://localhost:3000/_next/static/chunks/node_modules_%40supabase_auth-js_dist_module_0.pzobh._.js:597:23
    at _handleRequest (http://localhost:3000/_next/static/chunks/node_modules_%40supabase_auth-js_dist_module_0.pzobh._.js:951:24)
    at _request (http://localhost:3000/_next/static/chunks/node_modules_%40supabase_auth-js_dist_module_0.pzobh._.js:938:24)
    at http://localhost:3000/_next/static/chunks/node_modules_%40supabase_auth-js_dist_module_0.pzobh._.js:7482:220
    at async http://localhost:3000/_next/static/chunks/node_modules_%40supabase_auth-js_dist_module_0.pzobh._.js:667:36 @ http://localhost:3000/_next/static/chunks/node_modules_next_dist_115brz8._.js:3272
[51815799ms] [ERROR] Failed to load resource: net::ERR_QUIC_PROTOCOL_ERROR @ https://wnitkyyodymmjedlttex.supabase.co/auth/v1/token?grant_type=refresh_token:0
[51815799ms] [ERROR] TypeError: Failed to fetch
    at http://localhost:3000/_next/static/chunks/node_modules_%40supabase_auth-js_dist_module_0.pzobh._.js:597:23
    at _handleRequest (http://localhost:3000/_next/static/chunks/node_modules_%40supabase_auth-js_dist_module_0.pzobh._.js:951:24)
    at _request (http://localhost:3000/_next/static/chunks/node_modules_%40supabase_auth-js_dist_module_0.pzobh._.js:938:24)
    at http://localhost:3000/_next/static/chunks/node_modules_%40supabase_auth-js_dist_module_0.pzobh._.js:7482:220
    at http://localhost:3000/_next/static/chunks/node_modules_%40supabase_auth-js_dist_module_0.pzobh._.js:667:42
    at http://localhost:3000/_next/static/chunks/node_modules_%40supabase_auth-js_dist_module_0.pzobh._.js:679:11
    at new Promise (<anonymous>)
    at retryable (http://localhost:3000/_next/static/chunks/node_modules_%40supabase_auth-js_dist_module_0.pzobh._.js:661:21)
    at SupabaseAuthClient._refreshAccessToken (http://localhost:3000/_next/static/chunks/node_modules_%40supabase_auth-js_dist_module_0.pzobh._.js:7477:219)
    at SupabaseAuthClient._callRefreshToken (http://localhost:3000/_next/static/chunks/node_modules_%40supabase_auth-js_dist_module_0.pzobh._.js:7633:48)
    at SupabaseAuthClient.__loadSession (http://localhost:3000/_next/static/chunks/node_modules_%40supabase_auth-js_dist_module_0.pzobh._.js:5996:57)
    at async SupabaseAuthClient._useSession (http://localhost:3000/_next/static/chunks/node_modules_%40supabase_auth-js_dist_module_0.pzobh._.js:5926:28)
    at async http://localhost:3000/_next/static/chunks/node_modules_%40supabase_auth-js_dist_module_0.pzobh._.js:7903:32
    at async http://localhost:3000/_next/static/chunks/node_modules_%40supabase_auth-js_dist_module_0.pzobh._.js:5875:28 @ http://localhost:3000/_next/static/chunks/node_modules_next_dist_115brz8._.js:3272
[51820021ms] [ERROR] Failed to load resource: net::ERR_QUIC_PROTOCOL_ERROR @ https://wnitkyyodymmjedlttex.supabase.co/auth/v1/token?grant_type=refresh_token:0
[51820021ms] [ERROR] TypeError: Failed to fetch
    at http://localhost:3000/_next/static/chunks/node_modules_%40supabase_auth-js_dist_module_0.pzobh._.js:597:23
    at _handleRequest (http://localhost:3000/_next/static/chunks/node_modules_%40supabase_auth-js_dist_module_0.pzobh._.js:951:24)
    at _request (http://localhost:3000/_next/static/chunks/node_modules_%40supabase_auth-js_dist_module_0.pzobh._.js:938:24)
    at http://localhost:3000/_next/static/chunks/node_modules_%40supabase_auth-js_dist_module_0.pzobh._.js:7482:220
    at async http://localhost:3000/_next/static/chunks/node_modules_%40supabase_auth-js_dist_module_0.pzobh._.js:667:36 @ http://localhost:3000/_next/static/chunks/node_modules_next_dist_115brz8._.js:3272
[51824446ms] [ERROR] Failed to load resource: net::ERR_QUIC_PROTOCOL_ERROR @ https://wnitkyyodymmjedlttex.supabase.co/auth/v1/token?grant_type=refresh_token:0
[51824446ms] [ERROR] TypeError: Failed to fetch
    at http://localhost:3000/_next/static/chunks/node_modules_%40supabase_auth-js_dist_module_0.pzobh._.js:597:23
    at _handleRequest (http://localhost:3000/_next/static/chunks/node_modules_%40supabase_auth-js_dist_module_0.pzobh._.js:951:24)
    at _request (http://localhost:3000/_next/static/chunks/node_modules_%40supabase_auth-js_dist_module_0.pzobh._.js:938:24)
    at http://localhost:3000/_next/static/chunks/node_modules_%40supabase_auth-js_dist_module_0.pzobh._.js:7482:220
    at async http://localhost:3000/_next/static/chunks/node_modules_%40supabase_auth-js_dist_module_0.pzobh._.js:667:36 @ http://localhost:3000/_next/static/chunks/node_modules_next_dist_115brz8._.js:3272
[51829265ms] [ERROR] Failed to load resource: net::ERR_QUIC_PROTOCOL_ERROR @ https://wnitkyyodymmjedlttex.supabase.co/auth/v1/token?grant_type=refresh_token:0
[51829265ms] [ERROR] TypeError: Failed to fetch
    at http://localhost:3000/_next/static/chunks/node_modules_%40supabase_auth-js_dist_module_0.pzobh._.js:597:23
    at _handleRequest (http://localhost:3000/_next/static/chunks/node_modules_%40supabase_auth-js_dist_module_0.pzobh._.js:951:24)
    at _request (http://localhost:3000/_next/static/chunks/node_modules_%40supabase_auth-js_dist_module_0.pzobh._.js:938:24)
    at http://localhost:3000/_next/static/chunks/node_modules_%40supabase_auth-js_dist_module_0.pzobh._.js:7482:220
    at async http://localhost:3000/_next/static/chunks/node_modules_%40supabase_auth-js_dist_module_0.pzobh._.js:667:36 @ http://localhost:3000/_next/static/chunks/node_modules_next_dist_115brz8._.js:3272
[51834879ms] [ERROR] Failed to load resource: net::ERR_QUIC_PROTOCOL_ERROR @ https://wnitkyyodymmjedlttex.supabase.co/auth/v1/token?grant_type=refresh_token:0
[51834880ms] [ERROR] TypeError: Failed to fetch
    at http://localhost:3000/_next/static/chunks/node_modules_%40supabase_auth-js_dist_module_0.pzobh._.js:597:23
    at _handleRequest (http://localhost:3000/_next/static/chunks/node_modules_%40supabase_auth-js_dist_module_0.pzobh._.js:951:24)
    at _request (http://localhost:3000/_next/static/chunks/node_modules_%40supabase_auth-js_dist_module_0.pzobh._.js:938:24)
    at http://localhost:3000/_next/static/chunks/node_modules_%40supabase_auth-js_dist_module_0.pzobh._.js:7482:220
    at async http://localhost:3000/_next/static/chunks/node_modules_%40supabase_auth-js_dist_module_0.pzobh._.js:667:36 @ http://localhost:3000/_next/static/chunks/node_modules_next_dist_115brz8._.js:3272
[51842185ms] [ERROR] Failed to load resource: net::ERR_QUIC_PROTOCOL_ERROR @ https://wnitkyyodymmjedlttex.supabase.co/auth/v1/token?grant_type=refresh_token:0
[51842185ms] [ERROR] TypeError: Failed to fetch
    at http://localhost:3000/_next/static/chunks/node_modules_%40supabase_auth-js_dist_module_0.pzobh._.js:597:23
    at _handleRequest (http://localhost:3000/_next/static/chunks/node_modules_%40supabase_auth-js_dist_module_0.pzobh._.js:951:24)
    at _request (http://localhost:3000/_next/static/chunks/node_modules_%40supabase_auth-js_dist_module_0.pzobh._.js:938:24)
    at http://localhost:3000/_next/static/chunks/node_modules_%40supabase_auth-js_dist_module_0.pzobh._.js:7482:220
    at async http://localhost:3000/_next/static/chunks/node_modules_%40supabase_auth-js_dist_module_0.pzobh._.js:667:36 @ http://localhost:3000/_next/static/chunks/node_modules_next_dist_115brz8._.js:3272
[51846201ms] [ERROR] Failed to load resource: net::ERR_QUIC_PROTOCOL_ERROR @ https://wnitkyyodymmjedlttex.supabase.co/auth/v1/token?grant_type=refresh_token:0
[51846201ms] [ERROR] TypeError: Failed to fetch
    at http://localhost:3000/_next/static/chunks/node_modules_%40supabase_auth-js_dist_module_0.pzobh._.js:597:23
    at _handleRequest (http://localhost:3000/_next/static/chunks/node_modules_%40supabase_auth-js_dist_module_0.pzobh._.js:951:24)
    at _request (http://localhost:3000/_next/static/chunks/node_modules_%40supabase_auth-js_dist_module_0.pzobh._.js:938:24)
    at http://localhost:3000/_next/static/chunks/node_modules_%40supabase_auth-js_dist_module_0.pzobh._.js:7482:220
    at http://localhost:3000/_next/static/chunks/node_modules_%40supabase_auth-js_dist_module_0.pzobh._.js:667:42
    at http://localhost:3000/_next/static/chunks/node_modules_%40supabase_auth-js_dist_module_0.pzobh._.js:679:11
    at new Promise (<anonymous>)
    at retryable (http://localhost:3000/_next/static/chunks/node_modules_%40supabase_auth-js_dist_module_0.pzobh._.js:661:21)
    at SupabaseAuthClient._refreshAccessToken (http://localhost:3000/_next/static/chunks/node_modules_%40supabase_auth-js_dist_module_0.pzobh._.js:7477:219)
    at SupabaseAuthClient._callRefreshToken (http://localhost:3000/_next/static/chunks/node_modules_%40supabase_auth-js_dist_module_0.pzobh._.js:7633:48)
    at SupabaseAuthClient.__loadSession (http://localhost:3000/_next/static/chunks/node_modules_%40supabase_auth-js_dist_module_0.pzobh._.js:5996:57)
    at async SupabaseAuthClient._useSession (http://localhost:3000/_next/static/chunks/node_modules_%40supabase_auth-js_dist_module_0.pzobh._.js:5926:28)
    at async http://localhost:3000/_next/static/chunks/node_modules_%40supabase_auth-js_dist_module_0.pzobh._.js:7903:32
    at async http://localhost:3000/_next/static/chunks/node_modules_%40supabase_auth-js_dist_module_0.pzobh._.js:5875:28 @ http://localhost:3000/_next/static/chunks/node_modules_next_dist_115brz8._.js:3272
[51850413ms] [ERROR] Failed to load resource: net::ERR_QUIC_PROTOCOL_ERROR @ https://wnitkyyodymmjedlttex.supabase.co/auth/v1/token?grant_type=refresh_token:0
[51850413ms] [ERROR] TypeError: Failed to fetch
    at http://localhost:3000/_next/static/chunks/node_modules_%40supabase_auth-js_dist_module_0.pzobh._.js:597:23
    at _handleRequest (http://localhost:3000/_next/static/chunks/node_modules_%40supabase_auth-js_dist_module_0.pzobh._.js:951:24)
    at _request (http://localhost:3000/_next/static/chunks/node_modules_%40supabase_auth-js_dist_module_0.pzobh._.js:938:24)
    at http://localhost:3000/_next/static/chunks/node_modules_%40supabase_auth-js_dist_module_0.pzobh._.js:7482:220
    at async http://localhost:3000/_next/static/chunks/node_modules_%40supabase_auth-js_dist_module_0.pzobh._.js:667:36 @ http://localhost:3000/_next/static/chunks/node_modules_next_dist_115brz8._.js:3272
[51854833ms] [ERROR] Failed to load resource: net::ERR_QUIC_PROTOCOL_ERROR @ https://wnitkyyodymmjedlttex.supabase.co/auth/v1/token?grant_type=refresh_token:0
[51854833ms] [ERROR] TypeError: Failed to fetch
    at http://localhost:3000/_next/static/chunks/node_modules_%40supabase_auth-js_dist_module_0.pzobh._.js:597:23
    at _handleRequest (http://localhost:3000/_next/static/chunks/node_modules_%40supabase_auth-js_dist_module_0.pzobh._.js:951:24)
    at _request (http://localhost:3000/_next/static/chunks/node_modules_%40supabase_auth-js_dist_module_0.pzobh._.js:938:24)
    at http://localhost:3000/_next/static/chunks/node_modules_%40supabase_auth-js_dist_module_0.pzobh._.js:7482:220
    at async http://localhost:3000/_next/static/chunks/node_modules_%40supabase_auth-js_dist_module_0.pzobh._.js:667:36 @ http://localhost:3000/_next/static/chunks/node_modules_next_dist_115brz8._.js:3272
[51859654ms] [ERROR] Failed to load resource: net::ERR_QUIC_PROTOCOL_ERROR @ https://wnitkyyodymmjedlttex.supabase.co/auth/v1/token?grant_type=refresh_token:0
[51859654ms] [ERROR] TypeError: Failed to fetch
    at http://localhost:3000/_next/static/chunks/node_modules_%40supabase_auth-js_dist_module_0.pzobh._.js:597:23
    at _handleRequest (http://localhost:3000/_next/static/chunks/node_modules_%40supabase_auth-js_dist_module_0.pzobh._.js:951:24)
    at _request (http://localhost:3000/_next/static/chunks/node_modules_%40supabase_auth-js_dist_module_0.pzobh._.js:938:24)
    at http://localhost:3000/_next/static/chunks/node_modules_%40supabase_auth-js_dist_module_0.pzobh._.js:7482:220
    at async http://localhost:3000/_next/static/chunks/node_modules_%40supabase_auth-js_dist_module_0.pzobh._.js:667:36 @ http://localhost:3000/_next/static/chunks/node_modules_next_dist_115brz8._.js:3272
[51865277ms] [ERROR] Failed to load resource: net::ERR_QUIC_PROTOCOL_ERROR @ https://wnitkyyodymmjedlttex.supabase.co/auth/v1/token?grant_type=refresh_token:0
[51865277ms] [ERROR] TypeError: Failed to fetch
    at http://localhost:3000/_next/static/chunks/node_modules_%40supabase_auth-js_dist_module_0.pzobh._.js:597:23
    at _handleRequest (http://localhost:3000/_next/static/chunks/node_modules_%40supabase_auth-js_dist_module_0.pzobh._.js:951:24)
    at _request (http://localhost:3000/_next/static/chunks/node_modules_%40supabase_auth-js_dist_module_0.pzobh._.js:938:24)
    at http://localhost:3000/_next/static/chunks/node_modules_%40supabase_auth-js_dist_module_0.pzobh._.js:7482:220
    at async http://localhost:3000/_next/static/chunks/node_modules_%40supabase_auth-js_dist_module_0.pzobh._.js:667:36 @ http://localhost:3000/_next/static/chunks/node_modules_next_dist_115brz8._.js:3272
[51872488ms] [ERROR] Failed to load resource: net::ERR_QUIC_PROTOCOL_ERROR @ https://wnitkyyodymmjedlttex.supabase.co/auth/v1/token?grant_type=refresh_token:0
[51872488ms] [ERROR] TypeError: Failed to fetch
    at http://localhost:3000/_next/static/chunks/node_modules_%40supabase_auth-js_dist_module_0.pzobh._.js:597:23
    at _handleRequest (http://localhost:3000/_next/static/chunks/node_modules_%40supabase_auth-js_dist_module_0.pzobh._.js:951:24)
    at _request (http://localhost:3000/_next/static/chunks/node_modules_%40supabase_auth-js_dist_module_0.pzobh._.js:938:24)
    at http://localhost:3000/_next/static/chunks/node_modules_%40supabase_auth-js_dist_module_0.pzobh._.js:7482:220
    at async http://localhost:3000/_next/static/chunks/node_modules_%40supabase_auth-js_dist_module_0.pzobh._.js:667:36 @ http://localhost:3000/_next/static/chunks/node_modules_next_dist_115brz8._.js:3272
[51876496ms] [ERROR] Failed to load resource: net::ERR_QUIC_PROTOCOL_ERROR @ https://wnitkyyodymmjedlttex.supabase.co/auth/v1/token?grant_type=refresh_token:0
[51876496ms] [ERROR] TypeError: Failed to fetch
    at http://localhost:3000/_next/static/chunks/node_modules_%40supabase_auth-js_dist_module_0.pzobh._.js:597:23
    at _handleRequest (http://localhost:3000/_next/static/chunks/node_modules_%40supabase_auth-js_dist_module_0.pzobh._.js:951:24)
    at _request (http://localhost:3000/_next/static/chunks/node_modules_%40supabase_auth-js_dist_module_0.pzobh._.js:938:24)
    at http://localhost:3000/_next/static/chunks/node_modules_%40supabase_auth-js_dist_module_0.pzobh._.js:7482:220
    at http://localhost:3000/_next/static/chunks/node_modules_%40supabase_auth-js_dist_module_0.pzobh._.js:667:42
    at http://localhost:3000/_next/static/chunks/node_modules_%40supabase_auth-js_dist_module_0.pzobh._.js:679:11
    at new Promise (<anonymous>)
    at retryable (http://localhost:3000/_next/static/chunks/node_modules_%40supabase_auth-js_dist_module_0.pzobh._.js:661:21)
    at SupabaseAuthClient._refreshAccessToken (http://localhost:3000/_next/static/chunks/node_modules_%40supabase_auth-js_dist_module_0.pzobh._.js:7477:219)
    at SupabaseAuthClient._callRefreshToken (http://localhost:3000/_next/static/chunks/node_modules_%40supabase_auth-js_dist_module_0.pzobh._.js:7633:48)
    at SupabaseAuthClient.__loadSession (http://localhost:3000/_next/static/chunks/node_modules_%40supabase_auth-js_dist_module_0.pzobh._.js:5996:57)
    at async SupabaseAuthClient._useSession (http://localhost:3000/_next/static/chunks/node_modules_%40supabase_auth-js_dist_module_0.pzobh._.js:5926:28)
    at async http://localhost:3000/_next/static/chunks/node_modules_%40supabase_auth-js_dist_module_0.pzobh._.js:7903:32
    at async http://localhost:3000/_next/static/chunks/node_modules_%40supabase_auth-js_dist_module_0.pzobh._.js:5875:28 @ http://localhost:3000/_next/static/chunks/node_modules_next_dist_115brz8._.js:3272
[51880710ms] [ERROR] Failed to load resource: net::ERR_QUIC_PROTOCOL_ERROR @ https://wnitkyyodymmjedlttex.supabase.co/auth/v1/token?grant_type=refresh_token:0
[51880710ms] [ERROR] TypeError: Failed to fetch
    at http://localhost:3000/_next/static/chunks/node_modules_%40supabase_auth-js_dist_module_0.pzobh._.js:597:23
    at _handleRequest (http://localhost:3000/_next/static/chunks/node_modules_%40supabase_auth-js_dist_module_0.pzobh._.js:951:24)
    at _request (http://localhost:3000/_next/static/chunks/node_modules_%40supabase_auth-js_dist_module_0.pzobh._.js:938:24)
    at http://localhost:3000/_next/static/chunks/node_modules_%40supabase_auth-js_dist_module_0.pzobh._.js:7482:220
    at async http://localhost:3000/_next/static/chunks/node_modules_%40supabase_auth-js_dist_module_0.pzobh._.js:667:36 @ http://localhost:3000/_next/static/chunks/node_modules_next_dist_115brz8._.js:3272
[51885131ms] [ERROR] Failed to load resource: net::ERR_QUIC_PROTOCOL_ERROR @ https://wnitkyyodymmjedlttex.supabase.co/auth/v1/token?grant_type=refresh_token:0
[51885131ms] [ERROR] TypeError: Failed to fetch
    at http://localhost:3000/_next/static/chunks/node_modules_%40supabase_auth-js_dist_module_0.pzobh._.js:597:23
    at _handleRequest (http://localhost:3000/_next/static/chunks/node_modules_%40supabase_auth-js_dist_module_0.pzobh._.js:951:24)
    at _request (http://localhost:3000/_next/static/chunks/node_modules_%40supabase_auth-js_dist_module_0.pzobh._.js:938:24)
    at http://localhost:3000/_next/static/chunks/node_modules_%40supabase_auth-js_dist_module_0.pzobh._.js:7482:220
    at async http://localhost:3000/_next/static/chunks/node_modules_%40supabase_auth-js_dist_module_0.pzobh._.js:667:36 @ http://localhost:3000/_next/static/chunks/node_modules_next_dist_115brz8._.js:3272
[51889950ms] [ERROR] Failed to load resource: net::ERR_QUIC_PROTOCOL_ERROR @ https://wnitkyyodymmjedlttex.supabase.co/auth/v1/token?grant_type=refresh_token:0
[51889950ms] [ERROR] TypeError: Failed to fetch
    at http://localhost:3000/_next/static/chunks/node_modules_%40supabase_auth-js_dist_module_0.pzobh._.js:597:23
    at _handleRequest (http://localhost:3000/_next/static/chunks/node_modules_%40supabase_auth-js_dist_module_0.pzobh._.js:951:24)
    at _request (http://localhost:3000/_next/static/chunks/node_modules_%40supabase_auth-js_dist_module_0.pzobh._.js:938:24)
    at http://localhost:3000/_next/static/chunks/node_modules_%40supabase_auth-js_dist_module_0.pzobh._.js:7482:220
    at async http://localhost:3000/_next/static/chunks/node_modules_%40supabase_auth-js_dist_module_0.pzobh._.js:667:36 @ http://localhost:3000/_next/static/chunks/node_modules_next_dist_115brz8._.js:3272
[51895565ms] [ERROR] Failed to load resource: net::ERR_QUIC_PROTOCOL_ERROR @ https://wnitkyyodymmjedlttex.supabase.co/auth/v1/token?grant_type=refresh_token:0
[51895565ms] [ERROR] TypeError: Failed to fetch
    at http://localhost:3000/_next/static/chunks/node_modules_%40supabase_auth-js_dist_module_0.pzobh._.js:597:23
    at _handleRequest (http://localhost:3000/_next/static/chunks/node_modules_%40supabase_auth-js_dist_module_0.pzobh._.js:951:24)
    at _request (http://localhost:3000/_next/static/chunks/node_modules_%40supabase_auth-js_dist_module_0.pzobh._.js:938:24)
    at http://localhost:3000/_next/static/chunks/node_modules_%40supabase_auth-js_dist_module_0.pzobh._.js:7482:220
    at async http://localhost:3000/_next/static/chunks/node_modules_%40supabase_auth-js_dist_module_0.pzobh._.js:667:36 @ http://localhost:3000/_next/static/chunks/node_modules_next_dist_115brz8._.js:3272
[51902781ms] [ERROR] Failed to load resource: net::ERR_QUIC_PROTOCOL_ERROR @ https://wnitkyyodymmjedlttex.supabase.co/auth/v1/token?grant_type=refresh_token:0
[51902781ms] [ERROR] TypeError: Failed to fetch
    at http://localhost:3000/_next/static/chunks/node_modules_%40supabase_auth-js_dist_module_0.pzobh._.js:597:23
    at _handleRequest (http://localhost:3000/_next/static/chunks/node_modules_%40supabase_auth-js_dist_module_0.pzobh._.js:951:24)
    at _request (http://localhost:3000/_next/static/chunks/node_modules_%40supabase_auth-js_dist_module_0.pzobh._.js:938:24)
    at http://localhost:3000/_next/static/chunks/node_modules_%40supabase_auth-js_dist_module_0.pzobh._.js:7482:220
    at async http://localhost:3000/_next/static/chunks/node_modules_%40supabase_auth-js_dist_module_0.pzobh._.js:667:36 @ http://localhost:3000/_next/static/chunks/node_modules_next_dist_115brz8._.js:3272
[51906791ms] [ERROR] Failed to load resource: net::ERR_QUIC_PROTOCOL_ERROR @ https://wnitkyyodymmjedlttex.supabase.co/auth/v1/token?grant_type=refresh_token:0
[51906791ms] [ERROR] TypeError: Failed to fetch
    at http://localhost:3000/_next/static/chunks/node_modules_%40supabase_auth-js_dist_module_0.pzobh._.js:597:23
    at _handleRequest (http://localhost:3000/_next/static/chunks/node_modules_%40supabase_auth-js_dist_module_0.pzobh._.js:951:24)
    at _request (http://localhost:3000/_next/static/chunks/node_modules_%40supabase_auth-js_dist_module_0.pzobh._.js:938:24)
    at http://localhost:3000/_next/static/chunks/node_modules_%40supabase_auth-js_dist_module_0.pzobh._.js:7482:220
    at http://localhost:3000/_next/static/chunks/node_modules_%40supabase_auth-js_dist_module_0.pzobh._.js:667:42
    at http://localhost:3000/_next/static/chunks/node_modules_%40supabase_auth-js_dist_module_0.pzobh._.js:679:11
    at new Promise (<anonymous>)
    at retryable (http://localhost:3000/_next/static/chunks/node_modules_%40supabase_auth-js_dist_module_0.pzobh._.js:661:21)
    at SupabaseAuthClient._refreshAccessToken (http://localhost:3000/_next/static/chunks/node_modules_%40supabase_auth-js_dist_module_0.pzobh._.js:7477:219)
    at SupabaseAuthClient._callRefreshToken (http://localhost:3000/_next/static/chunks/node_modules_%40supabase_auth-js_dist_module_0.pzobh._.js:7633:48)
    at SupabaseAuthClient.__loadSession (http://localhost:3000/_next/static/chunks/node_modules_%40supabase_auth-js_dist_module_0.pzobh._.js:5996:57)
    at async SupabaseAuthClient._useSession (http://localhost:3000/_next/static/chunks/node_modules_%40supabase_auth-js_dist_module_0.pzobh._.js:5926:28)
    at async http://localhost:3000/_next/static/chunks/node_modules_%40supabase_auth-js_dist_module_0.pzobh._.js:7903:32
    at async http://localhost:3000/_next/static/chunks/node_modules_%40supabase_auth-js_dist_module_0.pzobh._.js:5875:28 @ http://localhost:3000/_next/static/chunks/node_modules_next_dist_115brz8._.js:3272
[51911009ms] [ERROR] Failed to load resource: net::ERR_QUIC_PROTOCOL_ERROR @ https://wnitkyyodymmjedlttex.supabase.co/auth/v1/token?grant_type=refresh_token:0
[51911009ms] [ERROR] TypeError: Failed to fetch
    at http://localhost:3000/_next/static/chunks/node_modules_%40supabase_auth-js_dist_module_0.pzobh._.js:597:23
    at _handleRequest (http://localhost:3000/_next/static/chunks/node_modules_%40supabase_auth-js_dist_module_0.pzobh._.js:951:24)
    at _request (http://localhost:3000/_next/static/chunks/node_modules_%40supabase_auth-js_dist_module_0.pzobh._.js:938:24)
    at http://localhost:3000/_next/static/chunks/node_modules_%40supabase_auth-js_dist_module_0.pzobh._.js:7482:220
    at async http://localhost:3000/_next/static/chunks/node_modules_%40supabase_auth-js_dist_module_0.pzobh._.js:667:36 @ http://localhost:3000/_next/static/chunks/node_modules_next_dist_115brz8._.js:3272
[51915433ms] [ERROR] Failed to load resource: net::ERR_QUIC_PROTOCOL_ERROR @ https://wnitkyyodymmjedlttex.supabase.co/auth/v1/token?grant_type=refresh_token:0
[51915433ms] [ERROR] TypeError: Failed to fetch
    at http://localhost:3000/_next/static/chunks/node_modules_%40supabase_auth-js_dist_module_0.pzobh._.js:597:23
    at _handleRequest (http://localhost:3000/_next/static/chunks/node_modules_%40supabase_auth-js_dist_module_0.pzobh._.js:951:24)
    at _request (http://localhost:3000/_next/static/chunks/node_modules_%40supabase_auth-js_dist_module_0.pzobh._.js:938:24)
    at http://localhost:3000/_next/static/chunks/node_modules_%40supabase_auth-js_dist_module_0.pzobh._.js:7482:220
    at async http://localhost:3000/_next/static/chunks/node_modules_%40supabase_auth-js_dist_module_0.pzobh._.js:667:36 @ http://localhost:3000/_next/static/chunks/node_modules_next_dist_115brz8._.js:3272
[51920244ms] [ERROR] Failed to load resource: net::ERR_QUIC_PROTOCOL_ERROR @ https://wnitkyyodymmjedlttex.supabase.co/auth/v1/token?grant_type=refresh_token:0
[51920244ms] [ERROR] TypeError: Failed to fetch
    at http://localhost:3000/_next/static/chunks/node_modules_%40supabase_auth-js_dist_module_0.pzobh._.js:597:23
    at _handleRequest (http://localhost:3000/_next/static/chunks/node_modules_%40supabase_auth-js_dist_module_0.pzobh._.js:951:24)
    at _request (http://localhost:3000/_next/static/chunks/node_modules_%40supabase_auth-js_dist_module_0.pzobh._.js:938:24)
    at http://localhost:3000/_next/static/chunks/node_modules_%40supabase_auth-js_dist_module_0.pzobh._.js:7482:220
    at async http://localhost:3000/_next/static/chunks/node_modules_%40supabase_auth-js_dist_module_0.pzobh._.js:667:36 @ http://localhost:3000/_next/static/chunks/node_modules_next_dist_115brz8._.js:3272
[51925869ms] [ERROR] Failed to load resource: net::ERR_QUIC_PROTOCOL_ERROR @ https://wnitkyyodymmjedlttex.supabase.co/auth/v1/token?grant_type=refresh_token:0
[51925869ms] [ERROR] TypeError: Failed to fetch
    at http://localhost:3000/_next/static/chunks/node_modules_%40supabase_auth-js_dist_module_0.pzobh._.js:597:23
    at _handleRequest (http://localhost:3000/_next/static/chunks/node_modules_%40supabase_auth-js_dist_module_0.pzobh._.js:951:24)
    at _request (http://localhost:3000/_next/static/chunks/node_modules_%40supabase_auth-js_dist_module_0.pzobh._.js:938:24)
    at http://localhost:3000/_next/static/chunks/node_modules_%40supabase_auth-js_dist_module_0.pzobh._.js:7482:220
    at async http://localhost:3000/_next/static/chunks/node_modules_%40supabase_auth-js_dist_module_0.pzobh._.js:667:36 @ http://localhost:3000/_next/static/chunks/node_modules_next_dist_115brz8._.js:3272
[51933083ms] [ERROR] Failed to load resource: net::ERR_QUIC_PROTOCOL_ERROR @ https://wnitkyyodymmjedlttex.supabase.co/auth/v1/token?grant_type=refresh_token:0
[51933083ms] [ERROR] TypeError: Failed to fetch
    at http://localhost:3000/_next/static/chunks/node_modules_%40supabase_auth-js_dist_module_0.pzobh._.js:597:23
    at _handleRequest (http://localhost:3000/_next/static/chunks/node_modules_%40supabase_auth-js_dist_module_0.pzobh._.js:951:24)
    at _request (http://localhost:3000/_next/static/chunks/node_modules_%40supabase_auth-js_dist_module_0.pzobh._.js:938:24)
    at http://localhost:3000/_next/static/chunks/node_modules_%40supabase_auth-js_dist_module_0.pzobh._.js:7482:220
    at async http://localhost:3000/_next/static/chunks/node_modules_%40supabase_auth-js_dist_module_0.pzobh._.js:667:36 @ http://localhost:3000/_next/static/chunks/node_modules_next_dist_115brz8._.js:3272
[51937101ms] [ERROR] Failed to load resource: net::ERR_QUIC_PROTOCOL_ERROR @ https://wnitkyyodymmjedlttex.supabase.co/auth/v1/token?grant_type=refresh_token:0
[51937102ms] [ERROR] TypeError: Failed to fetch
    at http://localhost:3000/_next/static/chunks/node_modules_%40supabase_auth-js_dist_module_0.pzobh._.js:597:23
    at _handleRequest (http://localhost:3000/_next/static/chunks/node_modules_%40supabase_auth-js_dist_module_0.pzobh._.js:951:24)
    at _request (http://localhost:3000/_next/static/chunks/node_modules_%40supabase_auth-js_dist_module_0.pzobh._.js:938:24)
    at http://localhost:3000/_next/static/chunks/node_modules_%40supabase_auth-js_dist_module_0.pzobh._.js:7482:220
    at http://localhost:3000/_next/static/chunks/node_modules_%40supabase_auth-js_dist_module_0.pzobh._.js:667:42
    at http://localhost:3000/_next/static/chunks/node_modules_%40supabase_auth-js_dist_module_0.pzobh._.js:679:11
    at new Promise (<anonymous>)
    at retryable (http://localhost:3000/_next/static/chunks/node_modules_%40supabase_auth-js_dist_module_0.pzobh._.js:661:21)
    at SupabaseAuthClient._refreshAccessToken (http://localhost:3000/_next/static/chunks/node_modules_%40supabase_auth-js_dist_module_0.pzobh._.js:7477:219)
    at SupabaseAuthClient._callRefreshToken (http://localhost:3000/_next/static/chunks/node_modules_%40supabase_auth-js_dist_module_0.pzobh._.js:7633:48)
    at SupabaseAuthClient.__loadSession (http://localhost:3000/_next/static/chunks/node_modules_%40supabase_auth-js_dist_module_0.pzobh._.js:5996:57)
    at async SupabaseAuthClient._useSession (http://localhost:3000/_next/static/chunks/node_modules_%40supabase_auth-js_dist_module_0.pzobh._.js:5926:28)
    at async http://localhost:3000/_next/static/chunks/node_modules_%40supabase_auth-js_dist_module_0.pzobh._.js:7903:32
    at async http://localhost:3000/_next/static/chunks/node_modules_%40supabase_auth-js_dist_module_0.pzobh._.js:5875:28 @ http://localhost:3000/_next/static/chunks/node_modules_next_dist_115brz8._.js:3272
[51941334ms] [ERROR] Failed to load resource: net::ERR_QUIC_PROTOCOL_ERROR @ https://wnitkyyodymmjedlttex.supabase.co/auth/v1/token?grant_type=refresh_token:0
[51941334ms] [ERROR] TypeError: Failed to fetch
    at http://localhost:3000/_next/static/chunks/node_modules_%40supabase_auth-js_dist_module_0.pzobh._.js:597:23
    at _handleRequest (http://localhost:3000/_next/static/chunks/node_modules_%40supabase_auth-js_dist_module_0.pzobh._.js:951:24)
    at _request (http://localhost:3000/_next/static/chunks/node_modules_%40supabase_auth-js_dist_module_0.pzobh._.js:938:24)
    at http://localhost:3000/_next/static/chunks/node_modules_%40supabase_auth-js_dist_module_0.pzobh._.js:7482:220
    at async http://localhost:3000/_next/static/chunks/node_modules_%40supabase_auth-js_dist_module_0.pzobh._.js:667:36 @ http://localhost:3000/_next/static/chunks/node_modules_next_dist_115brz8._.js:3272
[51945750ms] [ERROR] Failed to load resource: net::ERR_QUIC_PROTOCOL_ERROR @ https://wnitkyyodymmjedlttex.supabase.co/auth/v1/token?grant_type=refresh_token:0
[51945750ms] [ERROR] TypeError: Failed to fetch
    at http://localhost:3000/_next/static/chunks/node_modules_%40supabase_auth-js_dist_module_0.pzobh._.js:597:23
    at _handleRequest (http://localhost:3000/_next/static/chunks/node_modules_%40supabase_auth-js_dist_module_0.pzobh._.js:951:24)
    at _request (http://localhost:3000/_next/static/chunks/node_modules_%40supabase_auth-js_dist_module_0.pzobh._.js:938:24)
    at http://localhost:3000/_next/static/chunks/node_modules_%40supabase_auth-js_dist_module_0.pzobh._.js:7482:220
    at async http://localhost:3000/_next/static/chunks/node_modules_%40supabase_auth-js_dist_module_0.pzobh._.js:667:36 @ http://localhost:3000/_next/static/chunks/node_modules_next_dist_115brz8._.js:3272
[51950571ms] [ERROR] Failed to load resource: net::ERR_QUIC_PROTOCOL_ERROR @ https://wnitkyyodymmjedlttex.supabase.co/auth/v1/token?grant_type=refresh_token:0
[51950571ms] [ERROR] TypeError: Failed to fetch
    at http://localhost:3000/_next/static/chunks/node_modules_%40supabase_auth-js_dist_module_0.pzobh._.js:597:23
    at _handleRequest (http://localhost:3000/_next/static/chunks/node_modules_%40supabase_auth-js_dist_module_0.pzobh._.js:951:24)
    at _request (http://localhost:3000/_next/static/chunks/node_modules_%40supabase_auth-js_dist_module_0.pzobh._.js:938:24)
    at http://localhost:3000/_next/static/chunks/node_modules_%40supabase_auth-js_dist_module_0.pzobh._.js:7482:220
    at async http://localhost:3000/_next/static/chunks/node_modules_%40supabase_auth-js_dist_module_0.pzobh._.js:667:36 @ http://localhost:3000/_next/static/chunks/node_modules_next_dist_115brz8._.js:3272
[51956193ms] [ERROR] Failed to load resource: net::ERR_QUIC_PROTOCOL_ERROR @ https://wnitkyyodymmjedlttex.supabase.co/auth/v1/token?grant_type=refresh_token:0
[51956193ms] [ERROR] TypeError: Failed to fetch
    at http://localhost:3000/_next/static/chunks/node_modules_%40supabase_auth-js_dist_module_0.pzobh._.js:597:23
    at _handleRequest (http://localhost:3000/_next/static/chunks/node_modules_%40supabase_auth-js_dist_module_0.pzobh._.js:951:24)
    at _request (http://localhost:3000/_next/static/chunks/node_modules_%40supabase_auth-js_dist_module_0.pzobh._.js:938:24)
    at http://localhost:3000/_next/static/chunks/node_modules_%40supabase_auth-js_dist_module_0.pzobh._.js:7482:220
    at async http://localhost:3000/_next/static/chunks/node_modules_%40supabase_auth-js_dist_module_0.pzobh._.js:667:36 @ http://localhost:3000/_next/static/chunks/node_modules_next_dist_115brz8._.js:3272
[51963408ms] [ERROR] Failed to load resource: net::ERR_QUIC_PROTOCOL_ERROR @ https://wnitkyyodymmjedlttex.supabase.co/auth/v1/token?grant_type=refresh_token:0
[51963408ms] [ERROR] TypeError: Failed to fetch
    at http://localhost:3000/_next/static/chunks/node_modules_%40supabase_auth-js_dist_module_0.pzobh._.js:597:23
    at _handleRequest (http://localhost:3000/_next/static/chunks/node_modules_%40supabase_auth-js_dist_module_0.pzobh._.js:951:24)
    at _request (http://localhost:3000/_next/static/chunks/node_modules_%40supabase_auth-js_dist_module_0.pzobh._.js:938:24)
    at http://localhost:3000/_next/static/chunks/node_modules_%40supabase_auth-js_dist_module_0.pzobh._.js:7482:220
    at async http://localhost:3000/_next/static/chunks/node_modules_%40supabase_auth-js_dist_module_0.pzobh._.js:667:36 @ http://localhost:3000/_next/static/chunks/node_modules_next_dist_115brz8._.js:3272
[51967425ms] [ERROR] Failed to load resource: net::ERR_QUIC_PROTOCOL_ERROR @ https://wnitkyyodymmjedlttex.supabase.co/auth/v1/token?grant_type=refresh_token:0
[51967426ms] [ERROR] TypeError: Failed to fetch
    at http://localhost:3000/_next/static/chunks/node_modules_%40supabase_auth-js_dist_module_0.pzobh._.js:597:23
    at _handleRequest (http://localhost:3000/_next/static/chunks/node_modules_%40supabase_auth-js_dist_module_0.pzobh._.js:951:24)
    at _request (http://localhost:3000/_next/static/chunks/node_modules_%40supabase_auth-js_dist_module_0.pzobh._.js:938:24)
    at http://localhost:3000/_next/static/chunks/node_modules_%40supabase_auth-js_dist_module_0.pzobh._.js:7482:220
    at http://localhost:3000/_next/static/chunks/node_modules_%40supabase_auth-js_dist_module_0.pzobh._.js:667:42
    at http://localhost:3000/_next/static/chunks/node_modules_%40supabase_auth-js_dist_module_0.pzobh._.js:679:11
    at new Promise (<anonymous>)
    at retryable (http://localhost:3000/_next/static/chunks/node_modules_%40supabase_auth-js_dist_module_0.pzobh._.js:661:21)
    at SupabaseAuthClient._refreshAccessToken (http://localhost:3000/_next/static/chunks/node_modules_%40supabase_auth-js_dist_module_0.pzobh._.js:7477:219)
    at SupabaseAuthClient._callRefreshToken (http://localhost:3000/_next/static/chunks/node_modules_%40supabase_auth-js_dist_module_0.pzobh._.js:7633:48)
    at SupabaseAuthClient.__loadSession (http://localhost:3000/_next/static/chunks/node_modules_%40supabase_auth-js_dist_module_0.pzobh._.js:5996:57)
    at async SupabaseAuthClient._useSession (http://localhost:3000/_next/static/chunks/node_modules_%40supabase_auth-js_dist_module_0.pzobh._.js:5926:28)
    at async http://localhost:3000/_next/static/chunks/node_modules_%40supabase_auth-js_dist_module_0.pzobh._.js:7903:32
    at async http://localhost:3000/_next/static/chunks/node_modules_%40supabase_auth-js_dist_module_0.pzobh._.js:5875:28 @ http://localhost:3000/_next/static/chunks/node_modules_next_dist_115brz8._.js:3272
[51971641ms] [ERROR] Failed to load resource: net::ERR_QUIC_PROTOCOL_ERROR @ https://wnitkyyodymmjedlttex.supabase.co/auth/v1/token?grant_type=refresh_token:0
[51971641ms] [ERROR] TypeError: Failed to fetch
    at http://localhost:3000/_next/static/chunks/node_modules_%40supabase_auth-js_dist_module_0.pzobh._.js:597:23
    at _handleRequest (http://localhost:3000/_next/static/chunks/node_modules_%40supabase_auth-js_dist_module_0.pzobh._.js:951:24)
    at _request (http://localhost:3000/_next/static/chunks/node_modules_%40supabase_auth-js_dist_module_0.pzobh._.js:938:24)
    at http://localhost:3000/_next/static/chunks/node_modules_%40supabase_auth-js_dist_module_0.pzobh._.js:7482:220
    at async http://localhost:3000/_next/static/chunks/node_modules_%40supabase_auth-js_dist_module_0.pzobh._.js:667:36 @ http://localhost:3000/_next/static/chunks/node_modules_next_dist_115brz8._.js:3272
[51976061ms] [ERROR] Failed to load resource: net::ERR_QUIC_PROTOCOL_ERROR @ https://wnitkyyodymmjedlttex.supabase.co/auth/v1/token?grant_type=refresh_token:0
[51976061ms] [ERROR] TypeError: Failed to fetch
    at http://localhost:3000/_next/static/chunks/node_modules_%40supabase_auth-js_dist_module_0.pzobh._.js:597:23
    at _handleRequest (http://localhost:3000/_next/static/chunks/node_modules_%40supabase_auth-js_dist_module_0.pzobh._.js:951:24)
    at _request (http://localhost:3000/_next/static/chunks/node_modules_%40supabase_auth-js_dist_module_0.pzobh._.js:938:24)
    at http://localhost:3000/_next/static/chunks/node_modules_%40supabase_auth-js_dist_module_0.pzobh._.js:7482:220
    at async http://localhost:3000/_next/static/chunks/node_modules_%40supabase_auth-js_dist_module_0.pzobh._.js:667:36 @ http://localhost:3000/_next/static/chunks/node_modules_next_dist_115brz8._.js:3272
[51980877ms] [ERROR] Failed to load resource: net::ERR_QUIC_PROTOCOL_ERROR @ https://wnitkyyodymmjedlttex.supabase.co/auth/v1/token?grant_type=refresh_token:0
[51980878ms] [ERROR] TypeError: Failed to fetch
    at http://localhost:3000/_next/static/chunks/node_modules_%40supabase_auth-js_dist_module_0.pzobh._.js:597:23
    at _handleRequest (http://localhost:3000/_next/static/chunks/node_modules_%40supabase_auth-js_dist_module_0.pzobh._.js:951:24)
    at _request (http://localhost:3000/_next/static/chunks/node_modules_%40supabase_auth-js_dist_module_0.pzobh._.js:938:24)
    at http://localhost:3000/_next/static/chunks/node_modules_%40supabase_auth-js_dist_module_0.pzobh._.js:7482:220
    at async http://localhost:3000/_next/static/chunks/node_modules_%40supabase_auth-js_dist_module_0.pzobh._.js:667:36 @ http://localhost:3000/_next/static/chunks/node_modules_next_dist_115brz8._.js:3272
[51986496ms] [ERROR] Failed to load resource: net::ERR_QUIC_PROTOCOL_ERROR @ https://wnitkyyodymmjedlttex.supabase.co/auth/v1/token?grant_type=refresh_token:0
[51986496ms] [ERROR] TypeError: Failed to fetch
    at http://localhost:3000/_next/static/chunks/node_modules_%40supabase_auth-js_dist_module_0.pzobh._.js:597:23
    at _handleRequest (http://localhost:3000/_next/static/chunks/node_modules_%40supabase_auth-js_dist_module_0.pzobh._.js:951:24)
    at _request (http://localhost:3000/_next/static/chunks/node_modules_%40supabase_auth-js_dist_module_0.pzobh._.js:938:24)
    at http://localhost:3000/_next/static/chunks/node_modules_%40supabase_auth-js_dist_module_0.pzobh._.js:7482:220
    at async http://localhost:3000/_next/static/chunks/node_modules_%40supabase_auth-js_dist_module_0.pzobh._.js:667:36 @ http://localhost:3000/_next/static/chunks/node_modules_next_dist_115brz8._.js:3272
[51993723ms] [ERROR] Failed to load resource: net::ERR_QUIC_PROTOCOL_ERROR @ https://wnitkyyodymmjedlttex.supabase.co/auth/v1/token?grant_type=refresh_token:0
[51993723ms] [ERROR] TypeError: Failed to fetch
    at http://localhost:3000/_next/static/chunks/node_modules_%40supabase_auth-js_dist_module_0.pzobh._.js:597:23
    at _handleRequest (http://localhost:3000/_next/static/chunks/node_modules_%40supabase_auth-js_dist_module_0.pzobh._.js:951:24)
    at _request (http://localhost:3000/_next/static/chunks/node_modules_%40supabase_auth-js_dist_module_0.pzobh._.js:938:24)
    at http://localhost:3000/_next/static/chunks/node_modules_%40supabase_auth-js_dist_module_0.pzobh._.js:7482:220
    at async http://localhost:3000/_next/static/chunks/node_modules_%40supabase_auth-js_dist_module_0.pzobh._.js:667:36 @ http://localhost:3000/_next/static/chunks/node_modules_next_dist_115brz8._.js:3272
[51997733ms] [ERROR] Failed to load resource: net::ERR_QUIC_PROTOCOL_ERROR @ https://wnitkyyodymmjedlttex.supabase.co/auth/v1/token?grant_type=refresh_token:0
[51997733ms] [ERROR] TypeError: Failed to fetch
    at http://localhost:3000/_next/static/chunks/node_modules_%40supabase_auth-js_dist_module_0.pzobh._.js:597:23
    at _handleRequest (http://localhost:3000/_next/static/chunks/node_modules_%40supabase_auth-js_dist_module_0.pzobh._.js:951:24)
    at _request (http://localhost:3000/_next/static/chunks/node_modules_%40supabase_auth-js_dist_module_0.pzobh._.js:938:24)
    at http://localhost:3000/_next/static/chunks/node_modules_%40supabase_auth-js_dist_module_0.pzobh._.js:7482:220
    at http://localhost:3000/_next/static/chunks/node_modules_%40supabase_auth-js_dist_module_0.pzobh._.js:667:42
    at http://localhost:3000/_next/static/chunks/node_modules_%40supabase_auth-js_dist_module_0.pzobh._.js:679:11
    at new Promise (<anonymous>)
    at retryable (http://localhost:3000/_next/static/chunks/node_modules_%40supabase_auth-js_dist_module_0.pzobh._.js:661:21)
    at SupabaseAuthClient._refreshAccessToken (http://localhost:3000/_next/static/chunks/node_modules_%40supabase_auth-js_dist_module_0.pzobh._.js:7477:219)
    at SupabaseAuthClient._callRefreshToken (http://localhost:3000/_next/static/chunks/node_modules_%40supabase_auth-js_dist_module_0.pzobh._.js:7633:48)
    at SupabaseAuthClient.__loadSession (http://localhost:3000/_next/static/chunks/node_modules_%40supabase_auth-js_dist_module_0.pzobh._.js:5996:57)
    at async SupabaseAuthClient._useSession (http://localhost:3000/_next/static/chunks/node_modules_%40supabase_auth-js_dist_module_0.pzobh._.js:5926:28)
    at async http://localhost:3000/_next/static/chunks/node_modules_%40supabase_auth-js_dist_module_0.pzobh._.js:7903:32
    at async http://localhost:3000/_next/static/chunks/node_modules_%40supabase_auth-js_dist_module_0.pzobh._.js:5875:28 @ http://localhost:3000/_next/static/chunks/node_modules_next_dist_115brz8._.js:3272
[52001950ms] [ERROR] Failed to load resource: net::ERR_QUIC_PROTOCOL_ERROR @ https://wnitkyyodymmjedlttex.supabase.co/auth/v1/token?grant_type=refresh_token:0
[52001950ms] [ERROR] TypeError: Failed to fetch
    at http://localhost:3000/_next/static/chunks/node_modules_%40supabase_auth-js_dist_module_0.pzobh._.js:597:23
    at _handleRequest (http://localhost:3000/_next/static/chunks/node_modules_%40supabase_auth-js_dist_module_0.pzobh._.js:951:24)
    at _request (http://localhost:3000/_next/static/chunks/node_modules_%40supabase_auth-js_dist_module_0.pzobh._.js:938:24)
    at http://localhost:3000/_next/static/chunks/node_modules_%40supabase_auth-js_dist_module_0.pzobh._.js:7482:220
    at async http://localhost:3000/_next/static/chunks/node_modules_%40supabase_auth-js_dist_module_0.pzobh._.js:667:36 @ http://localhost:3000/_next/static/chunks/node_modules_next_dist_115brz8._.js:3272
[52006366ms] [ERROR] Failed to load resource: net::ERR_QUIC_PROTOCOL_ERROR @ https://wnitkyyodymmjedlttex.supabase.co/auth/v1/token?grant_type=refresh_token:0
[52006367ms] [ERROR] TypeError: Failed to fetch
    at http://localhost:3000/_next/static/chunks/node_modules_%40supabase_auth-js_dist_module_0.pzobh._.js:597:23
    at _handleRequest (http://localhost:3000/_next/static/chunks/node_modules_%40supabase_auth-js_dist_module_0.pzobh._.js:951:24)
    at _request (http://localhost:3000/_next/static/chunks/node_modules_%40supabase_auth-js_dist_module_0.pzobh._.js:938:24)
    at http://localhost:3000/_next/static/chunks/node_modules_%40supabase_auth-js_dist_module_0.pzobh._.js:7482:220
    at async http://localhost:3000/_next/static/chunks/node_modules_%40supabase_auth-js_dist_module_0.pzobh._.js:667:36 @ http://localhost:3000/_next/static/chunks/node_modules_next_dist_115brz8._.js:3272
[52011177ms] [ERROR] Failed to load resource: net::ERR_QUIC_PROTOCOL_ERROR @ https://wnitkyyodymmjedlttex.supabase.co/auth/v1/token?grant_type=refresh_token:0
[52011177ms] [ERROR] TypeError: Failed to fetch
    at http://localhost:3000/_next/static/chunks/node_modules_%40supabase_auth-js_dist_module_0.pzobh._.js:597:23
    at _handleRequest (http://localhost:3000/_next/static/chunks/node_modules_%40supabase_auth-js_dist_module_0.pzobh._.js:951:24)
    at _request (http://localhost:3000/_next/static/chunks/node_modules_%40supabase_auth-js_dist_module_0.pzobh._.js:938:24)
    at http://localhost:3000/_next/static/chunks/node_modules_%40supabase_auth-js_dist_module_0.pzobh._.js:7482:220
    at async http://localhost:3000/_next/static/chunks/node_modules_%40supabase_auth-js_dist_module_0.pzobh._.js:667:36 @ http://localhost:3000/_next/static/chunks/node_modules_next_dist_115brz8._.js:3272
[52016799ms] [ERROR] Failed to load resource: net::ERR_QUIC_PROTOCOL_ERROR @ https://wnitkyyodymmjedlttex.supabase.co/auth/v1/token?grant_type=refresh_token:0
[52016799ms] [ERROR] TypeError: Failed to fetch
    at http://localhost:3000/_next/static/chunks/node_modules_%40supabase_auth-js_dist_module_0.pzobh._.js:597:23
    at _handleRequest (http://localhost:3000/_next/static/chunks/node_modules_%40supabase_auth-js_dist_module_0.pzobh._.js:951:24)
    at _request (http://localhost:3000/_next/static/chunks/node_modules_%40supabase_auth-js_dist_module_0.pzobh._.js:938:24)
    at http://localhost:3000/_next/static/chunks/node_modules_%40supabase_auth-js_dist_module_0.pzobh._.js:7482:220
    at async http://localhost:3000/_next/static/chunks/node_modules_%40supabase_auth-js_dist_module_0.pzobh._.js:667:36 @ http://localhost:3000/_next/static/chunks/node_modules_next_dist_115brz8._.js:3272
[52024025ms] [ERROR] Failed to load resource: net::ERR_QUIC_PROTOCOL_ERROR @ https://wnitkyyodymmjedlttex.supabase.co/auth/v1/token?grant_type=refresh_token:0
[52024026ms] [ERROR] TypeError: Failed to fetch
    at http://localhost:3000/_next/static/chunks/node_modules_%40supabase_auth-js_dist_module_0.pzobh._.js:597:23
    at _handleRequest (http://localhost:3000/_next/static/chunks/node_modules_%40supabase_auth-js_dist_module_0.pzobh._.js:951:24)
    at _request (http://localhost:3000/_next/static/chunks/node_modules_%40supabase_auth-js_dist_module_0.pzobh._.js:938:24)
    at http://localhost:3000/_next/static/chunks/node_modules_%40supabase_auth-js_dist_module_0.pzobh._.js:7482:220
    at async http://localhost:3000/_next/static/chunks/node_modules_%40supabase_auth-js_dist_module_0.pzobh._.js:667:36 @ http://localhost:3000/_next/static/chunks/node_modules_next_dist_115brz8._.js:3272
[52028029ms] [ERROR] Failed to load resource: net::ERR_QUIC_PROTOCOL_ERROR @ https://wnitkyyodymmjedlttex.supabase.co/auth/v1/token?grant_type=refresh_token:0
[52028029ms] [ERROR] TypeError: Failed to fetch
    at http://localhost:3000/_next/static/chunks/node_modules_%40supabase_auth-js_dist_module_0.pzobh._.js:597:23
    at _handleRequest (http://localhost:3000/_next/static/chunks/node_modules_%40supabase_auth-js_dist_module_0.pzobh._.js:951:24)
    at _request (http://localhost:3000/_next/static/chunks/node_modules_%40supabase_auth-js_dist_module_0.pzobh._.js:938:24)
    at http://localhost:3000/_next/static/chunks/node_modules_%40supabase_auth-js_dist_module_0.pzobh._.js:7482:220
    at http://localhost:3000/_next/static/chunks/node_modules_%40supabase_auth-js_dist_module_0.pzobh._.js:667:42
    at http://localhost:3000/_next/static/chunks/node_modules_%40supabase_auth-js_dist_module_0.pzobh._.js:679:11
    at new Promise (<anonymous>)
    at retryable (http://localhost:3000/_next/static/chunks/node_modules_%40supabase_auth-js_dist_module_0.pzobh._.js:661:21)
    at SupabaseAuthClient._refreshAccessToken (http://localhost:3000/_next/static/chunks/node_modules_%40supabase_auth-js_dist_module_0.pzobh._.js:7477:219)
    at SupabaseAuthClient._callRefreshToken (http://localhost:3000/_next/static/chunks/node_modules_%40supabase_auth-js_dist_module_0.pzobh._.js:7633:48)
    at SupabaseAuthClient.__loadSession (http://localhost:3000/_next/static/chunks/node_modules_%40supabase_auth-js_dist_module_0.pzobh._.js:5996:57)
    at async SupabaseAuthClient._useSession (http://localhost:3000/_next/static/chunks/node_modules_%40supabase_auth-js_dist_module_0.pzobh._.js:5926:28)
    at async http://localhost:3000/_next/static/chunks/node_modules_%40supabase_auth-js_dist_module_0.pzobh._.js:7903:32
    at async http://localhost:3000/_next/static/chunks/node_modules_%40supabase_auth-js_dist_module_0.pzobh._.js:5875:28 @ http://localhost:3000/_next/static/chunks/node_modules_next_dist_115brz8._.js:3272
[52032246ms] [ERROR] Failed to load resource: net::ERR_QUIC_PROTOCOL_ERROR @ https://wnitkyyodymmjedlttex.supabase.co/auth/v1/token?grant_type=refresh_token:0
[52032246ms] [ERROR] TypeError: Failed to fetch
    at http://localhost:3000/_next/static/chunks/node_modules_%40supabase_auth-js_dist_module_0.pzobh._.js:597:23
    at _handleRequest (http://localhost:3000/_next/static/chunks/node_modules_%40supabase_auth-js_dist_module_0.pzobh._.js:951:24)
    at _request (http://localhost:3000/_next/static/chunks/node_modules_%40supabase_auth-js_dist_module_0.pzobh._.js:938:24)
    at http://localhost:3000/_next/static/chunks/node_modules_%40supabase_auth-js_dist_module_0.pzobh._.js:7482:220
    at async http://localhost:3000/_next/static/chunks/node_modules_%40supabase_auth-js_dist_module_0.pzobh._.js:667:36 @ http://localhost:3000/_next/static/chunks/node_modules_next_dist_115brz8._.js:3272
[52036662ms] [ERROR] Failed to load resource: net::ERR_QUIC_PROTOCOL_ERROR @ https://wnitkyyodymmjedlttex.supabase.co/auth/v1/token?grant_type=refresh_token:0
[52036663ms] [ERROR] TypeError: Failed to fetch
    at http://localhost:3000/_next/static/chunks/node_modules_%40supabase_auth-js_dist_module_0.pzobh._.js:597:23
    at _handleRequest (http://localhost:3000/_next/static/chunks/node_modules_%40supabase_auth-js_dist_module_0.pzobh._.js:951:24)
    at _request (http://localhost:3000/_next/static/chunks/node_modules_%40supabase_auth-js_dist_module_0.pzobh._.js:938:24)
    at http://localhost:3000/_next/static/chunks/node_modules_%40supabase_auth-js_dist_module_0.pzobh._.js:7482:220
    at async http://localhost:3000/_next/static/chunks/node_modules_%40supabase_auth-js_dist_module_0.pzobh._.js:667:36 @ http://localhost:3000/_next/static/chunks/node_modules_next_dist_115brz8._.js:3272
[52041469ms] [ERROR] Failed to load resource: net::ERR_QUIC_PROTOCOL_ERROR @ https://wnitkyyodymmjedlttex.supabase.co/auth/v1/token?grant_type=refresh_token:0
[52041469ms] [ERROR] TypeError: Failed to fetch
    at http://localhost:3000/_next/static/chunks/node_modules_%40supabase_auth-js_dist_module_0.pzobh._.js:597:23
    at _handleRequest (http://localhost:3000/_next/static/chunks/node_modules_%40supabase_auth-js_dist_module_0.pzobh._.js:951:24)
    at _request (http://localhost:3000/_next/static/chunks/node_modules_%40supabase_auth-js_dist_module_0.pzobh._.js:938:24)
    at http://localhost:3000/_next/static/chunks/node_modules_%40supabase_auth-js_dist_module_0.pzobh._.js:7482:220
    at async http://localhost:3000/_next/static/chunks/node_modules_%40supabase_auth-js_dist_module_0.pzobh._.js:667:36 @ http://localhost:3000/_next/static/chunks/node_modules_next_dist_115brz8._.js:3272
[52047081ms] [ERROR] Failed to load resource: net::ERR_QUIC_PROTOCOL_ERROR @ https://wnitkyyodymmjedlttex.supabase.co/auth/v1/token?grant_type=refresh_token:0
[52047082ms] [ERROR] TypeError: Failed to fetch
    at http://localhost:3000/_next/static/chunks/node_modules_%40supabase_auth-js_dist_module_0.pzobh._.js:597:23
    at _handleRequest (http://localhost:3000/_next/static/chunks/node_modules_%40supabase_auth-js_dist_module_0.pzobh._.js:951:24)
    at _request (http://localhost:3000/_next/static/chunks/node_modules_%40supabase_auth-js_dist_module_0.pzobh._.js:938:24)
    at http://localhost:3000/_next/static/chunks/node_modules_%40supabase_auth-js_dist_module_0.pzobh._.js:7482:220
    at async http://localhost:3000/_next/static/chunks/node_modules_%40supabase_auth-js_dist_module_0.pzobh._.js:667:36 @ http://localhost:3000/_next/static/chunks/node_modules_next_dist_115brz8._.js:3272
[52054302ms] [ERROR] Failed to load resource: net::ERR_QUIC_PROTOCOL_ERROR @ https://wnitkyyodymmjedlttex.supabase.co/auth/v1/token?grant_type=refresh_token:0
[52054303ms] [ERROR] TypeError: Failed to fetch
    at http://localhost:3000/_next/static/chunks/node_modules_%40supabase_auth-js_dist_module_0.pzobh._.js:597:23
    at _handleRequest (http://localhost:3000/_next/static/chunks/node_modules_%40supabase_auth-js_dist_module_0.pzobh._.js:951:24)
    at _request (http://localhost:3000/_next/static/chunks/node_modules_%40supabase_auth-js_dist_module_0.pzobh._.js:938:24)
    at http://localhost:3000/_next/static/chunks/node_modules_%40supabase_auth-js_dist_module_0.pzobh._.js:7482:220
    at async http://localhost:3000/_next/static/chunks/node_modules_%40supabase_auth-js_dist_module_0.pzobh._.js:667:36 @ http://localhost:3000/_next/static/chunks/node_modules_next_dist_115brz8._.js:3272
[52058311ms] [ERROR] Failed to load resource: net::ERR_QUIC_PROTOCOL_ERROR @ https://wnitkyyodymmjedlttex.supabase.co/auth/v1/token?grant_type=refresh_token:0
[52058312ms] [ERROR] TypeError: Failed to fetch
    at http://localhost:3000/_next/static/chunks/node_modules_%40supabase_auth-js_dist_module_0.pzobh._.js:597:23
    at _handleRequest (http://localhost:3000/_next/static/chunks/node_modules_%40supabase_auth-js_dist_module_0.pzobh._.js:951:24)
    at _request (http://localhost:3000/_next/static/chunks/node_modules_%40supabase_auth-js_dist_module_0.pzobh._.js:938:24)
    at http://localhost:3000/_next/static/chunks/node_modules_%40supabase_auth-js_dist_module_0.pzobh._.js:7482:220
    at http://localhost:3000/_next/static/chunks/node_modules_%40supabase_auth-js_dist_module_0.pzobh._.js:667:42
    at http://localhost:3000/_next/static/chunks/node_modules_%40supabase_auth-js_dist_module_0.pzobh._.js:679:11
    at new Promise (<anonymous>)
    at retryable (http://localhost:3000/_next/static/chunks/node_modules_%40supabase_auth-js_dist_module_0.pzobh._.js:661:21)
    at SupabaseAuthClient._refreshAccessToken (http://localhost:3000/_next/static/chunks/node_modules_%40supabase_auth-js_dist_module_0.pzobh._.js:7477:219)
    at SupabaseAuthClient._callRefreshToken (http://localhost:3000/_next/static/chunks/node_modules_%40supabase_auth-js_dist_module_0.pzobh._.js:7633:48)
    at SupabaseAuthClient.__loadSession (http://localhost:3000/_next/static/chunks/node_modules_%40supabase_auth-js_dist_module_0.pzobh._.js:5996:57)
    at async SupabaseAuthClient._useSession (http://localhost:3000/_next/static/chunks/node_modules_%40supabase_auth-js_dist_module_0.pzobh._.js:5926:28)
    at async http://localhost:3000/_next/static/chunks/node_modules_%40supabase_auth-js_dist_module_0.pzobh._.js:7903:32
    at async http://localhost:3000/_next/static/chunks/node_modules_%40supabase_auth-js_dist_module_0.pzobh._.js:5875:28 @ http://localhost:3000/_next/static/chunks/node_modules_next_dist_115brz8._.js:3272
[52062525ms] [ERROR] Failed to load resource: net::ERR_QUIC_PROTOCOL_ERROR @ https://wnitkyyodymmjedlttex.supabase.co/auth/v1/token?grant_type=refresh_token:0
[52062525ms] [ERROR] TypeError: Failed to fetch
    at http://localhost:3000/_next/static/chunks/node_modules_%40supabase_auth-js_dist_module_0.pzobh._.js:597:23
    at _handleRequest (http://localhost:3000/_next/static/chunks/node_modules_%40supabase_auth-js_dist_module_0.pzobh._.js:951:24)
    at _request (http://localhost:3000/_next/static/chunks/node_modules_%40supabase_auth-js_dist_module_0.pzobh._.js:938:24)
    at http://localhost:3000/_next/static/chunks/node_modules_%40supabase_auth-js_dist_module_0.pzobh._.js:7482:220
    at async http://localhost:3000/_next/static/chunks/node_modules_%40supabase_auth-js_dist_module_0.pzobh._.js:667:36 @ http://localhost:3000/_next/static/chunks/node_modules_next_dist_115brz8._.js:3272
[52066938ms] [ERROR] Failed to load resource: net::ERR_QUIC_PROTOCOL_ERROR @ https://wnitkyyodymmjedlttex.supabase.co/auth/v1/token?grant_type=refresh_token:0
[52066939ms] [ERROR] TypeError: Failed to fetch
    at http://localhost:3000/_next/static/chunks/node_modules_%40supabase_auth-js_dist_module_0.pzobh._.js:597:23
    at _handleRequest (http://localhost:3000/_next/static/chunks/node_modules_%40supabase_auth-js_dist_module_0.pzobh._.js:951:24)
    at _request (http://localhost:3000/_next/static/chunks/node_modules_%40supabase_auth-js_dist_module_0.pzobh._.js:938:24)
    at http://localhost:3000/_next/static/chunks/node_modules_%40supabase_auth-js_dist_module_0.pzobh._.js:7482:220
    at async http://localhost:3000/_next/static/chunks/node_modules_%40supabase_auth-js_dist_module_0.pzobh._.js:667:36 @ http://localhost:3000/_next/static/chunks/node_modules_next_dist_115brz8._.js:3272
[52071747ms] [ERROR] Failed to load resource: net::ERR_QUIC_PROTOCOL_ERROR @ https://wnitkyyodymmjedlttex.supabase.co/auth/v1/token?grant_type=refresh_token:0
[52071748ms] [ERROR] TypeError: Failed to fetch
    at http://localhost:3000/_next/static/chunks/node_modules_%40supabase_auth-js_dist_module_0.pzobh._.js:597:23
    at _handleRequest (http://localhost:3000/_next/static/chunks/node_modules_%40supabase_auth-js_dist_module_0.pzobh._.js:951:24)
    at _request (http://localhost:3000/_next/static/chunks/node_modules_%40supabase_auth-js_dist_module_0.pzobh._.js:938:24)
    at http://localhost:3000/_next/static/chunks/node_modules_%40supabase_auth-js_dist_module_0.pzobh._.js:7482:220
    at async http://localhost:3000/_next/static/chunks/node_modules_%40supabase_auth-js_dist_module_0.pzobh._.js:667:36 @ http://localhost:3000/_next/static/chunks/node_modules_next_dist_115brz8._.js:3272
[52077352ms] [ERROR] Failed to load resource: net::ERR_QUIC_PROTOCOL_ERROR @ https://wnitkyyodymmjedlttex.supabase.co/auth/v1/token?grant_type=refresh_token:0
[52077353ms] [ERROR] TypeError: Failed to fetch
    at http://localhost:3000/_next/static/chunks/node_modules_%40supabase_auth-js_dist_module_0.pzobh._.js:597:23
    at _handleRequest (http://localhost:3000/_next/static/chunks/node_modules_%40supabase_auth-js_dist_module_0.pzobh._.js:951:24)
    at _request (http://localhost:3000/_next/static/chunks/node_modules_%40supabase_auth-js_dist_module_0.pzobh._.js:938:24)
    at http://localhost:3000/_next/static/chunks/node_modules_%40supabase_auth-js_dist_module_0.pzobh._.js:7482:220
    at async http://localhost:3000/_next/static/chunks/node_modules_%40supabase_auth-js_dist_module_0.pzobh._.js:667:36 @ http://localhost:3000/_next/static/chunks/node_modules_next_dist_115brz8._.js:3272
[52084573ms] [ERROR] Failed to load resource: net::ERR_QUIC_PROTOCOL_ERROR @ https://wnitkyyodymmjedlttex.supabase.co/auth/v1/token?grant_type=refresh_token:0
[52084573ms] [ERROR] TypeError: Failed to fetch
    at http://localhost:3000/_next/static/chunks/node_modules_%40supabase_auth-js_dist_module_0.pzobh._.js:597:23
    at _handleRequest (http://localhost:3000/_next/static/chunks/node_modules_%40supabase_auth-js_dist_module_0.pzobh._.js:951:24)
    at _request (http://localhost:3000/_next/static/chunks/node_modules_%40supabase_auth-js_dist_module_0.pzobh._.js:938:24)
    at http://localhost:3000/_next/static/chunks/node_modules_%40supabase_auth-js_dist_module_0.pzobh._.js:7482:220
    at async http://localhost:3000/_next/static/chunks/node_modules_%40supabase_auth-js_dist_module_0.pzobh._.js:667:36 @ http://localhost:3000/_next/static/chunks/node_modules_next_dist_115brz8._.js:3272
[52088577ms] [ERROR] Failed to load resource: net::ERR_QUIC_PROTOCOL_ERROR @ https://wnitkyyodymmjedlttex.supabase.co/auth/v1/token?grant_type=refresh_token:0
[52088577ms] [ERROR] TypeError: Failed to fetch
    at http://localhost:3000/_next/static/chunks/node_modules_%40supabase_auth-js_dist_module_0.pzobh._.js:597:23
    at _handleRequest (http://localhost:3000/_next/static/chunks/node_modules_%40supabase_auth-js_dist_module_0.pzobh._.js:951:24)
    at _request (http://localhost:3000/_next/static/chunks/node_modules_%40supabase_auth-js_dist_module_0.pzobh._.js:938:24)
    at http://localhost:3000/_next/static/chunks/node_modules_%40supabase_auth-js_dist_module_0.pzobh._.js:7482:220
    at http://localhost:3000/_next/static/chunks/node_modules_%40supabase_auth-js_dist_module_0.pzobh._.js:667:42
    at http://localhost:3000/_next/static/chunks/node_modules_%40supabase_auth-js_dist_module_0.pzobh._.js:679:11
    at new Promise (<anonymous>)
    at retryable (http://localhost:3000/_next/static/chunks/node_modules_%40supabase_auth-js_dist_module_0.pzobh._.js:661:21)
    at SupabaseAuthClient._refreshAccessToken (http://localhost:3000/_next/static/chunks/node_modules_%40supabase_auth-js_dist_module_0.pzobh._.js:7477:219)
    at SupabaseAuthClient._callRefreshToken (http://localhost:3000/_next/static/chunks/node_modules_%40supabase_auth-js_dist_module_0.pzobh._.js:7633:48)
    at SupabaseAuthClient.__loadSession (http://localhost:3000/_next/static/chunks/node_modules_%40supabase_auth-js_dist_module_0.pzobh._.js:5996:57)
    at async SupabaseAuthClient._useSession (http://localhost:3000/_next/static/chunks/node_modules_%40supabase_auth-js_dist_module_0.pzobh._.js:5926:28)
    at async http://localhost:3000/_next/static/chunks/node_modules_%40supabase_auth-js_dist_module_0.pzobh._.js:7903:32
    at async http://localhost:3000/_next/static/chunks/node_modules_%40supabase_auth-js_dist_module_0.pzobh._.js:5875:28 @ http://localhost:3000/_next/static/chunks/node_modules_next_dist_115brz8._.js:3272
[52092798ms] [ERROR] Failed to load resource: net::ERR_QUIC_PROTOCOL_ERROR @ https://wnitkyyodymmjedlttex.supabase.co/auth/v1/token?grant_type=refresh_token:0
[52092799ms] [ERROR] TypeError: Failed to fetch
    at http://localhost:3000/_next/static/chunks/node_modules_%40supabase_auth-js_dist_module_0.pzobh._.js:597:23
    at _handleRequest (http://localhost:3000/_next/static/chunks/node_modules_%40supabase_auth-js_dist_module_0.pzobh._.js:951:24)
    at _request (http://localhost:3000/_next/static/chunks/node_modules_%40supabase_auth-js_dist_module_0.pzobh._.js:938:24)
    at http://localhost:3000/_next/static/chunks/node_modules_%40supabase_auth-js_dist_module_0.pzobh._.js:7482:220
    at async http://localhost:3000/_next/static/chunks/node_modules_%40supabase_auth-js_dist_module_0.pzobh._.js:667:36 @ http://localhost:3000/_next/static/chunks/node_modules_next_dist_115brz8._.js:3272
[52097211ms] [ERROR] Failed to load resource: net::ERR_QUIC_PROTOCOL_ERROR @ https://wnitkyyodymmjedlttex.supabase.co/auth/v1/token?grant_type=refresh_token:0
[52097211ms] [ERROR] TypeError: Failed to fetch
    at http://localhost:3000/_next/static/chunks/node_modules_%40supabase_auth-js_dist_module_0.pzobh._.js:597:23
    at _handleRequest (http://localhost:3000/_next/static/chunks/node_modules_%40supabase_auth-js_dist_module_0.pzobh._.js:951:24)
    at _request (http://localhost:3000/_next/static/chunks/node_modules_%40supabase_auth-js_dist_module_0.pzobh._.js:938:24)
    at http://localhost:3000/_next/static/chunks/node_modules_%40supabase_auth-js_dist_module_0.pzobh._.js:7482:220
    at async http://localhost:3000/_next/static/chunks/node_modules_%40supabase_auth-js_dist_module_0.pzobh._.js:667:36 @ http://localhost:3000/_next/static/chunks/node_modules_next_dist_115brz8._.js:3272
[52102025ms] [ERROR] Failed to load resource: net::ERR_QUIC_PROTOCOL_ERROR @ https://wnitkyyodymmjedlttex.supabase.co/auth/v1/token?grant_type=refresh_token:0
[52102025ms] [ERROR] TypeError: Failed to fetch
    at http://localhost:3000/_next/static/chunks/node_modules_%40supabase_auth-js_dist_module_0.pzobh._.js:597:23
    at _handleRequest (http://localhost:3000/_next/static/chunks/node_modules_%40supabase_auth-js_dist_module_0.pzobh._.js:951:24)
    at _request (http://localhost:3000/_next/static/chunks/node_modules_%40supabase_auth-js_dist_module_0.pzobh._.js:938:24)
    at http://localhost:3000/_next/static/chunks/node_modules_%40supabase_auth-js_dist_module_0.pzobh._.js:7482:220
    at async http://localhost:3000/_next/static/chunks/node_modules_%40supabase_auth-js_dist_module_0.pzobh._.js:667:36 @ http://localhost:3000/_next/static/chunks/node_modules_next_dist_115brz8._.js:3272
[52107649ms] [ERROR] Failed to load resource: net::ERR_QUIC_PROTOCOL_ERROR @ https://wnitkyyodymmjedlttex.supabase.co/auth/v1/token?grant_type=refresh_token:0
[52107649ms] [ERROR] TypeError: Failed to fetch
    at http://localhost:3000/_next/static/chunks/node_modules_%40supabase_auth-js_dist_module_0.pzobh._.js:597:23
    at _handleRequest (http://localhost:3000/_next/static/chunks/node_modules_%40supabase_auth-js_dist_module_0.pzobh._.js:951:24)
    at _request (http://localhost:3000/_next/static/chunks/node_modules_%40supabase_auth-js_dist_module_0.pzobh._.js:938:24)
    at http://localhost:3000/_next/static/chunks/node_modules_%40supabase_auth-js_dist_module_0.pzobh._.js:7482:220
    at async http://localhost:3000/_next/static/chunks/node_modules_%40supabase_auth-js_dist_module_0.pzobh._.js:667:36 @ http://localhost:3000/_next/static/chunks/node_modules_next_dist_115brz8._.js:3272
[52114871ms] [ERROR] Failed to load resource: net::ERR_QUIC_PROTOCOL_ERROR @ https://wnitkyyodymmjedlttex.supabase.co/auth/v1/token?grant_type=refresh_token:0
[52114871ms] [ERROR] TypeError: Failed to fetch
    at http://localhost:3000/_next/static/chunks/node_modules_%40supabase_auth-js_dist_module_0.pzobh._.js:597:23
    at _handleRequest (http://localhost:3000/_next/static/chunks/node_modules_%40supabase_auth-js_dist_module_0.pzobh._.js:951:24)
    at _request (http://localhost:3000/_next/static/chunks/node_modules_%40supabase_auth-js_dist_module_0.pzobh._.js:938:24)
    at http://localhost:3000/_next/static/chunks/node_modules_%40supabase_auth-js_dist_module_0.pzobh._.js:7482:220
    at async http://localhost:3000/_next/static/chunks/node_modules_%40supabase_auth-js_dist_module_0.pzobh._.js:667:36 @ http://localhost:3000/_next/static/chunks/node_modules_next_dist_115brz8._.js:3272
[52118886ms] [ERROR] Failed to load resource: net::ERR_QUIC_PROTOCOL_ERROR @ https://wnitkyyodymmjedlttex.supabase.co/auth/v1/token?grant_type=refresh_token:0
[52118886ms] [ERROR] TypeError: Failed to fetch
    at http://localhost:3000/_next/static/chunks/node_modules_%40supabase_auth-js_dist_module_0.pzobh._.js:597:23
    at _handleRequest (http://localhost:3000/_next/static/chunks/node_modules_%40supabase_auth-js_dist_module_0.pzobh._.js:951:24)
    at _request (http://localhost:3000/_next/static/chunks/node_modules_%40supabase_auth-js_dist_module_0.pzobh._.js:938:24)
    at http://localhost:3000/_next/static/chunks/node_modules_%40supabase_auth-js_dist_module_0.pzobh._.js:7482:220
    at http://localhost:3000/_next/static/chunks/node_modules_%40supabase_auth-js_dist_module_0.pzobh._.js:667:42
    at http://localhost:3000/_next/static/chunks/node_modules_%40supabase_auth-js_dist_module_0.pzobh._.js:679:11
    at new Promise (<anonymous>)
    at retryable (http://localhost:3000/_next/static/chunks/node_modules_%40supabase_auth-js_dist_module_0.pzobh._.js:661:21)
    at SupabaseAuthClient._refreshAccessToken (http://localhost:3000/_next/static/chunks/node_modules_%40supabase_auth-js_dist_module_0.pzobh._.js:7477:219)
    at SupabaseAuthClient._callRefreshToken (http://localhost:3000/_next/static/chunks/node_modules_%40supabase_auth-js_dist_module_0.pzobh._.js:7633:48)
    at SupabaseAuthClient.__loadSession (http://localhost:3000/_next/static/chunks/node_modules_%40supabase_auth-js_dist_module_0.pzobh._.js:5996:57)
    at async SupabaseAuthClient._useSession (http://localhost:3000/_next/static/chunks/node_modules_%40supabase_auth-js_dist_module_0.pzobh._.js:5926:28)
    at async http://localhost:3000/_next/static/chunks/node_modules_%40supabase_auth-js_dist_module_0.pzobh._.js:7903:32
    at async http://localhost:3000/_next/static/chunks/node_modules_%40supabase_auth-js_dist_module_0.pzobh._.js:5875:28 @ http://localhost:3000/_next/static/chunks/node_modules_next_dist_115brz8._.js:3272
[52123103ms] [ERROR] Failed to load resource: net::ERR_QUIC_PROTOCOL_ERROR @ https://wnitkyyodymmjedlttex.supabase.co/auth/v1/token?grant_type=refresh_token:0
[52123104ms] [ERROR] TypeError: Failed to fetch
    at http://localhost:3000/_next/static/chunks/node_modules_%40supabase_auth-js_dist_module_0.pzobh._.js:597:23
    at _handleRequest (http://localhost:3000/_next/static/chunks/node_modules_%40supabase_auth-js_dist_module_0.pzobh._.js:951:24)
    at _request (http://localhost:3000/_next/static/chunks/node_modules_%40supabase_auth-js_dist_module_0.pzobh._.js:938:24)
    at http://localhost:3000/_next/static/chunks/node_modules_%40supabase_auth-js_dist_module_0.pzobh._.js:7482:220
    at async http://localhost:3000/_next/static/chunks/node_modules_%40supabase_auth-js_dist_module_0.pzobh._.js:667:36 @ http://localhost:3000/_next/static/chunks/node_modules_next_dist_115brz8._.js:3272
[52127522ms] [ERROR] Failed to load resource: net::ERR_QUIC_PROTOCOL_ERROR @ https://wnitkyyodymmjedlttex.supabase.co/auth/v1/token?grant_type=refresh_token:0
[52127522ms] [ERROR] TypeError: Failed to fetch
    at http://localhost:3000/_next/static/chunks/node_modules_%40supabase_auth-js_dist_module_0.pzobh._.js:597:23
    at _handleRequest (http://localhost:3000/_next/static/chunks/node_modules_%40supabase_auth-js_dist_module_0.pzobh._.js:951:24)
    at _request (http://localhost:3000/_next/static/chunks/node_modules_%40supabase_auth-js_dist_module_0.pzobh._.js:938:24)
    at http://localhost:3000/_next/static/chunks/node_modules_%40supabase_auth-js_dist_module_0.pzobh._.js:7482:220
    at async http://localhost:3000/_next/static/chunks/node_modules_%40supabase_auth-js_dist_module_0.pzobh._.js:667:36 @ http://localhost:3000/_next/static/chunks/node_modules_next_dist_115brz8._.js:3272
[52132334ms] [ERROR] Failed to load resource: net::ERR_QUIC_PROTOCOL_ERROR @ https://wnitkyyodymmjedlttex.supabase.co/auth/v1/token?grant_type=refresh_token:0
[52132334ms] [ERROR] TypeError: Failed to fetch
    at http://localhost:3000/_next/static/chunks/node_modules_%40supabase_auth-js_dist_module_0.pzobh._.js:597:23
    at _handleRequest (http://localhost:3000/_next/static/chunks/node_modules_%40supabase_auth-js_dist_module_0.pzobh._.js:951:24)
    at _request (http://localhost:3000/_next/static/chunks/node_modules_%40supabase_auth-js_dist_module_0.pzobh._.js:938:24)
    at http://localhost:3000/_next/static/chunks/node_modules_%40supabase_auth-js_dist_module_0.pzobh._.js:7482:220
    at async http://localhost:3000/_next/static/chunks/node_modules_%40supabase_auth-js_dist_module_0.pzobh._.js:667:36 @ http://localhost:3000/_next/static/chunks/node_modules_next_dist_115brz8._.js:3272
[52137949ms] [ERROR] Failed to load resource: net::ERR_QUIC_PROTOCOL_ERROR @ https://wnitkyyodymmjedlttex.supabase.co/auth/v1/token?grant_type=refresh_token:0
[52137949ms] [ERROR] TypeError: Failed to fetch
    at http://localhost:3000/_next/static/chunks/node_modules_%40supabase_auth-js_dist_module_0.pzobh._.js:597:23
    at _handleRequest (http://localhost:3000/_next/static/chunks/node_modules_%40supabase_auth-js_dist_module_0.pzobh._.js:951:24)
    at _request (http://localhost:3000/_next/static/chunks/node_modules_%40supabase_auth-js_dist_module_0.pzobh._.js:938:24)
    at http://localhost:3000/_next/static/chunks/node_modules_%40supabase_auth-js_dist_module_0.pzobh._.js:7482:220
    at async http://localhost:3000/_next/static/chunks/node_modules_%40supabase_auth-js_dist_module_0.pzobh._.js:667:36 @ http://localhost:3000/_next/static/chunks/node_modules_next_dist_115brz8._.js:3272
[52145232ms] [ERROR] Failed to load resource: net::ERR_QUIC_PROTOCOL_ERROR @ https://wnitkyyodymmjedlttex.supabase.co/auth/v1/token?grant_type=refresh_token:0
[52145232ms] [ERROR] TypeError: Failed to fetch
    at http://localhost:3000/_next/static/chunks/node_modules_%40supabase_auth-js_dist_module_0.pzobh._.js:597:23
    at _handleRequest (http://localhost:3000/_next/static/chunks/node_modules_%40supabase_auth-js_dist_module_0.pzobh._.js:951:24)
    at _request (http://localhost:3000/_next/static/chunks/node_modules_%40supabase_auth-js_dist_module_0.pzobh._.js:938:24)
    at http://localhost:3000/_next/static/chunks/node_modules_%40supabase_auth-js_dist_module_0.pzobh._.js:7482:220
    at async http://localhost:3000/_next/static/chunks/node_modules_%40supabase_auth-js_dist_module_0.pzobh._.js:667:36 @ http://localhost:3000/_next/static/chunks/node_modules_next_dist_115brz8._.js:3272
[52149239ms] [ERROR] Failed to load resource: net::ERR_QUIC_PROTOCOL_ERROR @ https://wnitkyyodymmjedlttex.supabase.co/auth/v1/token?grant_type=refresh_token:0
[52149240ms] [ERROR] TypeError: Failed to fetch
    at http://localhost:3000/_next/static/chunks/node_modules_%40supabase_auth-js_dist_module_0.pzobh._.js:597:23
    at _handleRequest (http://localhost:3000/_next/static/chunks/node_modules_%40supabase_auth-js_dist_module_0.pzobh._.js:951:24)
    at _request (http://localhost:3000/_next/static/chunks/node_modules_%40supabase_auth-js_dist_module_0.pzobh._.js:938:24)
    at http://localhost:3000/_next/static/chunks/node_modules_%40supabase_auth-js_dist_module_0.pzobh._.js:7482:220
    at http://localhost:3000/_next/static/chunks/node_modules_%40supabase_auth-js_dist_module_0.pzobh._.js:667:42
    at http://localhost:3000/_next/static/chunks/node_modules_%40supabase_auth-js_dist_module_0.pzobh._.js:679:11
    at new Promise (<anonymous>)
    at retryable (http://localhost:3000/_next/static/chunks/node_modules_%40supabase_auth-js_dist_module_0.pzobh._.js:661:21)
    at SupabaseAuthClient._refreshAccessToken (http://localhost:3000/_next/static/chunks/node_modules_%40supabase_auth-js_dist_module_0.pzobh._.js:7477:219)
    at SupabaseAuthClient._callRefreshToken (http://localhost:3000/_next/static/chunks/node_modules_%40supabase_auth-js_dist_module_0.pzobh._.js:7633:48)
    at SupabaseAuthClient.__loadSession (http://localhost:3000/_next/static/chunks/node_modules_%40supabase_auth-js_dist_module_0.pzobh._.js:5996:57)
    at async SupabaseAuthClient._useSession (http://localhost:3000/_next/static/chunks/node_modules_%40supabase_auth-js_dist_module_0.pzobh._.js:5926:28)
    at async http://localhost:3000/_next/static/chunks/node_modules_%40supabase_auth-js_dist_module_0.pzobh._.js:7903:32
    at async http://localhost:3000/_next/static/chunks/node_modules_%40supabase_auth-js_dist_module_0.pzobh._.js:5875:28 @ http://localhost:3000/_next/static/chunks/node_modules_next_dist_115brz8._.js:3272
[52153455ms] [ERROR] Failed to load resource: net::ERR_QUIC_PROTOCOL_ERROR @ https://wnitkyyodymmjedlttex.supabase.co/auth/v1/token?grant_type=refresh_token:0
[52153455ms] [ERROR] TypeError: Failed to fetch
    at http://localhost:3000/_next/static/chunks/node_modules_%40supabase_auth-js_dist_module_0.pzobh._.js:597:23
    at _handleRequest (http://localhost:3000/_next/static/chunks/node_modules_%40supabase_auth-js_dist_module_0.pzobh._.js:951:24)
    at _request (http://localhost:3000/_next/static/chunks/node_modules_%40supabase_auth-js_dist_module_0.pzobh._.js:938:24)
    at http://localhost:3000/_next/static/chunks/node_modules_%40supabase_auth-js_dist_module_0.pzobh._.js:7482:220
    at async http://localhost:3000/_next/static/chunks/node_modules_%40supabase_auth-js_dist_module_0.pzobh._.js:667:36 @ http://localhost:3000/_next/static/chunks/node_modules_next_dist_115brz8._.js:3272
[52157871ms] [ERROR] Failed to load resource: net::ERR_QUIC_PROTOCOL_ERROR @ https://wnitkyyodymmjedlttex.supabase.co/auth/v1/token?grant_type=refresh_token:0
[52157871ms] [ERROR] TypeError: Failed to fetch
    at http://localhost:3000/_next/static/chunks/node_modules_%40supabase_auth-js_dist_module_0.pzobh._.js:597:23
    at _handleRequest (http://localhost:3000/_next/static/chunks/node_modules_%40supabase_auth-js_dist_module_0.pzobh._.js:951:24)
    at _request (http://localhost:3000/_next/static/chunks/node_modules_%40supabase_auth-js_dist_module_0.pzobh._.js:938:24)
    at http://localhost:3000/_next/static/chunks/node_modules_%40supabase_auth-js_dist_module_0.pzobh._.js:7482:220
    at async http://localhost:3000/_next/static/chunks/node_modules_%40supabase_auth-js_dist_module_0.pzobh._.js:667:36 @ http://localhost:3000/_next/static/chunks/node_modules_next_dist_115brz8._.js:3272
[52162685ms] [ERROR] Failed to load resource: net::ERR_QUIC_PROTOCOL_ERROR @ https://wnitkyyodymmjedlttex.supabase.co/auth/v1/token?grant_type=refresh_token:0
[52162685ms] [ERROR] TypeError: Failed to fetch
    at http://localhost:3000/_next/static/chunks/node_modules_%40supabase_auth-js_dist_module_0.pzobh._.js:597:23
    at _handleRequest (http://localhost:3000/_next/static/chunks/node_modules_%40supabase_auth-js_dist_module_0.pzobh._.js:951:24)
    at _request (http://localhost:3000/_next/static/chunks/node_modules_%40supabase_auth-js_dist_module_0.pzobh._.js:938:24)
    at http://localhost:3000/_next/static/chunks/node_modules_%40supabase_auth-js_dist_module_0.pzobh._.js:7482:220
    at async http://localhost:3000/_next/static/chunks/node_modules_%40supabase_auth-js_dist_module_0.pzobh._.js:667:36 @ http://localhost:3000/_next/static/chunks/node_modules_next_dist_115brz8._.js:3272
[52168308ms] [ERROR] Failed to load resource: net::ERR_QUIC_PROTOCOL_ERROR @ https://wnitkyyodymmjedlttex.supabase.co/auth/v1/token?grant_type=refresh_token:0
[52168308ms] [ERROR] TypeError: Failed to fetch
    at http://localhost:3000/_next/static/chunks/node_modules_%40supabase_auth-js_dist_module_0.pzobh._.js:597:23
    at _handleRequest (http://localhost:3000/_next/static/chunks/node_modules_%40supabase_auth-js_dist_module_0.pzobh._.js:951:24)
    at _request (http://localhost:3000/_next/static/chunks/node_modules_%40supabase_auth-js_dist_module_0.pzobh._.js:938:24)
    at http://localhost:3000/_next/static/chunks/node_modules_%40supabase_auth-js_dist_module_0.pzobh._.js:7482:220
    at async http://localhost:3000/_next/static/chunks/node_modules_%40supabase_auth-js_dist_module_0.pzobh._.js:667:36 @ http://localhost:3000/_next/static/chunks/node_modules_next_dist_115brz8._.js:3272
[52175526ms] [ERROR] Failed to load resource: net::ERR_QUIC_PROTOCOL_ERROR @ https://wnitkyyodymmjedlttex.supabase.co/auth/v1/token?grant_type=refresh_token:0
[52175526ms] [ERROR] TypeError: Failed to fetch
    at http://localhost:3000/_next/static/chunks/node_modules_%40supabase_auth-js_dist_module_0.pzobh._.js:597:23
    at _handleRequest (http://localhost:3000/_next/static/chunks/node_modules_%40supabase_auth-js_dist_module_0.pzobh._.js:951:24)
    at _request (http://localhost:3000/_next/static/chunks/node_modules_%40supabase_auth-js_dist_module_0.pzobh._.js:938:24)
    at http://localhost:3000/_next/static/chunks/node_modules_%40supabase_auth-js_dist_module_0.pzobh._.js:7482:220
    at async http://localhost:3000/_next/static/chunks/node_modules_%40supabase_auth-js_dist_module_0.pzobh._.js:667:36 @ http://localhost:3000/_next/static/chunks/node_modules_next_dist_115brz8._.js:3272
[52179543ms] [ERROR] Failed to load resource: net::ERR_QUIC_PROTOCOL_ERROR @ https://wnitkyyodymmjedlttex.supabase.co/auth/v1/token?grant_type=refresh_token:0
[52179544ms] [ERROR] TypeError: Failed to fetch
    at http://localhost:3000/_next/static/chunks/node_modules_%40supabase_auth-js_dist_module_0.pzobh._.js:597:23
    at _handleRequest (http://localhost:3000/_next/static/chunks/node_modules_%40supabase_auth-js_dist_module_0.pzobh._.js:951:24)
    at _request (http://localhost:3000/_next/static/chunks/node_modules_%40supabase_auth-js_dist_module_0.pzobh._.js:938:24)
    at http://localhost:3000/_next/static/chunks/node_modules_%40supabase_auth-js_dist_module_0.pzobh._.js:7482:220
    at http://localhost:3000/_next/static/chunks/node_modules_%40supabase_auth-js_dist_module_0.pzobh._.js:667:42
    at http://localhost:3000/_next/static/chunks/node_modules_%40supabase_auth-js_dist_module_0.pzobh._.js:679:11
    at new Promise (<anonymous>)
    at retryable (http://localhost:3000/_next/static/chunks/node_modules_%40supabase_auth-js_dist_module_0.pzobh._.js:661:21)
    at SupabaseAuthClient._refreshAccessToken (http://localhost:3000/_next/static/chunks/node_modules_%40supabase_auth-js_dist_module_0.pzobh._.js:7477:219)
    at SupabaseAuthClient._callRefreshToken (http://localhost:3000/_next/static/chunks/node_modules_%40supabase_auth-js_dist_module_0.pzobh._.js:7633:48)
    at SupabaseAuthClient.__loadSession (http://localhost:3000/_next/static/chunks/node_modules_%40supabase_auth-js_dist_module_0.pzobh._.js:5996:57)
    at async SupabaseAuthClient._useSession (http://localhost:3000/_next/static/chunks/node_modules_%40supabase_auth-js_dist_module_0.pzobh._.js:5926:28)
    at async http://localhost:3000/_next/static/chunks/node_modules_%40supabase_auth-js_dist_module_0.pzobh._.js:7903:32
    at async http://localhost:3000/_next/static/chunks/node_modules_%40supabase_auth-js_dist_module_0.pzobh._.js:5875:28 @ http://localhost:3000/_next/static/chunks/node_modules_next_dist_115brz8._.js:3272
[52183752ms] [ERROR] Failed to load resource: net::ERR_QUIC_PROTOCOL_ERROR @ https://wnitkyyodymmjedlttex.supabase.co/auth/v1/token?grant_type=refresh_token:0
[52183753ms] [ERROR] TypeError: Failed to fetch
    at http://localhost:3000/_next/static/chunks/node_modules_%40supabase_auth-js_dist_module_0.pzobh._.js:597:23
    at _handleRequest (http://localhost:3000/_next/static/chunks/node_modules_%40supabase_auth-js_dist_module_0.pzobh._.js:951:24)
    at _request (http://localhost:3000/_next/static/chunks/node_modules_%40supabase_auth-js_dist_module_0.pzobh._.js:938:24)
    at http://localhost:3000/_next/static/chunks/node_modules_%40supabase_auth-js_dist_module_0.pzobh._.js:7482:220
    at async http://localhost:3000/_next/static/chunks/node_modules_%40supabase_auth-js_dist_module_0.pzobh._.js:667:36 @ http://localhost:3000/_next/static/chunks/node_modules_next_dist_115brz8._.js:3272
[52188163ms] [ERROR] Failed to load resource: net::ERR_QUIC_PROTOCOL_ERROR @ https://wnitkyyodymmjedlttex.supabase.co/auth/v1/token?grant_type=refresh_token:0
[52188164ms] [ERROR] TypeError: Failed to fetch
    at http://localhost:3000/_next/static/chunks/node_modules_%40supabase_auth-js_dist_module_0.pzobh._.js:597:23
    at _handleRequest (http://localhost:3000/_next/static/chunks/node_modules_%40supabase_auth-js_dist_module_0.pzobh._.js:951:24)
    at _request (http://localhost:3000/_next/static/chunks/node_modules_%40supabase_auth-js_dist_module_0.pzobh._.js:938:24)
    at http://localhost:3000/_next/static/chunks/node_modules_%40supabase_auth-js_dist_module_0.pzobh._.js:7482:220
    at async http://localhost:3000/_next/static/chunks/node_modules_%40supabase_auth-js_dist_module_0.pzobh._.js:667:36 @ http://localhost:3000/_next/static/chunks/node_modules_next_dist_115brz8._.js:3272
[52192986ms] [ERROR] Failed to load resource: net::ERR_QUIC_PROTOCOL_ERROR @ https://wnitkyyodymmjedlttex.supabase.co/auth/v1/token?grant_type=refresh_token:0
[52192986ms] [ERROR] TypeError: Failed to fetch
    at http://localhost:3000/_next/static/chunks/node_modules_%40supabase_auth-js_dist_module_0.pzobh._.js:597:23
    at _handleRequest (http://localhost:3000/_next/static/chunks/node_modules_%40supabase_auth-js_dist_module_0.pzobh._.js:951:24)
    at _request (http://localhost:3000/_next/static/chunks/node_modules_%40supabase_auth-js_dist_module_0.pzobh._.js:938:24)
    at http://localhost:3000/_next/static/chunks/node_modules_%40supabase_auth-js_dist_module_0.pzobh._.js:7482:220
    at async http://localhost:3000/_next/static/chunks/node_modules_%40supabase_auth-js_dist_module_0.pzobh._.js:667:36 @ http://localhost:3000/_next/static/chunks/node_modules_next_dist_115brz8._.js:3272
[52198611ms] [ERROR] Failed to load resource: net::ERR_QUIC_PROTOCOL_ERROR @ https://wnitkyyodymmjedlttex.supabase.co/auth/v1/token?grant_type=refresh_token:0
[52198611ms] [ERROR] TypeError: Failed to fetch
    at http://localhost:3000/_next/static/chunks/node_modules_%40supabase_auth-js_dist_module_0.pzobh._.js:597:23
    at _handleRequest (http://localhost:3000/_next/static/chunks/node_modules_%40supabase_auth-js_dist_module_0.pzobh._.js:951:24)
    at _request (http://localhost:3000/_next/static/chunks/node_modules_%40supabase_auth-js_dist_module_0.pzobh._.js:938:24)
    at http://localhost:3000/_next/static/chunks/node_modules_%40supabase_auth-js_dist_module_0.pzobh._.js:7482:220
    at async http://localhost:3000/_next/static/chunks/node_modules_%40supabase_auth-js_dist_module_0.pzobh._.js:667:36 @ http://localhost:3000/_next/static/chunks/node_modules_next_dist_115brz8._.js:3272
[52205821ms] [ERROR] Failed to load resource: net::ERR_QUIC_PROTOCOL_ERROR @ https://wnitkyyodymmjedlttex.supabase.co/auth/v1/token?grant_type=refresh_token:0
[52205821ms] [ERROR] TypeError: Failed to fetch
    at http://localhost:3000/_next/static/chunks/node_modules_%40supabase_auth-js_dist_module_0.pzobh._.js:597:23
    at _handleRequest (http://localhost:3000/_next/static/chunks/node_modules_%40supabase_auth-js_dist_module_0.pzobh._.js:951:24)
    at _request (http://localhost:3000/_next/static/chunks/node_modules_%40supabase_auth-js_dist_module_0.pzobh._.js:938:24)
    at http://localhost:3000/_next/static/chunks/node_modules_%40supabase_auth-js_dist_module_0.pzobh._.js:7482:220
    at async http://localhost:3000/_next/static/chunks/node_modules_%40supabase_auth-js_dist_module_0.pzobh._.js:667:36 @ http://localhost:3000/_next/static/chunks/node_modules_next_dist_115brz8._.js:3272
[52209827ms] [ERROR] Failed to load resource: net::ERR_QUIC_PROTOCOL_ERROR @ https://wnitkyyodymmjedlttex.supabase.co/auth/v1/token?grant_type=refresh_token:0
[52209827ms] [ERROR] TypeError: Failed to fetch
    at http://localhost:3000/_next/static/chunks/node_modules_%40supabase_auth-js_dist_module_0.pzobh._.js:597:23
    at _handleRequest (http://localhost:3000/_next/static/chunks/node_modules_%40supabase_auth-js_dist_module_0.pzobh._.js:951:24)
    at _request (http://localhost:3000/_next/static/chunks/node_modules_%40supabase_auth-js_dist_module_0.pzobh._.js:938:24)
    at http://localhost:3000/_next/static/chunks/node_modules_%40supabase_auth-js_dist_module_0.pzobh._.js:7482:220
    at http://localhost:3000/_next/static/chunks/node_modules_%40supabase_auth-js_dist_module_0.pzobh._.js:667:42
    at http://localhost:3000/_next/static/chunks/node_modules_%40supabase_auth-js_dist_module_0.pzobh._.js:679:11
    at new Promise (<anonymous>)
    at retryable (http://localhost:3000/_next/static/chunks/node_modules_%40supabase_auth-js_dist_module_0.pzobh._.js:661:21)
    at SupabaseAuthClient._refreshAccessToken (http://localhost:3000/_next/static/chunks/node_modules_%40supabase_auth-js_dist_module_0.pzobh._.js:7477:219)
    at SupabaseAuthClient._callRefreshToken (http://localhost:3000/_next/static/chunks/node_modules_%40supabase_auth-js_dist_module_0.pzobh._.js:7633:48)
    at SupabaseAuthClient.__loadSession (http://localhost:3000/_next/static/chunks/node_modules_%40supabase_auth-js_dist_module_0.pzobh._.js:5996:57)
    at async SupabaseAuthClient._useSession (http://localhost:3000/_next/static/chunks/node_modules_%40supabase_auth-js_dist_module_0.pzobh._.js:5926:28)
    at async http://localhost:3000/_next/static/chunks/node_modules_%40supabase_auth-js_dist_module_0.pzobh._.js:7903:32
    at async http://localhost:3000/_next/static/chunks/node_modules_%40supabase_auth-js_dist_module_0.pzobh._.js:5875:28 @ http://localhost:3000/_next/static/chunks/node_modules_next_dist_115brz8._.js:3272
[52214048ms] [ERROR] Failed to load resource: net::ERR_QUIC_PROTOCOL_ERROR @ https://wnitkyyodymmjedlttex.supabase.co/auth/v1/token?grant_type=refresh_token:0
[52214048ms] [ERROR] TypeError: Failed to fetch
    at http://localhost:3000/_next/static/chunks/node_modules_%40supabase_auth-js_dist_module_0.pzobh._.js:597:23
    at _handleRequest (http://localhost:3000/_next/static/chunks/node_modules_%40supabase_auth-js_dist_module_0.pzobh._.js:951:24)
    at _request (http://localhost:3000/_next/static/chunks/node_modules_%40supabase_auth-js_dist_module_0.pzobh._.js:938:24)
    at http://localhost:3000/_next/static/chunks/node_modules_%40supabase_auth-js_dist_module_0.pzobh._.js:7482:220
    at async http://localhost:3000/_next/static/chunks/node_modules_%40supabase_auth-js_dist_module_0.pzobh._.js:667:36 @ http://localhost:3000/_next/static/chunks/node_modules_next_dist_115brz8._.js:3272
[52218464ms] [ERROR] Failed to load resource: net::ERR_QUIC_PROTOCOL_ERROR @ https://wnitkyyodymmjedlttex.supabase.co/auth/v1/token?grant_type=refresh_token:0
[52218464ms] [ERROR] TypeError: Failed to fetch
    at http://localhost:3000/_next/static/chunks/node_modules_%40supabase_auth-js_dist_module_0.pzobh._.js:597:23
    at _handleRequest (http://localhost:3000/_next/static/chunks/node_modules_%40supabase_auth-js_dist_module_0.pzobh._.js:951:24)
    at _request (http://localhost:3000/_next/static/chunks/node_modules_%40supabase_auth-js_dist_module_0.pzobh._.js:938:24)
    at http://localhost:3000/_next/static/chunks/node_modules_%40supabase_auth-js_dist_module_0.pzobh._.js:7482:220
    at async http://localhost:3000/_next/static/chunks/node_modules_%40supabase_auth-js_dist_module_0.pzobh._.js:667:36 @ http://localhost:3000/_next/static/chunks/node_modules_next_dist_115brz8._.js:3272
[52223285ms] [ERROR] Failed to load resource: net::ERR_QUIC_PROTOCOL_ERROR @ https://wnitkyyodymmjedlttex.supabase.co/auth/v1/token?grant_type=refresh_token:0
[52223285ms] [ERROR] TypeError: Failed to fetch
    at http://localhost:3000/_next/static/chunks/node_modules_%40supabase_auth-js_dist_module_0.pzobh._.js:597:23
    at _handleRequest (http://localhost:3000/_next/static/chunks/node_modules_%40supabase_auth-js_dist_module_0.pzobh._.js:951:24)
    at _request (http://localhost:3000/_next/static/chunks/node_modules_%40supabase_auth-js_dist_module_0.pzobh._.js:938:24)
    at http://localhost:3000/_next/static/chunks/node_modules_%40supabase_auth-js_dist_module_0.pzobh._.js:7482:220
    at async http://localhost:3000/_next/static/chunks/node_modules_%40supabase_auth-js_dist_module_0.pzobh._.js:667:36 @ http://localhost:3000/_next/static/chunks/node_modules_next_dist_115brz8._.js:3272
[52228908ms] [ERROR] Failed to load resource: net::ERR_QUIC_PROTOCOL_ERROR @ https://wnitkyyodymmjedlttex.supabase.co/auth/v1/token?grant_type=refresh_token:0
[52228908ms] [ERROR] TypeError: Failed to fetch
    at http://localhost:3000/_next/static/chunks/node_modules_%40supabase_auth-js_dist_module_0.pzobh._.js:597:23
    at _handleRequest (http://localhost:3000/_next/static/chunks/node_modules_%40supabase_auth-js_dist_module_0.pzobh._.js:951:24)
    at _request (http://localhost:3000/_next/static/chunks/node_modules_%40supabase_auth-js_dist_module_0.pzobh._.js:938:24)
    at http://localhost:3000/_next/static/chunks/node_modules_%40supabase_auth-js_dist_module_0.pzobh._.js:7482:220
    at async http://localhost:3000/_next/static/chunks/node_modules_%40supabase_auth-js_dist_module_0.pzobh._.js:667:36 @ http://localhost:3000/_next/static/chunks/node_modules_next_dist_115brz8._.js:3272
[52236139ms] [ERROR] Failed to load resource: net::ERR_QUIC_PROTOCOL_ERROR @ https://wnitkyyodymmjedlttex.supabase.co/auth/v1/token?grant_type=refresh_token:0
[52236140ms] [ERROR] TypeError: Failed to fetch
    at http://localhost:3000/_next/static/chunks/node_modules_%40supabase_auth-js_dist_module_0.pzobh._.js:597:23
    at _handleRequest (http://localhost:3000/_next/static/chunks/node_modules_%40supabase_auth-js_dist_module_0.pzobh._.js:951:24)
    at _request (http://localhost:3000/_next/static/chunks/node_modules_%40supabase_auth-js_dist_module_0.pzobh._.js:938:24)
    at http://localhost:3000/_next/static/chunks/node_modules_%40supabase_auth-js_dist_module_0.pzobh._.js:7482:220
    at async http://localhost:3000/_next/static/chunks/node_modules_%40supabase_auth-js_dist_module_0.pzobh._.js:667:36 @ http://localhost:3000/_next/static/chunks/node_modules_next_dist_115brz8._.js:3272
[52240146ms] [ERROR] Failed to load resource: net::ERR_QUIC_PROTOCOL_ERROR @ https://wnitkyyodymmjedlttex.supabase.co/auth/v1/token?grant_type=refresh_token:0
[52240146ms] [ERROR] TypeError: Failed to fetch
    at http://localhost:3000/_next/static/chunks/node_modules_%40supabase_auth-js_dist_module_0.pzobh._.js:597:23
    at _handleRequest (http://localhost:3000/_next/static/chunks/node_modules_%40supabase_auth-js_dist_module_0.pzobh._.js:951:24)
    at _request (http://localhost:3000/_next/static/chunks/node_modules_%40supabase_auth-js_dist_module_0.pzobh._.js:938:24)
    at http://localhost:3000/_next/static/chunks/node_modules_%40supabase_auth-js_dist_module_0.pzobh._.js:7482:220
    at http://localhost:3000/_next/static/chunks/node_modules_%40supabase_auth-js_dist_module_0.pzobh._.js:667:42
    at http://localhost:3000/_next/static/chunks/node_modules_%40supabase_auth-js_dist_module_0.pzobh._.js:679:11
    at new Promise (<anonymous>)
    at retryable (http://localhost:3000/_next/static/chunks/node_modules_%40supabase_auth-js_dist_module_0.pzobh._.js:661:21)
    at SupabaseAuthClient._refreshAccessToken (http://localhost:3000/_next/static/chunks/node_modules_%40supabase_auth-js_dist_module_0.pzobh._.js:7477:219)
    at SupabaseAuthClient._callRefreshToken (http://localhost:3000/_next/static/chunks/node_modules_%40supabase_auth-js_dist_module_0.pzobh._.js:7633:48)
    at SupabaseAuthClient.__loadSession (http://localhost:3000/_next/static/chunks/node_modules_%40supabase_auth-js_dist_module_0.pzobh._.js:5996:57)
    at async SupabaseAuthClient._useSession (http://localhost:3000/_next/static/chunks/node_modules_%40supabase_auth-js_dist_module_0.pzobh._.js:5926:28)
    at async http://localhost:3000/_next/static/chunks/node_modules_%40supabase_auth-js_dist_module_0.pzobh._.js:7903:32
    at async http://localhost:3000/_next/static/chunks/node_modules_%40supabase_auth-js_dist_module_0.pzobh._.js:5875:28 @ http://localhost:3000/_next/static/chunks/node_modules_next_dist_115brz8._.js:3272
[52244362ms] [ERROR] Failed to load resource: net::ERR_QUIC_PROTOCOL_ERROR @ https://wnitkyyodymmjedlttex.supabase.co/auth/v1/token?grant_type=refresh_token:0
[52244362ms] [ERROR] TypeError: Failed to fetch
    at http://localhost:3000/_next/static/chunks/node_modules_%40supabase_auth-js_dist_module_0.pzobh._.js:597:23
    at _handleRequest (http://localhost:3000/_next/static/chunks/node_modules_%40supabase_auth-js_dist_module_0.pzobh._.js:951:24)
    at _request (http://localhost:3000/_next/static/chunks/node_modules_%40supabase_auth-js_dist_module_0.pzobh._.js:938:24)
    at http://localhost:3000/_next/static/chunks/node_modules_%40supabase_auth-js_dist_module_0.pzobh._.js:7482:220
    at async http://localhost:3000/_next/static/chunks/node_modules_%40supabase_auth-js_dist_module_0.pzobh._.js:667:36 @ http://localhost:3000/_next/static/chunks/node_modules_next_dist_115brz8._.js:3272
[52248772ms] [ERROR] Failed to load resource: net::ERR_QUIC_PROTOCOL_ERROR @ https://wnitkyyodymmjedlttex.supabase.co/auth/v1/token?grant_type=refresh_token:0
[52248773ms] [ERROR] TypeError: Failed to fetch
    at http://localhost:3000/_next/static/chunks/node_modules_%40supabase_auth-js_dist_module_0.pzobh._.js:597:23
    at _handleRequest (http://localhost:3000/_next/static/chunks/node_modules_%40supabase_auth-js_dist_module_0.pzobh._.js:951:24)
    at _request (http://localhost:3000/_next/static/chunks/node_modules_%40supabase_auth-js_dist_module_0.pzobh._.js:938:24)
    at http://localhost:3000/_next/static/chunks/node_modules_%40supabase_auth-js_dist_module_0.pzobh._.js:7482:220
    at async http://localhost:3000/_next/static/chunks/node_modules_%40supabase_auth-js_dist_module_0.pzobh._.js:667:36 @ http://localhost:3000/_next/static/chunks/node_modules_next_dist_115brz8._.js:3272
[52253590ms] [ERROR] Failed to load resource: net::ERR_QUIC_PROTOCOL_ERROR @ https://wnitkyyodymmjedlttex.supabase.co/auth/v1/token?grant_type=refresh_token:0
[52253590ms] [ERROR] TypeError: Failed to fetch
    at http://localhost:3000/_next/static/chunks/node_modules_%40supabase_auth-js_dist_module_0.pzobh._.js:597:23
    at _handleRequest (http://localhost:3000/_next/static/chunks/node_modules_%40supabase_auth-js_dist_module_0.pzobh._.js:951:24)
    at _request (http://localhost:3000/_next/static/chunks/node_modules_%40supabase_auth-js_dist_module_0.pzobh._.js:938:24)
    at http://localhost:3000/_next/static/chunks/node_modules_%40supabase_auth-js_dist_module_0.pzobh._.js:7482:220
    at async http://localhost:3000/_next/static/chunks/node_modules_%40supabase_auth-js_dist_module_0.pzobh._.js:667:36 @ http://localhost:3000/_next/static/chunks/node_modules_next_dist_115brz8._.js:3272
[52259210ms] [ERROR] Failed to load resource: net::ERR_QUIC_PROTOCOL_ERROR @ https://wnitkyyodymmjedlttex.supabase.co/auth/v1/token?grant_type=refresh_token:0
[52259210ms] [ERROR] TypeError: Failed to fetch
    at http://localhost:3000/_next/static/chunks/node_modules_%40supabase_auth-js_dist_module_0.pzobh._.js:597:23
    at _handleRequest (http://localhost:3000/_next/static/chunks/node_modules_%40supabase_auth-js_dist_module_0.pzobh._.js:951:24)
    at _request (http://localhost:3000/_next/static/chunks/node_modules_%40supabase_auth-js_dist_module_0.pzobh._.js:938:24)
    at http://localhost:3000/_next/static/chunks/node_modules_%40supabase_auth-js_dist_module_0.pzobh._.js:7482:220
    at async http://localhost:3000/_next/static/chunks/node_modules_%40supabase_auth-js_dist_module_0.pzobh._.js:667:36 @ http://localhost:3000/_next/static/chunks/node_modules_next_dist_115brz8._.js:3272
[52266441ms] [ERROR] Failed to load resource: net::ERR_QUIC_PROTOCOL_ERROR @ https://wnitkyyodymmjedlttex.supabase.co/auth/v1/token?grant_type=refresh_token:0
[52266441ms] [ERROR] TypeError: Failed to fetch
    at http://localhost:3000/_next/static/chunks/node_modules_%40supabase_auth-js_dist_module_0.pzobh._.js:597:23
    at _handleRequest (http://localhost:3000/_next/static/chunks/node_modules_%40supabase_auth-js_dist_module_0.pzobh._.js:951:24)
    at _request (http://localhost:3000/_next/static/chunks/node_modules_%40supabase_auth-js_dist_module_0.pzobh._.js:938:24)
    at http://localhost:3000/_next/static/chunks/node_modules_%40supabase_auth-js_dist_module_0.pzobh._.js:7482:220
    at async http://localhost:3000/_next/static/chunks/node_modules_%40supabase_auth-js_dist_module_0.pzobh._.js:667:36 @ http://localhost:3000/_next/static/chunks/node_modules_next_dist_115brz8._.js:3272
[52270447ms] [ERROR] Failed to load resource: net::ERR_QUIC_PROTOCOL_ERROR @ https://wnitkyyodymmjedlttex.supabase.co/auth/v1/token?grant_type=refresh_token:0
[52270448ms] [ERROR] TypeError: Failed to fetch
    at http://localhost:3000/_next/static/chunks/node_modules_%40supabase_auth-js_dist_module_0.pzobh._.js:597:23
    at _handleRequest (http://localhost:3000/_next/static/chunks/node_modules_%40supabase_auth-js_dist_module_0.pzobh._.js:951:24)
    at _request (http://localhost:3000/_next/static/chunks/node_modules_%40supabase_auth-js_dist_module_0.pzobh._.js:938:24)
    at http://localhost:3000/_next/static/chunks/node_modules_%40supabase_auth-js_dist_module_0.pzobh._.js:7482:220
    at http://localhost:3000/_next/static/chunks/node_modules_%40supabase_auth-js_dist_module_0.pzobh._.js:667:42
    at http://localhost:3000/_next/static/chunks/node_modules_%40supabase_auth-js_dist_module_0.pzobh._.js:679:11
    at new Promise (<anonymous>)
    at retryable (http://localhost:3000/_next/static/chunks/node_modules_%40supabase_auth-js_dist_module_0.pzobh._.js:661:21)
    at SupabaseAuthClient._refreshAccessToken (http://localhost:3000/_next/static/chunks/node_modules_%40supabase_auth-js_dist_module_0.pzobh._.js:7477:219)
    at SupabaseAuthClient._callRefreshToken (http://localhost:3000/_next/static/chunks/node_modules_%40supabase_auth-js_dist_module_0.pzobh._.js:7633:48)
    at SupabaseAuthClient.__loadSession (http://localhost:3000/_next/static/chunks/node_modules_%40supabase_auth-js_dist_module_0.pzobh._.js:5996:57)
    at async SupabaseAuthClient._useSession (http://localhost:3000/_next/static/chunks/node_modules_%40supabase_auth-js_dist_module_0.pzobh._.js:5926:28)
    at async http://localhost:3000/_next/static/chunks/node_modules_%40supabase_auth-js_dist_module_0.pzobh._.js:7903:32
    at async http://localhost:3000/_next/static/chunks/node_modules_%40supabase_auth-js_dist_module_0.pzobh._.js:5875:28 @ http://localhost:3000/_next/static/chunks/node_modules_next_dist_115brz8._.js:3272
[52274658ms] [ERROR] Failed to load resource: net::ERR_QUIC_PROTOCOL_ERROR @ https://wnitkyyodymmjedlttex.supabase.co/auth/v1/token?grant_type=refresh_token:0
[52274659ms] [ERROR] TypeError: Failed to fetch
    at http://localhost:3000/_next/static/chunks/node_modules_%40supabase_auth-js_dist_module_0.pzobh._.js:597:23
    at _handleRequest (http://localhost:3000/_next/static/chunks/node_modules_%40supabase_auth-js_dist_module_0.pzobh._.js:951:24)
    at _request (http://localhost:3000/_next/static/chunks/node_modules_%40supabase_auth-js_dist_module_0.pzobh._.js:938:24)
    at http://localhost:3000/_next/static/chunks/node_modules_%40supabase_auth-js_dist_module_0.pzobh._.js:7482:220
    at async http://localhost:3000/_next/static/chunks/node_modules_%40supabase_auth-js_dist_module_0.pzobh._.js:667:36 @ http://localhost:3000/_next/static/chunks/node_modules_next_dist_115brz8._.js:3272
[52279075ms] [ERROR] Failed to load resource: net::ERR_QUIC_PROTOCOL_ERROR @ https://wnitkyyodymmjedlttex.supabase.co/auth/v1/token?grant_type=refresh_token:0
[52279075ms] [ERROR] TypeError: Failed to fetch
    at http://localhost:3000/_next/static/chunks/node_modules_%40supabase_auth-js_dist_module_0.pzobh._.js:597:23
    at _handleRequest (http://localhost:3000/_next/static/chunks/node_modules_%40supabase_auth-js_dist_module_0.pzobh._.js:951:24)
    at _request (http://localhost:3000/_next/static/chunks/node_modules_%40supabase_auth-js_dist_module_0.pzobh._.js:938:24)
    at http://localhost:3000/_next/static/chunks/node_modules_%40supabase_auth-js_dist_module_0.pzobh._.js:7482:220
    at async http://localhost:3000/_next/static/chunks/node_modules_%40supabase_auth-js_dist_module_0.pzobh._.js:667:36 @ http://localhost:3000/_next/static/chunks/node_modules_next_dist_115brz8._.js:3272
[52283885ms] [ERROR] Failed to load resource: net::ERR_QUIC_PROTOCOL_ERROR @ https://wnitkyyodymmjedlttex.supabase.co/auth/v1/token?grant_type=refresh_token:0
[52283886ms] [ERROR] TypeError: Failed to fetch
    at http://localhost:3000/_next/static/chunks/node_modules_%40supabase_auth-js_dist_module_0.pzobh._.js:597:23
    at _handleRequest (http://localhost:3000/_next/static/chunks/node_modules_%40supabase_auth-js_dist_module_0.pzobh._.js:951:24)
    at _request (http://localhost:3000/_next/static/chunks/node_modules_%40supabase_auth-js_dist_module_0.pzobh._.js:938:24)
    at http://localhost:3000/_next/static/chunks/node_modules_%40supabase_auth-js_dist_module_0.pzobh._.js:7482:220
    at async http://localhost:3000/_next/static/chunks/node_modules_%40supabase_auth-js_dist_module_0.pzobh._.js:667:36 @ http://localhost:3000/_next/static/chunks/node_modules_next_dist_115brz8._.js:3272
[52289509ms] [ERROR] Failed to load resource: net::ERR_QUIC_PROTOCOL_ERROR @ https://wnitkyyodymmjedlttex.supabase.co/auth/v1/token?grant_type=refresh_token:0
[52289509ms] [ERROR] TypeError: Failed to fetch
    at http://localhost:3000/_next/static/chunks/node_modules_%40supabase_auth-js_dist_module_0.pzobh._.js:597:23
    at _handleRequest (http://localhost:3000/_next/static/chunks/node_modules_%40supabase_auth-js_dist_module_0.pzobh._.js:951:24)
    at _request (http://localhost:3000/_next/static/chunks/node_modules_%40supabase_auth-js_dist_module_0.pzobh._.js:938:24)
    at http://localhost:3000/_next/static/chunks/node_modules_%40supabase_auth-js_dist_module_0.pzobh._.js:7482:220
    at async http://localhost:3000/_next/static/chunks/node_modules_%40supabase_auth-js_dist_module_0.pzobh._.js:667:36 @ http://localhost:3000/_next/static/chunks/node_modules_next_dist_115brz8._.js:3272
[52296734ms] [ERROR] Failed to load resource: net::ERR_QUIC_PROTOCOL_ERROR @ https://wnitkyyodymmjedlttex.supabase.co/auth/v1/token?grant_type=refresh_token:0
[52296734ms] [ERROR] TypeError: Failed to fetch
    at http://localhost:3000/_next/static/chunks/node_modules_%40supabase_auth-js_dist_module_0.pzobh._.js:597:23
    at _handleRequest (http://localhost:3000/_next/static/chunks/node_modules_%40supabase_auth-js_dist_module_0.pzobh._.js:951:24)
    at _request (http://localhost:3000/_next/static/chunks/node_modules_%40supabase_auth-js_dist_module_0.pzobh._.js:938:24)
    at http://localhost:3000/_next/static/chunks/node_modules_%40supabase_auth-js_dist_module_0.pzobh._.js:7482:220
    at async http://localhost:3000/_next/static/chunks/node_modules_%40supabase_auth-js_dist_module_0.pzobh._.js:667:36 @ http://localhost:3000/_next/static/chunks/node_modules_next_dist_115brz8._.js:3272
[52300744ms] [ERROR] Failed to load resource: net::ERR_QUIC_PROTOCOL_ERROR @ https://wnitkyyodymmjedlttex.supabase.co/auth/v1/token?grant_type=refresh_token:0
[52300744ms] [ERROR] TypeError: Failed to fetch
    at http://localhost:3000/_next/static/chunks/node_modules_%40supabase_auth-js_dist_module_0.pzobh._.js:597:23
    at _handleRequest (http://localhost:3000/_next/static/chunks/node_modules_%40supabase_auth-js_dist_module_0.pzobh._.js:951:24)
    at _request (http://localhost:3000/_next/static/chunks/node_modules_%40supabase_auth-js_dist_module_0.pzobh._.js:938:24)
    at http://localhost:3000/_next/static/chunks/node_modules_%40supabase_auth-js_dist_module_0.pzobh._.js:7482:220
    at http://localhost:3000/_next/static/chunks/node_modules_%40supabase_auth-js_dist_module_0.pzobh._.js:667:42
    at http://localhost:3000/_next/static/chunks/node_modules_%40supabase_auth-js_dist_module_0.pzobh._.js:679:11
    at new Promise (<anonymous>)
    at retryable (http://localhost:3000/_next/static/chunks/node_modules_%40supabase_auth-js_dist_module_0.pzobh._.js:661:21)
    at SupabaseAuthClient._refreshAccessToken (http://localhost:3000/_next/static/chunks/node_modules_%40supabase_auth-js_dist_module_0.pzobh._.js:7477:219)
    at SupabaseAuthClient._callRefreshToken (http://localhost:3000/_next/static/chunks/node_modules_%40supabase_auth-js_dist_module_0.pzobh._.js:7633:48)
    at SupabaseAuthClient.__loadSession (http://localhost:3000/_next/static/chunks/node_modules_%40supabase_auth-js_dist_module_0.pzobh._.js:5996:57)
    at async SupabaseAuthClient._useSession (http://localhost:3000/_next/static/chunks/node_modules_%40supabase_auth-js_dist_module_0.pzobh._.js:5926:28)
    at async http://localhost:3000/_next/static/chunks/node_modules_%40supabase_auth-js_dist_module_0.pzobh._.js:7903:32
    at async http://localhost:3000/_next/static/chunks/node_modules_%40supabase_auth-js_dist_module_0.pzobh._.js:5875:28 @ http://localhost:3000/_next/static/chunks/node_modules_next_dist_115brz8._.js:3272
[52304953ms] [ERROR] Failed to load resource: net::ERR_QUIC_PROTOCOL_ERROR @ https://wnitkyyodymmjedlttex.supabase.co/auth/v1/token?grant_type=refresh_token:0
[52304953ms] [ERROR] TypeError: Failed to fetch
    at http://localhost:3000/_next/static/chunks/node_modules_%40supabase_auth-js_dist_module_0.pzobh._.js:597:23
    at _handleRequest (http://localhost:3000/_next/static/chunks/node_modules_%40supabase_auth-js_dist_module_0.pzobh._.js:951:24)
    at _request (http://localhost:3000/_next/static/chunks/node_modules_%40supabase_auth-js_dist_module_0.pzobh._.js:938:24)
    at http://localhost:3000/_next/static/chunks/node_modules_%40supabase_auth-js_dist_module_0.pzobh._.js:7482:220
    at async http://localhost:3000/_next/static/chunks/node_modules_%40supabase_auth-js_dist_module_0.pzobh._.js:667:36 @ http://localhost:3000/_next/static/chunks/node_modules_next_dist_115brz8._.js:3272
[52309374ms] [ERROR] Failed to load resource: net::ERR_QUIC_PROTOCOL_ERROR @ https://wnitkyyodymmjedlttex.supabase.co/auth/v1/token?grant_type=refresh_token:0
[52309374ms] [ERROR] TypeError: Failed to fetch
    at http://localhost:3000/_next/static/chunks/node_modules_%40supabase_auth-js_dist_module_0.pzobh._.js:597:23
    at _handleRequest (http://localhost:3000/_next/static/chunks/node_modules_%40supabase_auth-js_dist_module_0.pzobh._.js:951:24)
    at _request (http://localhost:3000/_next/static/chunks/node_modules_%40supabase_auth-js_dist_module_0.pzobh._.js:938:24)
    at http://localhost:3000/_next/static/chunks/node_modules_%40supabase_auth-js_dist_module_0.pzobh._.js:7482:220
    at async http://localhost:3000/_next/static/chunks/node_modules_%40supabase_auth-js_dist_module_0.pzobh._.js:667:36 @ http://localhost:3000/_next/static/chunks/node_modules_next_dist_115brz8._.js:3272
[52314188ms] [ERROR] Failed to load resource: net::ERR_QUIC_PROTOCOL_ERROR @ https://wnitkyyodymmjedlttex.supabase.co/auth/v1/token?grant_type=refresh_token:0
[52314188ms] [ERROR] TypeError: Failed to fetch
    at http://localhost:3000/_next/static/chunks/node_modules_%40supabase_auth-js_dist_module_0.pzobh._.js:597:23
    at _handleRequest (http://localhost:3000/_next/static/chunks/node_modules_%40supabase_auth-js_dist_module_0.pzobh._.js:951:24)
    at _request (http://localhost:3000/_next/static/chunks/node_modules_%40supabase_auth-js_dist_module_0.pzobh._.js:938:24)
    at http://localhost:3000/_next/static/chunks/node_modules_%40supabase_auth-js_dist_module_0.pzobh._.js:7482:220
    at async http://localhost:3000/_next/static/chunks/node_modules_%40supabase_auth-js_dist_module_0.pzobh._.js:667:36 @ http://localhost:3000/_next/static/chunks/node_modules_next_dist_115brz8._.js:3272
[52319804ms] [ERROR] Failed to load resource: net::ERR_QUIC_PROTOCOL_ERROR @ https://wnitkyyodymmjedlttex.supabase.co/auth/v1/token?grant_type=refresh_token:0
[52319804ms] [ERROR] TypeError: Failed to fetch
    at http://localhost:3000/_next/static/chunks/node_modules_%40supabase_auth-js_dist_module_0.pzobh._.js:597:23
    at _handleRequest (http://localhost:3000/_next/static/chunks/node_modules_%40supabase_auth-js_dist_module_0.pzobh._.js:951:24)
    at _request (http://localhost:3000/_next/static/chunks/node_modules_%40supabase_auth-js_dist_module_0.pzobh._.js:938:24)
    at http://localhost:3000/_next/static/chunks/node_modules_%40supabase_auth-js_dist_module_0.pzobh._.js:7482:220
    at async http://localhost:3000/_next/static/chunks/node_modules_%40supabase_auth-js_dist_module_0.pzobh._.js:667:36 @ http://localhost:3000/_next/static/chunks/node_modules_next_dist_115brz8._.js:3272
[52327020ms] [ERROR] Failed to load resource: net::ERR_QUIC_PROTOCOL_ERROR @ https://wnitkyyodymmjedlttex.supabase.co/auth/v1/token?grant_type=refresh_token:0
[52327020ms] [ERROR] TypeError: Failed to fetch
    at http://localhost:3000/_next/static/chunks/node_modules_%40supabase_auth-js_dist_module_0.pzobh._.js:597:23
    at _handleRequest (http://localhost:3000/_next/static/chunks/node_modules_%40supabase_auth-js_dist_module_0.pzobh._.js:951:24)
    at _request (http://localhost:3000/_next/static/chunks/node_modules_%40supabase_auth-js_dist_module_0.pzobh._.js:938:24)
    at http://localhost:3000/_next/static/chunks/node_modules_%40supabase_auth-js_dist_module_0.pzobh._.js:7482:220
    at async http://localhost:3000/_next/static/chunks/node_modules_%40supabase_auth-js_dist_module_0.pzobh._.js:667:36 @ http://localhost:3000/_next/static/chunks/node_modules_next_dist_115brz8._.js:3272
[52331031ms] [ERROR] Failed to load resource: net::ERR_QUIC_PROTOCOL_ERROR @ https://wnitkyyodymmjedlttex.supabase.co/auth/v1/token?grant_type=refresh_token:0
[52331032ms] [ERROR] TypeError: Failed to fetch
    at http://localhost:3000/_next/static/chunks/node_modules_%40supabase_auth-js_dist_module_0.pzobh._.js:597:23
    at _handleRequest (http://localhost:3000/_next/static/chunks/node_modules_%40supabase_auth-js_dist_module_0.pzobh._.js:951:24)
    at _request (http://localhost:3000/_next/static/chunks/node_modules_%40supabase_auth-js_dist_module_0.pzobh._.js:938:24)
    at http://localhost:3000/_next/static/chunks/node_modules_%40supabase_auth-js_dist_module_0.pzobh._.js:7482:220
    at http://localhost:3000/_next/static/chunks/node_modules_%40supabase_auth-js_dist_module_0.pzobh._.js:667:42
    at http://localhost:3000/_next/static/chunks/node_modules_%40supabase_auth-js_dist_module_0.pzobh._.js:679:11
    at new Promise (<anonymous>)
    at retryable (http://localhost:3000/_next/static/chunks/node_modules_%40supabase_auth-js_dist_module_0.pzobh._.js:661:21)
    at SupabaseAuthClient._refreshAccessToken (http://localhost:3000/_next/static/chunks/node_modules_%40supabase_auth-js_dist_module_0.pzobh._.js:7477:219)
    at SupabaseAuthClient._callRefreshToken (http://localhost:3000/_next/static/chunks/node_modules_%40supabase_auth-js_dist_module_0.pzobh._.js:7633:48)
    at SupabaseAuthClient.__loadSession (http://localhost:3000/_next/static/chunks/node_modules_%40supabase_auth-js_dist_module_0.pzobh._.js:5996:57)
    at async SupabaseAuthClient._useSession (http://localhost:3000/_next/static/chunks/node_modules_%40supabase_auth-js_dist_module_0.pzobh._.js:5926:28)
    at async http://localhost:3000/_next/static/chunks/node_modules_%40supabase_auth-js_dist_module_0.pzobh._.js:7903:32
    at async http://localhost:3000/_next/static/chunks/node_modules_%40supabase_auth-js_dist_module_0.pzobh._.js:5875:28 @ http://localhost:3000/_next/static/chunks/node_modules_next_dist_115brz8._.js:3272
[52335255ms] [ERROR] Failed to load resource: net::ERR_QUIC_PROTOCOL_ERROR @ https://wnitkyyodymmjedlttex.supabase.co/auth/v1/token?grant_type=refresh_token:0
[52335255ms] [ERROR] TypeError: Failed to fetch
    at http://localhost:3000/_next/static/chunks/node_modules_%40supabase_auth-js_dist_module_0.pzobh._.js:597:23
    at _handleRequest (http://localhost:3000/_next/static/chunks/node_modules_%40supabase_auth-js_dist_module_0.pzobh._.js:951:24)
    at _request (http://localhost:3000/_next/static/chunks/node_modules_%40supabase_auth-js_dist_module_0.pzobh._.js:938:24)
    at http://localhost:3000/_next/static/chunks/node_modules_%40supabase_auth-js_dist_module_0.pzobh._.js:7482:220
    at async http://localhost:3000/_next/static/chunks/node_modules_%40supabase_auth-js_dist_module_0.pzobh._.js:667:36 @ http://localhost:3000/_next/static/chunks/node_modules_next_dist_115brz8._.js:3272
[52339680ms] [ERROR] Failed to load resource: net::ERR_QUIC_PROTOCOL_ERROR @ https://wnitkyyodymmjedlttex.supabase.co/auth/v1/token?grant_type=refresh_token:0
[52339680ms] [ERROR] TypeError: Failed to fetch
    at http://localhost:3000/_next/static/chunks/node_modules_%40supabase_auth-js_dist_module_0.pzobh._.js:597:23
    at _handleRequest (http://localhost:3000/_next/static/chunks/node_modules_%40supabase_auth-js_dist_module_0.pzobh._.js:951:24)
    at _request (http://localhost:3000/_next/static/chunks/node_modules_%40supabase_auth-js_dist_module_0.pzobh._.js:938:24)
    at http://localhost:3000/_next/static/chunks/node_modules_%40supabase_auth-js_dist_module_0.pzobh._.js:7482:220
    at async http://localhost:3000/_next/static/chunks/node_modules_%40supabase_auth-js_dist_module_0.pzobh._.js:667:36 @ http://localhost:3000/_next/static/chunks/node_modules_next_dist_115brz8._.js:3272
[52344494ms] [ERROR] Failed to load resource: net::ERR_QUIC_PROTOCOL_ERROR @ https://wnitkyyodymmjedlttex.supabase.co/auth/v1/token?grant_type=refresh_token:0
[52344494ms] [ERROR] TypeError: Failed to fetch
    at http://localhost:3000/_next/static/chunks/node_modules_%40supabase_auth-js_dist_module_0.pzobh._.js:597:23
    at _handleRequest (http://localhost:3000/_next/static/chunks/node_modules_%40supabase_auth-js_dist_module_0.pzobh._.js:951:24)
    at _request (http://localhost:3000/_next/static/chunks/node_modules_%40supabase_auth-js_dist_module_0.pzobh._.js:938:24)
    at http://localhost:3000/_next/static/chunks/node_modules_%40supabase_auth-js_dist_module_0.pzobh._.js:7482:220
    at async http://localhost:3000/_next/static/chunks/node_modules_%40supabase_auth-js_dist_module_0.pzobh._.js:667:36 @ http://localhost:3000/_next/static/chunks/node_modules_next_dist_115brz8._.js:3272
[52350119ms] [ERROR] Failed to load resource: net::ERR_QUIC_PROTOCOL_ERROR @ https://wnitkyyodymmjedlttex.supabase.co/auth/v1/token?grant_type=refresh_token:0
[52350120ms] [ERROR] TypeError: Failed to fetch
    at http://localhost:3000/_next/static/chunks/node_modules_%40supabase_auth-js_dist_module_0.pzobh._.js:597:23
    at _handleRequest (http://localhost:3000/_next/static/chunks/node_modules_%40supabase_auth-js_dist_module_0.pzobh._.js:951:24)
    at _request (http://localhost:3000/_next/static/chunks/node_modules_%40supabase_auth-js_dist_module_0.pzobh._.js:938:24)
    at http://localhost:3000/_next/static/chunks/node_modules_%40supabase_auth-js_dist_module_0.pzobh._.js:7482:220
    at async http://localhost:3000/_next/static/chunks/node_modules_%40supabase_auth-js_dist_module_0.pzobh._.js:667:36 @ http://localhost:3000/_next/static/chunks/node_modules_next_dist_115brz8._.js:3272
[52357329ms] [ERROR] Failed to load resource: net::ERR_QUIC_PROTOCOL_ERROR @ https://wnitkyyodymmjedlttex.supabase.co/auth/v1/token?grant_type=refresh_token:0
[52357329ms] [ERROR] TypeError: Failed to fetch
    at http://localhost:3000/_next/static/chunks/node_modules_%40supabase_auth-js_dist_module_0.pzobh._.js:597:23
    at _handleRequest (http://localhost:3000/_next/static/chunks/node_modules_%40supabase_auth-js_dist_module_0.pzobh._.js:951:24)
    at _request (http://localhost:3000/_next/static/chunks/node_modules_%40supabase_auth-js_dist_module_0.pzobh._.js:938:24)
    at http://localhost:3000/_next/static/chunks/node_modules_%40supabase_auth-js_dist_module_0.pzobh._.js:7482:220
    at async http://localhost:3000/_next/static/chunks/node_modules_%40supabase_auth-js_dist_module_0.pzobh._.js:667:36 @ http://localhost:3000/_next/static/chunks/node_modules_next_dist_115brz8._.js:3272
[52361340ms] [ERROR] Failed to load resource: net::ERR_QUIC_PROTOCOL_ERROR @ https://wnitkyyodymmjedlttex.supabase.co/auth/v1/token?grant_type=refresh_token:0
[52361340ms] [ERROR] TypeError: Failed to fetch
    at http://localhost:3000/_next/static/chunks/node_modules_%40supabase_auth-js_dist_module_0.pzobh._.js:597:23
    at _handleRequest (http://localhost:3000/_next/static/chunks/node_modules_%40supabase_auth-js_dist_module_0.pzobh._.js:951:24)
    at _request (http://localhost:3000/_next/static/chunks/node_modules_%40supabase_auth-js_dist_module_0.pzobh._.js:938:24)
    at http://localhost:3000/_next/static/chunks/node_modules_%40supabase_auth-js_dist_module_0.pzobh._.js:7482:220
    at http://localhost:3000/_next/static/chunks/node_modules_%40supabase_auth-js_dist_module_0.pzobh._.js:667:42
    at http://localhost:3000/_next/static/chunks/node_modules_%40supabase_auth-js_dist_module_0.pzobh._.js:679:11
    at new Promise (<anonymous>)
    at retryable (http://localhost:3000/_next/static/chunks/node_modules_%40supabase_auth-js_dist_module_0.pzobh._.js:661:21)
    at SupabaseAuthClient._refreshAccessToken (http://localhost:3000/_next/static/chunks/node_modules_%40supabase_auth-js_dist_module_0.pzobh._.js:7477:219)
    at SupabaseAuthClient._callRefreshToken (http://localhost:3000/_next/static/chunks/node_modules_%40supabase_auth-js_dist_module_0.pzobh._.js:7633:48)
    at SupabaseAuthClient.__loadSession (http://localhost:3000/_next/static/chunks/node_modules_%40supabase_auth-js_dist_module_0.pzobh._.js:5996:57)
    at async SupabaseAuthClient._useSession (http://localhost:3000/_next/static/chunks/node_modules_%40supabase_auth-js_dist_module_0.pzobh._.js:5926:28)
    at async http://localhost:3000/_next/static/chunks/node_modules_%40supabase_auth-js_dist_module_0.pzobh._.js:7903:32
    at async http://localhost:3000/_next/static/chunks/node_modules_%40supabase_auth-js_dist_module_0.pzobh._.js:5875:28 @ http://localhost:3000/_next/static/chunks/node_modules_next_dist_115brz8._.js:3272
[52365566ms] [ERROR] Failed to load resource: net::ERR_QUIC_PROTOCOL_ERROR @ https://wnitkyyodymmjedlttex.supabase.co/auth/v1/token?grant_type=refresh_token:0
[52365566ms] [ERROR] TypeError: Failed to fetch
    at http://localhost:3000/_next/static/chunks/node_modules_%40supabase_auth-js_dist_module_0.pzobh._.js:597:23
    at _handleRequest (http://localhost:3000/_next/static/chunks/node_modules_%40supabase_auth-js_dist_module_0.pzobh._.js:951:24)
    at _request (http://localhost:3000/_next/static/chunks/node_modules_%40supabase_auth-js_dist_module_0.pzobh._.js:938:24)
    at http://localhost:3000/_next/static/chunks/node_modules_%40supabase_auth-js_dist_module_0.pzobh._.js:7482:220
    at async http://localhost:3000/_next/static/chunks/node_modules_%40supabase_auth-js_dist_module_0.pzobh._.js:667:36 @ http://localhost:3000/_next/static/chunks/node_modules_next_dist_115brz8._.js:3272
[52369979ms] [ERROR] Failed to load resource: net::ERR_QUIC_PROTOCOL_ERROR @ https://wnitkyyodymmjedlttex.supabase.co/auth/v1/token?grant_type=refresh_token:0
[52369980ms] [ERROR] TypeError: Failed to fetch
    at http://localhost:3000/_next/static/chunks/node_modules_%40supabase_auth-js_dist_module_0.pzobh._.js:597:23
    at _handleRequest (http://localhost:3000/_next/static/chunks/node_modules_%40supabase_auth-js_dist_module_0.pzobh._.js:951:24)
    at _request (http://localhost:3000/_next/static/chunks/node_modules_%40supabase_auth-js_dist_module_0.pzobh._.js:938:24)
    at http://localhost:3000/_next/static/chunks/node_modules_%40supabase_auth-js_dist_module_0.pzobh._.js:7482:220
    at async http://localhost:3000/_next/static/chunks/node_modules_%40supabase_auth-js_dist_module_0.pzobh._.js:667:36 @ http://localhost:3000/_next/static/chunks/node_modules_next_dist_115brz8._.js:3272
[52374791ms] [ERROR] Failed to load resource: net::ERR_QUIC_PROTOCOL_ERROR @ https://wnitkyyodymmjedlttex.supabase.co/auth/v1/token?grant_type=refresh_token:0
[52374791ms] [ERROR] TypeError: Failed to fetch
    at http://localhost:3000/_next/static/chunks/node_modules_%40supabase_auth-js_dist_module_0.pzobh._.js:597:23
    at _handleRequest (http://localhost:3000/_next/static/chunks/node_modules_%40supabase_auth-js_dist_module_0.pzobh._.js:951:24)
    at _request (http://localhost:3000/_next/static/chunks/node_modules_%40supabase_auth-js_dist_module_0.pzobh._.js:938:24)
    at http://localhost:3000/_next/static/chunks/node_modules_%40supabase_auth-js_dist_module_0.pzobh._.js:7482:220
    at async http://localhost:3000/_next/static/chunks/node_modules_%40supabase_auth-js_dist_module_0.pzobh._.js:667:36 @ http://localhost:3000/_next/static/chunks/node_modules_next_dist_115brz8._.js:3272
[52380403ms] [ERROR] Failed to load resource: net::ERR_QUIC_PROTOCOL_ERROR @ https://wnitkyyodymmjedlttex.supabase.co/auth/v1/token?grant_type=refresh_token:0
[52380403ms] [ERROR] TypeError: Failed to fetch
    at http://localhost:3000/_next/static/chunks/node_modules_%40supabase_auth-js_dist_module_0.pzobh._.js:597:23
    at _handleRequest (http://localhost:3000/_next/static/chunks/node_modules_%40supabase_auth-js_dist_module_0.pzobh._.js:951:24)
    at _request (http://localhost:3000/_next/static/chunks/node_modules_%40supabase_auth-js_dist_module_0.pzobh._.js:938:24)
    at http://localhost:3000/_next/static/chunks/node_modules_%40supabase_auth-js_dist_module_0.pzobh._.js:7482:220
    at async http://localhost:3000/_next/static/chunks/node_modules_%40supabase_auth-js_dist_module_0.pzobh._.js:667:36 @ http://localhost:3000/_next/static/chunks/node_modules_next_dist_115brz8._.js:3272
[52387631ms] [ERROR] Failed to load resource: net::ERR_QUIC_PROTOCOL_ERROR @ https://wnitkyyodymmjedlttex.supabase.co/auth/v1/token?grant_type=refresh_token:0
[52387632ms] [ERROR] TypeError: Failed to fetch
    at http://localhost:3000/_next/static/chunks/node_modules_%40supabase_auth-js_dist_module_0.pzobh._.js:597:23
    at _handleRequest (http://localhost:3000/_next/static/chunks/node_modules_%40supabase_auth-js_dist_module_0.pzobh._.js:951:24)
    at _request (http://localhost:3000/_next/static/chunks/node_modules_%40supabase_auth-js_dist_module_0.pzobh._.js:938:24)
    at http://localhost:3000/_next/static/chunks/node_modules_%40supabase_auth-js_dist_module_0.pzobh._.js:7482:220
    at async http://localhost:3000/_next/static/chunks/node_modules_%40supabase_auth-js_dist_module_0.pzobh._.js:667:36 @ http://localhost:3000/_next/static/chunks/node_modules_next_dist_115brz8._.js:3272
[52391643ms] [ERROR] Failed to load resource: net::ERR_QUIC_PROTOCOL_ERROR @ https://wnitkyyodymmjedlttex.supabase.co/auth/v1/token?grant_type=refresh_token:0
[52391644ms] [ERROR] TypeError: Failed to fetch
    at http://localhost:3000/_next/static/chunks/node_modules_%40supabase_auth-js_dist_module_0.pzobh._.js:597:23
    at _handleRequest (http://localhost:3000/_next/static/chunks/node_modules_%40supabase_auth-js_dist_module_0.pzobh._.js:951:24)
    at _request (http://localhost:3000/_next/static/chunks/node_modules_%40supabase_auth-js_dist_module_0.pzobh._.js:938:24)
    at http://localhost:3000/_next/static/chunks/node_modules_%40supabase_auth-js_dist_module_0.pzobh._.js:7482:220
    at http://localhost:3000/_next/static/chunks/node_modules_%40supabase_auth-js_dist_module_0.pzobh._.js:667:42
    at http://localhost:3000/_next/static/chunks/node_modules_%40supabase_auth-js_dist_module_0.pzobh._.js:679:11
    at new Promise (<anonymous>)
    at retryable (http://localhost:3000/_next/static/chunks/node_modules_%40supabase_auth-js_dist_module_0.pzobh._.js:661:21)
    at SupabaseAuthClient._refreshAccessToken (http://localhost:3000/_next/static/chunks/node_modules_%40supabase_auth-js_dist_module_0.pzobh._.js:7477:219)
    at SupabaseAuthClient._callRefreshToken (http://localhost:3000/_next/static/chunks/node_modules_%40supabase_auth-js_dist_module_0.pzobh._.js:7633:48)
    at SupabaseAuthClient.__loadSession (http://localhost:3000/_next/static/chunks/node_modules_%40supabase_auth-js_dist_module_0.pzobh._.js:5996:57)
    at async SupabaseAuthClient._useSession (http://localhost:3000/_next/static/chunks/node_modules_%40supabase_auth-js_dist_module_0.pzobh._.js:5926:28)
    at async http://localhost:3000/_next/static/chunks/node_modules_%40supabase_auth-js_dist_module_0.pzobh._.js:7903:32
    at async http://localhost:3000/_next/static/chunks/node_modules_%40supabase_auth-js_dist_module_0.pzobh._.js:5875:28 @ http://localhost:3000/_next/static/chunks/node_modules_next_dist_115brz8._.js:3272
[52395861ms] [ERROR] Failed to load resource: net::ERR_QUIC_PROTOCOL_ERROR @ https://wnitkyyodymmjedlttex.supabase.co/auth/v1/token?grant_type=refresh_token:0
[52395861ms] [ERROR] TypeError: Failed to fetch
    at http://localhost:3000/_next/static/chunks/node_modules_%40supabase_auth-js_dist_module_0.pzobh._.js:597:23
    at _handleRequest (http://localhost:3000/_next/static/chunks/node_modules_%40supabase_auth-js_dist_module_0.pzobh._.js:951:24)
    at _request (http://localhost:3000/_next/static/chunks/node_modules_%40supabase_auth-js_dist_module_0.pzobh._.js:938:24)
    at http://localhost:3000/_next/static/chunks/node_modules_%40supabase_auth-js_dist_module_0.pzobh._.js:7482:220
    at async http://localhost:3000/_next/static/chunks/node_modules_%40supabase_auth-js_dist_module_0.pzobh._.js:667:36 @ http://localhost:3000/_next/static/chunks/node_modules_next_dist_115brz8._.js:3272
[52400282ms] [ERROR] Failed to load resource: net::ERR_QUIC_PROTOCOL_ERROR @ https://wnitkyyodymmjedlttex.supabase.co/auth/v1/token?grant_type=refresh_token:0
[52400282ms] [ERROR] TypeError: Failed to fetch
    at http://localhost:3000/_next/static/chunks/node_modules_%40supabase_auth-js_dist_module_0.pzobh._.js:597:23
    at _handleRequest (http://localhost:3000/_next/static/chunks/node_modules_%40supabase_auth-js_dist_module_0.pzobh._.js:951:24)
    at _request (http://localhost:3000/_next/static/chunks/node_modules_%40supabase_auth-js_dist_module_0.pzobh._.js:938:24)
    at http://localhost:3000/_next/static/chunks/node_modules_%40supabase_auth-js_dist_module_0.pzobh._.js:7482:220
    at async http://localhost:3000/_next/static/chunks/node_modules_%40supabase_auth-js_dist_module_0.pzobh._.js:667:36 @ http://localhost:3000/_next/static/chunks/node_modules_next_dist_115brz8._.js:3272
[52405101ms] [ERROR] Failed to load resource: net::ERR_QUIC_PROTOCOL_ERROR @ https://wnitkyyodymmjedlttex.supabase.co/auth/v1/token?grant_type=refresh_token:0
[52405101ms] [ERROR] TypeError: Failed to fetch
    at http://localhost:3000/_next/static/chunks/node_modules_%40supabase_auth-js_dist_module_0.pzobh._.js:597:23
    at _handleRequest (http://localhost:3000/_next/static/chunks/node_modules_%40supabase_auth-js_dist_module_0.pzobh._.js:951:24)
    at _request (http://localhost:3000/_next/static/chunks/node_modules_%40supabase_auth-js_dist_module_0.pzobh._.js:938:24)
    at http://localhost:3000/_next/static/chunks/node_modules_%40supabase_auth-js_dist_module_0.pzobh._.js:7482:220
    at async http://localhost:3000/_next/static/chunks/node_modules_%40supabase_auth-js_dist_module_0.pzobh._.js:667:36 @ http://localhost:3000/_next/static/chunks/node_modules_next_dist_115brz8._.js:3272
[52410729ms] [ERROR] Failed to load resource: net::ERR_QUIC_PROTOCOL_ERROR @ https://wnitkyyodymmjedlttex.supabase.co/auth/v1/token?grant_type=refresh_token:0
[52410729ms] [ERROR] TypeError: Failed to fetch
    at http://localhost:3000/_next/static/chunks/node_modules_%40supabase_auth-js_dist_module_0.pzobh._.js:597:23
    at _handleRequest (http://localhost:3000/_next/static/chunks/node_modules_%40supabase_auth-js_dist_module_0.pzobh._.js:951:24)
    at _request (http://localhost:3000/_next/static/chunks/node_modules_%40supabase_auth-js_dist_module_0.pzobh._.js:938:24)
    at http://localhost:3000/_next/static/chunks/node_modules_%40supabase_auth-js_dist_module_0.pzobh._.js:7482:220
    at async http://localhost:3000/_next/static/chunks/node_modules_%40supabase_auth-js_dist_module_0.pzobh._.js:667:36 @ http://localhost:3000/_next/static/chunks/node_modules_next_dist_115brz8._.js:3272
[52417943ms] [ERROR] Failed to load resource: net::ERR_QUIC_PROTOCOL_ERROR @ https://wnitkyyodymmjedlttex.supabase.co/auth/v1/token?grant_type=refresh_token:0
[52417944ms] [ERROR] TypeError: Failed to fetch
    at http://localhost:3000/_next/static/chunks/node_modules_%40supabase_auth-js_dist_module_0.pzobh._.js:597:23
    at _handleRequest (http://localhost:3000/_next/static/chunks/node_modules_%40supabase_auth-js_dist_module_0.pzobh._.js:951:24)
    at _request (http://localhost:3000/_next/static/chunks/node_modules_%40supabase_auth-js_dist_module_0.pzobh._.js:938:24)
    at http://localhost:3000/_next/static/chunks/node_modules_%40supabase_auth-js_dist_module_0.pzobh._.js:7482:220
    at async http://localhost:3000/_next/static/chunks/node_modules_%40supabase_auth-js_dist_module_0.pzobh._.js:667:36 @ http://localhost:3000/_next/static/chunks/node_modules_next_dist_115brz8._.js:3272
[52421962ms] [ERROR] Failed to load resource: net::ERR_QUIC_PROTOCOL_ERROR @ https://wnitkyyodymmjedlttex.supabase.co/auth/v1/token?grant_type=refresh_token:0
[52421963ms] [ERROR] TypeError: Failed to fetch
    at http://localhost:3000/_next/static/chunks/node_modules_%40supabase_auth-js_dist_module_0.pzobh._.js:597:23
    at _handleRequest (http://localhost:3000/_next/static/chunks/node_modules_%40supabase_auth-js_dist_module_0.pzobh._.js:951:24)
    at _request (http://localhost:3000/_next/static/chunks/node_modules_%40supabase_auth-js_dist_module_0.pzobh._.js:938:24)
    at http://localhost:3000/_next/static/chunks/node_modules_%40supabase_auth-js_dist_module_0.pzobh._.js:7482:220
    at http://localhost:3000/_next/static/chunks/node_modules_%40supabase_auth-js_dist_module_0.pzobh._.js:667:42
    at http://localhost:3000/_next/static/chunks/node_modules_%40supabase_auth-js_dist_module_0.pzobh._.js:679:11
    at new Promise (<anonymous>)
    at retryable (http://localhost:3000/_next/static/chunks/node_modules_%40supabase_auth-js_dist_module_0.pzobh._.js:661:21)
    at SupabaseAuthClient._refreshAccessToken (http://localhost:3000/_next/static/chunks/node_modules_%40supabase_auth-js_dist_module_0.pzobh._.js:7477:219)
    at SupabaseAuthClient._callRefreshToken (http://localhost:3000/_next/static/chunks/node_modules_%40supabase_auth-js_dist_module_0.pzobh._.js:7633:48)
    at SupabaseAuthClient.__loadSession (http://localhost:3000/_next/static/chunks/node_modules_%40supabase_auth-js_dist_module_0.pzobh._.js:5996:57)
    at async SupabaseAuthClient._useSession (http://localhost:3000/_next/static/chunks/node_modules_%40supabase_auth-js_dist_module_0.pzobh._.js:5926:28)
    at async http://localhost:3000/_next/static/chunks/node_modules_%40supabase_auth-js_dist_module_0.pzobh._.js:7903:32
    at async http://localhost:3000/_next/static/chunks/node_modules_%40supabase_auth-js_dist_module_0.pzobh._.js:5875:28 @ http://localhost:3000/_next/static/chunks/node_modules_next_dist_115brz8._.js:3272
[52426182ms] [ERROR] Failed to load resource: net::ERR_QUIC_PROTOCOL_ERROR @ https://wnitkyyodymmjedlttex.supabase.co/auth/v1/token?grant_type=refresh_token:0
[52426182ms] [ERROR] TypeError: Failed to fetch
    at http://localhost:3000/_next/static/chunks/node_modules_%40supabase_auth-js_dist_module_0.pzobh._.js:597:23
    at _handleRequest (http://localhost:3000/_next/static/chunks/node_modules_%40supabase_auth-js_dist_module_0.pzobh._.js:951:24)
    at _request (http://localhost:3000/_next/static/chunks/node_modules_%40supabase_auth-js_dist_module_0.pzobh._.js:938:24)
    at http://localhost:3000/_next/static/chunks/node_modules_%40supabase_auth-js_dist_module_0.pzobh._.js:7482:220
    at async http://localhost:3000/_next/static/chunks/node_modules_%40supabase_auth-js_dist_module_0.pzobh._.js:667:36 @ http://localhost:3000/_next/static/chunks/node_modules_next_dist_115brz8._.js:3272
[52430590ms] [ERROR] Failed to load resource: net::ERR_QUIC_PROTOCOL_ERROR @ https://wnitkyyodymmjedlttex.supabase.co/auth/v1/token?grant_type=refresh_token:0
[52430590ms] [ERROR] TypeError: Failed to fetch
    at http://localhost:3000/_next/static/chunks/node_modules_%40supabase_auth-js_dist_module_0.pzobh._.js:597:23
    at _handleRequest (http://localhost:3000/_next/static/chunks/node_modules_%40supabase_auth-js_dist_module_0.pzobh._.js:951:24)
    at _request (http://localhost:3000/_next/static/chunks/node_modules_%40supabase_auth-js_dist_module_0.pzobh._.js:938:24)
    at http://localhost:3000/_next/static/chunks/node_modules_%40supabase_auth-js_dist_module_0.pzobh._.js:7482:220
    at async http://localhost:3000/_next/static/chunks/node_modules_%40supabase_auth-js_dist_module_0.pzobh._.js:667:36 @ http://localhost:3000/_next/static/chunks/node_modules_next_dist_115brz8._.js:3272
[52435397ms] [ERROR] Failed to load resource: net::ERR_QUIC_PROTOCOL_ERROR @ https://wnitkyyodymmjedlttex.supabase.co/auth/v1/token?grant_type=refresh_token:0
[52435397ms] [ERROR] TypeError: Failed to fetch
    at http://localhost:3000/_next/static/chunks/node_modules_%40supabase_auth-js_dist_module_0.pzobh._.js:597:23
    at _handleRequest (http://localhost:3000/_next/static/chunks/node_modules_%40supabase_auth-js_dist_module_0.pzobh._.js:951:24)
    at _request (http://localhost:3000/_next/static/chunks/node_modules_%40supabase_auth-js_dist_module_0.pzobh._.js:938:24)
    at http://localhost:3000/_next/static/chunks/node_modules_%40supabase_auth-js_dist_module_0.pzobh._.js:7482:220
    at async http://localhost:3000/_next/static/chunks/node_modules_%40supabase_auth-js_dist_module_0.pzobh._.js:667:36 @ http://localhost:3000/_next/static/chunks/node_modules_next_dist_115brz8._.js:3272
[52441013ms] [ERROR] Failed to load resource: net::ERR_QUIC_PROTOCOL_ERROR @ https://wnitkyyodymmjedlttex.supabase.co/auth/v1/token?grant_type=refresh_token:0
[52441013ms] [ERROR] TypeError: Failed to fetch
    at http://localhost:3000/_next/static/chunks/node_modules_%40supabase_auth-js_dist_module_0.pzobh._.js:597:23
    at _handleRequest (http://localhost:3000/_next/static/chunks/node_modules_%40supabase_auth-js_dist_module_0.pzobh._.js:951:24)
    at _request (http://localhost:3000/_next/static/chunks/node_modules_%40supabase_auth-js_dist_module_0.pzobh._.js:938:24)
    at http://localhost:3000/_next/static/chunks/node_modules_%40supabase_auth-js_dist_module_0.pzobh._.js:7482:220
    at async http://localhost:3000/_next/static/chunks/node_modules_%40supabase_auth-js_dist_module_0.pzobh._.js:667:36 @ http://localhost:3000/_next/static/chunks/node_modules_next_dist_115brz8._.js:3272
[52448237ms] [ERROR] Failed to load resource: net::ERR_QUIC_PROTOCOL_ERROR @ https://wnitkyyodymmjedlttex.supabase.co/auth/v1/token?grant_type=refresh_token:0
[52448238ms] [ERROR] TypeError: Failed to fetch
    at http://localhost:3000/_next/static/chunks/node_modules_%40supabase_auth-js_dist_module_0.pzobh._.js:597:23
    at _handleRequest (http://localhost:3000/_next/static/chunks/node_modules_%40supabase_auth-js_dist_module_0.pzobh._.js:951:24)
    at _request (http://localhost:3000/_next/static/chunks/node_modules_%40supabase_auth-js_dist_module_0.pzobh._.js:938:24)
    at http://localhost:3000/_next/static/chunks/node_modules_%40supabase_auth-js_dist_module_0.pzobh._.js:7482:220
    at async http://localhost:3000/_next/static/chunks/node_modules_%40supabase_auth-js_dist_module_0.pzobh._.js:667:36 @ http://localhost:3000/_next/static/chunks/node_modules_next_dist_115brz8._.js:3272
[52452247ms] [ERROR] Failed to load resource: net::ERR_QUIC_PROTOCOL_ERROR @ https://wnitkyyodymmjedlttex.supabase.co/auth/v1/token?grant_type=refresh_token:0
[52452247ms] [ERROR] TypeError: Failed to fetch
    at http://localhost:3000/_next/static/chunks/node_modules_%40supabase_auth-js_dist_module_0.pzobh._.js:597:23
    at _handleRequest (http://localhost:3000/_next/static/chunks/node_modules_%40supabase_auth-js_dist_module_0.pzobh._.js:951:24)
    at _request (http://localhost:3000/_next/static/chunks/node_modules_%40supabase_auth-js_dist_module_0.pzobh._.js:938:24)
    at http://localhost:3000/_next/static/chunks/node_modules_%40supabase_auth-js_dist_module_0.pzobh._.js:7482:220
    at http://localhost:3000/_next/static/chunks/node_modules_%40supabase_auth-js_dist_module_0.pzobh._.js:667:42
    at http://localhost:3000/_next/static/chunks/node_modules_%40supabase_auth-js_dist_module_0.pzobh._.js:679:11
    at new Promise (<anonymous>)
    at retryable (http://localhost:3000/_next/static/chunks/node_modules_%40supabase_auth-js_dist_module_0.pzobh._.js:661:21)
    at SupabaseAuthClient._refreshAccessToken (http://localhost:3000/_next/static/chunks/node_modules_%40supabase_auth-js_dist_module_0.pzobh._.js:7477:219)
    at SupabaseAuthClient._callRefreshToken (http://localhost:3000/_next/static/chunks/node_modules_%40supabase_auth-js_dist_module_0.pzobh._.js:7633:48)
    at SupabaseAuthClient.__loadSession (http://localhost:3000/_next/static/chunks/node_modules_%40supabase_auth-js_dist_module_0.pzobh._.js:5996:57)
    at async SupabaseAuthClient._useSession (http://localhost:3000/_next/static/chunks/node_modules_%40supabase_auth-js_dist_module_0.pzobh._.js:5926:28)
    at async http://localhost:3000/_next/static/chunks/node_modules_%40supabase_auth-js_dist_module_0.pzobh._.js:7903:32
    at async http://localhost:3000/_next/static/chunks/node_modules_%40supabase_auth-js_dist_module_0.pzobh._.js:5875:28 @ http://localhost:3000/_next/static/chunks/node_modules_next_dist_115brz8._.js:3272
[52456468ms] [ERROR] Failed to load resource: net::ERR_QUIC_PROTOCOL_ERROR @ https://wnitkyyodymmjedlttex.supabase.co/auth/v1/token?grant_type=refresh_token:0
[52456468ms] [ERROR] TypeError: Failed to fetch
    at http://localhost:3000/_next/static/chunks/node_modules_%40supabase_auth-js_dist_module_0.pzobh._.js:597:23
    at _handleRequest (http://localhost:3000/_next/static/chunks/node_modules_%40supabase_auth-js_dist_module_0.pzobh._.js:951:24)
    at _request (http://localhost:3000/_next/static/chunks/node_modules_%40supabase_auth-js_dist_module_0.pzobh._.js:938:24)
    at http://localhost:3000/_next/static/chunks/node_modules_%40supabase_auth-js_dist_module_0.pzobh._.js:7482:220
    at async http://localhost:3000/_next/static/chunks/node_modules_%40supabase_auth-js_dist_module_0.pzobh._.js:667:36 @ http://localhost:3000/_next/static/chunks/node_modules_next_dist_115brz8._.js:3272
[52460874ms] [ERROR] Failed to load resource: net::ERR_QUIC_PROTOCOL_ERROR @ https://wnitkyyodymmjedlttex.supabase.co/auth/v1/token?grant_type=refresh_token:0
[52460874ms] [ERROR] TypeError: Failed to fetch
    at http://localhost:3000/_next/static/chunks/node_modules_%40supabase_auth-js_dist_module_0.pzobh._.js:597:23
    at _handleRequest (http://localhost:3000/_next/static/chunks/node_modules_%40supabase_auth-js_dist_module_0.pzobh._.js:951:24)
    at _request (http://localhost:3000/_next/static/chunks/node_modules_%40supabase_auth-js_dist_module_0.pzobh._.js:938:24)
    at http://localhost:3000/_next/static/chunks/node_modules_%40supabase_auth-js_dist_module_0.pzobh._.js:7482:220
    at async http://localhost:3000/_next/static/chunks/node_modules_%40supabase_auth-js_dist_module_0.pzobh._.js:667:36 @ http://localhost:3000/_next/static/chunks/node_modules_next_dist_115brz8._.js:3272
[52465691ms] [ERROR] Failed to load resource: net::ERR_QUIC_PROTOCOL_ERROR @ https://wnitkyyodymmjedlttex.supabase.co/auth/v1/token?grant_type=refresh_token:0
[52465692ms] [ERROR] TypeError: Failed to fetch
    at http://localhost:3000/_next/static/chunks/node_modules_%40supabase_auth-js_dist_module_0.pzobh._.js:597:23
    at _handleRequest (http://localhost:3000/_next/static/chunks/node_modules_%40supabase_auth-js_dist_module_0.pzobh._.js:951:24)
    at _request (http://localhost:3000/_next/static/chunks/node_modules_%40supabase_auth-js_dist_module_0.pzobh._.js:938:24)
    at http://localhost:3000/_next/static/chunks/node_modules_%40supabase_auth-js_dist_module_0.pzobh._.js:7482:220
    at async http://localhost:3000/_next/static/chunks/node_modules_%40supabase_auth-js_dist_module_0.pzobh._.js:667:36 @ http://localhost:3000/_next/static/chunks/node_modules_next_dist_115brz8._.js:3272
[52471312ms] [ERROR] Failed to load resource: net::ERR_QUIC_PROTOCOL_ERROR @ https://wnitkyyodymmjedlttex.supabase.co/auth/v1/token?grant_type=refresh_token:0
[52471312ms] [ERROR] TypeError: Failed to fetch
    at http://localhost:3000/_next/static/chunks/node_modules_%40supabase_auth-js_dist_module_0.pzobh._.js:597:23
    at _handleRequest (http://localhost:3000/_next/static/chunks/node_modules_%40supabase_auth-js_dist_module_0.pzobh._.js:951:24)
    at _request (http://localhost:3000/_next/static/chunks/node_modules_%40supabase_auth-js_dist_module_0.pzobh._.js:938:24)
    at http://localhost:3000/_next/static/chunks/node_modules_%40supabase_auth-js_dist_module_0.pzobh._.js:7482:220
    at async http://localhost:3000/_next/static/chunks/node_modules_%40supabase_auth-js_dist_module_0.pzobh._.js:667:36 @ http://localhost:3000/_next/static/chunks/node_modules_next_dist_115brz8._.js:3272
[52478531ms] [ERROR] Failed to load resource: net::ERR_QUIC_PROTOCOL_ERROR @ https://wnitkyyodymmjedlttex.supabase.co/auth/v1/token?grant_type=refresh_token:0
[52478531ms] [ERROR] TypeError: Failed to fetch
    at http://localhost:3000/_next/static/chunks/node_modules_%40supabase_auth-js_dist_module_0.pzobh._.js:597:23
    at _handleRequest (http://localhost:3000/_next/static/chunks/node_modules_%40supabase_auth-js_dist_module_0.pzobh._.js:951:24)
    at _request (http://localhost:3000/_next/static/chunks/node_modules_%40supabase_auth-js_dist_module_0.pzobh._.js:938:24)
    at http://localhost:3000/_next/static/chunks/node_modules_%40supabase_auth-js_dist_module_0.pzobh._.js:7482:220
    at async http://localhost:3000/_next/static/chunks/node_modules_%40supabase_auth-js_dist_module_0.pzobh._.js:667:36 @ http://localhost:3000/_next/static/chunks/node_modules_next_dist_115brz8._.js:3272
[52482541ms] [ERROR] Failed to load resource: net::ERR_QUIC_PROTOCOL_ERROR @ https://wnitkyyodymmjedlttex.supabase.co/auth/v1/token?grant_type=refresh_token:0
[52482541ms] [ERROR] TypeError: Failed to fetch
    at http://localhost:3000/_next/static/chunks/node_modules_%40supabase_auth-js_dist_module_0.pzobh._.js:597:23
    at _handleRequest (http://localhost:3000/_next/static/chunks/node_modules_%40supabase_auth-js_dist_module_0.pzobh._.js:951:24)
    at _request (http://localhost:3000/_next/static/chunks/node_modules_%40supabase_auth-js_dist_module_0.pzobh._.js:938:24)
    at http://localhost:3000/_next/static/chunks/node_modules_%40supabase_auth-js_dist_module_0.pzobh._.js:7482:220
    at http://localhost:3000/_next/static/chunks/node_modules_%40supabase_auth-js_dist_module_0.pzobh._.js:667:42
    at http://localhost:3000/_next/static/chunks/node_modules_%40supabase_auth-js_dist_module_0.pzobh._.js:679:11
    at new Promise (<anonymous>)
    at retryable (http://localhost:3000/_next/static/chunks/node_modules_%40supabase_auth-js_dist_module_0.pzobh._.js:661:21)
    at SupabaseAuthClient._refreshAccessToken (http://localhost:3000/_next/static/chunks/node_modules_%40supabase_auth-js_dist_module_0.pzobh._.js:7477:219)
    at SupabaseAuthClient._callRefreshToken (http://localhost:3000/_next/static/chunks/node_modules_%40supabase_auth-js_dist_module_0.pzobh._.js:7633:48)
    at SupabaseAuthClient.__loadSession (http://localhost:3000/_next/static/chunks/node_modules_%40supabase_auth-js_dist_module_0.pzobh._.js:5996:57)
    at async SupabaseAuthClient._useSession (http://localhost:3000/_next/static/chunks/node_modules_%40supabase_auth-js_dist_module_0.pzobh._.js:5926:28)
    at async http://localhost:3000/_next/static/chunks/node_modules_%40supabase_auth-js_dist_module_0.pzobh._.js:7903:32
    at async http://localhost:3000/_next/static/chunks/node_modules_%40supabase_auth-js_dist_module_0.pzobh._.js:5875:28 @ http://localhost:3000/_next/static/chunks/node_modules_next_dist_115brz8._.js:3272
[52486758ms] [ERROR] Failed to load resource: net::ERR_QUIC_PROTOCOL_ERROR @ https://wnitkyyodymmjedlttex.supabase.co/auth/v1/token?grant_type=refresh_token:0
[52486758ms] [ERROR] TypeError: Failed to fetch
    at http://localhost:3000/_next/static/chunks/node_modules_%40supabase_auth-js_dist_module_0.pzobh._.js:597:23
    at _handleRequest (http://localhost:3000/_next/static/chunks/node_modules_%40supabase_auth-js_dist_module_0.pzobh._.js:951:24)
    at _request (http://localhost:3000/_next/static/chunks/node_modules_%40supabase_auth-js_dist_module_0.pzobh._.js:938:24)
    at http://localhost:3000/_next/static/chunks/node_modules_%40supabase_auth-js_dist_module_0.pzobh._.js:7482:220
    at async http://localhost:3000/_next/static/chunks/node_modules_%40supabase_auth-js_dist_module_0.pzobh._.js:667:36 @ http://localhost:3000/_next/static/chunks/node_modules_next_dist_115brz8._.js:3272
[52491188ms] [ERROR] Failed to load resource: net::ERR_QUIC_PROTOCOL_ERROR @ https://wnitkyyodymmjedlttex.supabase.co/auth/v1/token?grant_type=refresh_token:0
[52491189ms] [ERROR] TypeError: Failed to fetch
    at http://localhost:3000/_next/static/chunks/node_modules_%40supabase_auth-js_dist_module_0.pzobh._.js:597:23
    at _handleRequest (http://localhost:3000/_next/static/chunks/node_modules_%40supabase_auth-js_dist_module_0.pzobh._.js:951:24)
    at _request (http://localhost:3000/_next/static/chunks/node_modules_%40supabase_auth-js_dist_module_0.pzobh._.js:938:24)
    at http://localhost:3000/_next/static/chunks/node_modules_%40supabase_auth-js_dist_module_0.pzobh._.js:7482:220
    at async http://localhost:3000/_next/static/chunks/node_modules_%40supabase_auth-js_dist_module_0.pzobh._.js:667:36 @ http://localhost:3000/_next/static/chunks/node_modules_next_dist_115brz8._.js:3272
[52495999ms] [ERROR] Failed to load resource: net::ERR_QUIC_PROTOCOL_ERROR @ https://wnitkyyodymmjedlttex.supabase.co/auth/v1/token?grant_type=refresh_token:0
[52496000ms] [ERROR] TypeError: Failed to fetch
    at http://localhost:3000/_next/static/chunks/node_modules_%40supabase_auth-js_dist_module_0.pzobh._.js:597:23
    at _handleRequest (http://localhost:3000/_next/static/chunks/node_modules_%40supabase_auth-js_dist_module_0.pzobh._.js:951:24)
    at _request (http://localhost:3000/_next/static/chunks/node_modules_%40supabase_auth-js_dist_module_0.pzobh._.js:938:24)
    at http://localhost:3000/_next/static/chunks/node_modules_%40supabase_auth-js_dist_module_0.pzobh._.js:7482:220
    at async http://localhost:3000/_next/static/chunks/node_modules_%40supabase_auth-js_dist_module_0.pzobh._.js:667:36 @ http://localhost:3000/_next/static/chunks/node_modules_next_dist_115brz8._.js:3272
[52501609ms] [ERROR] Failed to load resource: net::ERR_QUIC_PROTOCOL_ERROR @ https://wnitkyyodymmjedlttex.supabase.co/auth/v1/token?grant_type=refresh_token:0
[52501610ms] [ERROR] TypeError: Failed to fetch
    at http://localhost:3000/_next/static/chunks/node_modules_%40supabase_auth-js_dist_module_0.pzobh._.js:597:23
    at _handleRequest (http://localhost:3000/_next/static/chunks/node_modules_%40supabase_auth-js_dist_module_0.pzobh._.js:951:24)
    at _request (http://localhost:3000/_next/static/chunks/node_modules_%40supabase_auth-js_dist_module_0.pzobh._.js:938:24)
    at http://localhost:3000/_next/static/chunks/node_modules_%40supabase_auth-js_dist_module_0.pzobh._.js:7482:220
    at async http://localhost:3000/_next/static/chunks/node_modules_%40supabase_auth-js_dist_module_0.pzobh._.js:667:36 @ http://localhost:3000/_next/static/chunks/node_modules_next_dist_115brz8._.js:3272
[52508819ms] [ERROR] Failed to load resource: net::ERR_QUIC_PROTOCOL_ERROR @ https://wnitkyyodymmjedlttex.supabase.co/auth/v1/token?grant_type=refresh_token:0
[52508820ms] [ERROR] TypeError: Failed to fetch
    at http://localhost:3000/_next/static/chunks/node_modules_%40supabase_auth-js_dist_module_0.pzobh._.js:597:23
    at _handleRequest (http://localhost:3000/_next/static/chunks/node_modules_%40supabase_auth-js_dist_module_0.pzobh._.js:951:24)
    at _request (http://localhost:3000/_next/static/chunks/node_modules_%40supabase_auth-js_dist_module_0.pzobh._.js:938:24)
    at http://localhost:3000/_next/static/chunks/node_modules_%40supabase_auth-js_dist_module_0.pzobh._.js:7482:220
    at async http://localhost:3000/_next/static/chunks/node_modules_%40supabase_auth-js_dist_module_0.pzobh._.js:667:36 @ http://localhost:3000/_next/static/chunks/node_modules_next_dist_115brz8._.js:3272
[52512835ms] [ERROR] Failed to load resource: net::ERR_QUIC_PROTOCOL_ERROR @ https://wnitkyyodymmjedlttex.supabase.co/auth/v1/token?grant_type=refresh_token:0
[52512835ms] [ERROR] TypeError: Failed to fetch
    at http://localhost:3000/_next/static/chunks/node_modules_%40supabase_auth-js_dist_module_0.pzobh._.js:597:23
    at _handleRequest (http://localhost:3000/_next/static/chunks/node_modules_%40supabase_auth-js_dist_module_0.pzobh._.js:951:24)
    at _request (http://localhost:3000/_next/static/chunks/node_modules_%40supabase_auth-js_dist_module_0.pzobh._.js:938:24)
    at http://localhost:3000/_next/static/chunks/node_modules_%40supabase_auth-js_dist_module_0.pzobh._.js:7482:220
    at http://localhost:3000/_next/static/chunks/node_modules_%40supabase_auth-js_dist_module_0.pzobh._.js:667:42
    at http://localhost:3000/_next/static/chunks/node_modules_%40supabase_auth-js_dist_module_0.pzobh._.js:679:11
    at new Promise (<anonymous>)
    at retryable (http://localhost:3000/_next/static/chunks/node_modules_%40supabase_auth-js_dist_module_0.pzobh._.js:661:21)
    at SupabaseAuthClient._refreshAccessToken (http://localhost:3000/_next/static/chunks/node_modules_%40supabase_auth-js_dist_module_0.pzobh._.js:7477:219)
    at SupabaseAuthClient._callRefreshToken (http://localhost:3000/_next/static/chunks/node_modules_%40supabase_auth-js_dist_module_0.pzobh._.js:7633:48)
    at SupabaseAuthClient.__loadSession (http://localhost:3000/_next/static/chunks/node_modules_%40supabase_auth-js_dist_module_0.pzobh._.js:5996:57)
    at async SupabaseAuthClient._useSession (http://localhost:3000/_next/static/chunks/node_modules_%40supabase_auth-js_dist_module_0.pzobh._.js:5926:28)
    at async http://localhost:3000/_next/static/chunks/node_modules_%40supabase_auth-js_dist_module_0.pzobh._.js:7903:32
    at async http://localhost:3000/_next/static/chunks/node_modules_%40supabase_auth-js_dist_module_0.pzobh._.js:5875:28 @ http://localhost:3000/_next/static/chunks/node_modules_next_dist_115brz8._.js:3272
[52517060ms] [ERROR] Failed to load resource: net::ERR_QUIC_PROTOCOL_ERROR @ https://wnitkyyodymmjedlttex.supabase.co/auth/v1/token?grant_type=refresh_token:0
[52517060ms] [ERROR] TypeError: Failed to fetch
    at http://localhost:3000/_next/static/chunks/node_modules_%40supabase_auth-js_dist_module_0.pzobh._.js:597:23
    at _handleRequest (http://localhost:3000/_next/static/chunks/node_modules_%40supabase_auth-js_dist_module_0.pzobh._.js:951:24)
    at _request (http://localhost:3000/_next/static/chunks/node_modules_%40supabase_auth-js_dist_module_0.pzobh._.js:938:24)
    at http://localhost:3000/_next/static/chunks/node_modules_%40supabase_auth-js_dist_module_0.pzobh._.js:7482:220
    at async http://localhost:3000/_next/static/chunks/node_modules_%40supabase_auth-js_dist_module_0.pzobh._.js:667:36 @ http://localhost:3000/_next/static/chunks/node_modules_next_dist_115brz8._.js:3272
[52521483ms] [ERROR] Failed to load resource: net::ERR_QUIC_PROTOCOL_ERROR @ https://wnitkyyodymmjedlttex.supabase.co/auth/v1/token?grant_type=refresh_token:0
[52521483ms] [ERROR] TypeError: Failed to fetch
    at http://localhost:3000/_next/static/chunks/node_modules_%40supabase_auth-js_dist_module_0.pzobh._.js:597:23
    at _handleRequest (http://localhost:3000/_next/static/chunks/node_modules_%40supabase_auth-js_dist_module_0.pzobh._.js:951:24)
    at _request (http://localhost:3000/_next/static/chunks/node_modules_%40supabase_auth-js_dist_module_0.pzobh._.js:938:24)
    at http://localhost:3000/_next/static/chunks/node_modules_%40supabase_auth-js_dist_module_0.pzobh._.js:7482:220
    at async http://localhost:3000/_next/static/chunks/node_modules_%40supabase_auth-js_dist_module_0.pzobh._.js:667:36 @ http://localhost:3000/_next/static/chunks/node_modules_next_dist_115brz8._.js:3272
[52526297ms] [ERROR] Failed to load resource: net::ERR_QUIC_PROTOCOL_ERROR @ https://wnitkyyodymmjedlttex.supabase.co/auth/v1/token?grant_type=refresh_token:0
[52526298ms] [ERROR] TypeError: Failed to fetch
    at http://localhost:3000/_next/static/chunks/node_modules_%40supabase_auth-js_dist_module_0.pzobh._.js:597:23
    at _handleRequest (http://localhost:3000/_next/static/chunks/node_modules_%40supabase_auth-js_dist_module_0.pzobh._.js:951:24)
    at _request (http://localhost:3000/_next/static/chunks/node_modules_%40supabase_auth-js_dist_module_0.pzobh._.js:938:24)
    at http://localhost:3000/_next/static/chunks/node_modules_%40supabase_auth-js_dist_module_0.pzobh._.js:7482:220
    at async http://localhost:3000/_next/static/chunks/node_modules_%40supabase_auth-js_dist_module_0.pzobh._.js:667:36 @ http://localhost:3000/_next/static/chunks/node_modules_next_dist_115brz8._.js:3272
[52531914ms] [ERROR] Failed to load resource: net::ERR_QUIC_PROTOCOL_ERROR @ https://wnitkyyodymmjedlttex.supabase.co/auth/v1/token?grant_type=refresh_token:0
[52531914ms] [ERROR] TypeError: Failed to fetch
    at http://localhost:3000/_next/static/chunks/node_modules_%40supabase_auth-js_dist_module_0.pzobh._.js:597:23
    at _handleRequest (http://localhost:3000/_next/static/chunks/node_modules_%40supabase_auth-js_dist_module_0.pzobh._.js:951:24)
    at _request (http://localhost:3000/_next/static/chunks/node_modules_%40supabase_auth-js_dist_module_0.pzobh._.js:938:24)
    at http://localhost:3000/_next/static/chunks/node_modules_%40supabase_auth-js_dist_module_0.pzobh._.js:7482:220
    at async http://localhost:3000/_next/static/chunks/node_modules_%40supabase_auth-js_dist_module_0.pzobh._.js:667:36 @ http://localhost:3000/_next/static/chunks/node_modules_next_dist_115brz8._.js:3272
[52539131ms] [ERROR] Failed to load resource: net::ERR_QUIC_PROTOCOL_ERROR @ https://wnitkyyodymmjedlttex.supabase.co/auth/v1/token?grant_type=refresh_token:0
[52539131ms] [ERROR] TypeError: Failed to fetch
    at http://localhost:3000/_next/static/chunks/node_modules_%40supabase_auth-js_dist_module_0.pzobh._.js:597:23
    at _handleRequest (http://localhost:3000/_next/static/chunks/node_modules_%40supabase_auth-js_dist_module_0.pzobh._.js:951:24)
    at _request (http://localhost:3000/_next/static/chunks/node_modules_%40supabase_auth-js_dist_module_0.pzobh._.js:938:24)
    at http://localhost:3000/_next/static/chunks/node_modules_%40supabase_auth-js_dist_module_0.pzobh._.js:7482:220
    at async http://localhost:3000/_next/static/chunks/node_modules_%40supabase_auth-js_dist_module_0.pzobh._.js:667:36 @ http://localhost:3000/_next/static/chunks/node_modules_next_dist_115brz8._.js:3272
[52543140ms] [ERROR] Failed to load resource: net::ERR_QUIC_PROTOCOL_ERROR @ https://wnitkyyodymmjedlttex.supabase.co/auth/v1/token?grant_type=refresh_token:0
[52543141ms] [ERROR] TypeError: Failed to fetch
    at http://localhost:3000/_next/static/chunks/node_modules_%40supabase_auth-js_dist_module_0.pzobh._.js:597:23
    at _handleRequest (http://localhost:3000/_next/static/chunks/node_modules_%40supabase_auth-js_dist_module_0.pzobh._.js:951:24)
    at _request (http://localhost:3000/_next/static/chunks/node_modules_%40supabase_auth-js_dist_module_0.pzobh._.js:938:24)
    at http://localhost:3000/_next/static/chunks/node_modules_%40supabase_auth-js_dist_module_0.pzobh._.js:7482:220
    at http://localhost:3000/_next/static/chunks/node_modules_%40supabase_auth-js_dist_module_0.pzobh._.js:667:42
    at http://localhost:3000/_next/static/chunks/node_modules_%40supabase_auth-js_dist_module_0.pzobh._.js:679:11
    at new Promise (<anonymous>)
    at retryable (http://localhost:3000/_next/static/chunks/node_modules_%40supabase_auth-js_dist_module_0.pzobh._.js:661:21)
    at SupabaseAuthClient._refreshAccessToken (http://localhost:3000/_next/static/chunks/node_modules_%40supabase_auth-js_dist_module_0.pzobh._.js:7477:219)
    at SupabaseAuthClient._callRefreshToken (http://localhost:3000/_next/static/chunks/node_modules_%40supabase_auth-js_dist_module_0.pzobh._.js:7633:48)
    at SupabaseAuthClient.__loadSession (http://localhost:3000/_next/static/chunks/node_modules_%40supabase_auth-js_dist_module_0.pzobh._.js:5996:57)
    at async SupabaseAuthClient._useSession (http://localhost:3000/_next/static/chunks/node_modules_%40supabase_auth-js_dist_module_0.pzobh._.js:5926:28)
    at async http://localhost:3000/_next/static/chunks/node_modules_%40supabase_auth-js_dist_module_0.pzobh._.js:7903:32
    at async http://localhost:3000/_next/static/chunks/node_modules_%40supabase_auth-js_dist_module_0.pzobh._.js:5875:28 @ http://localhost:3000/_next/static/chunks/node_modules_next_dist_115brz8._.js:3272
[52547345ms] [ERROR] Failed to load resource: net::ERR_QUIC_PROTOCOL_ERROR @ https://wnitkyyodymmjedlttex.supabase.co/auth/v1/token?grant_type=refresh_token:0
[52547346ms] [ERROR] TypeError: Failed to fetch
    at http://localhost:3000/_next/static/chunks/node_modules_%40supabase_auth-js_dist_module_0.pzobh._.js:597:23
    at _handleRequest (http://localhost:3000/_next/static/chunks/node_modules_%40supabase_auth-js_dist_module_0.pzobh._.js:951:24)
    at _request (http://localhost:3000/_next/static/chunks/node_modules_%40supabase_auth-js_dist_module_0.pzobh._.js:938:24)
    at http://localhost:3000/_next/static/chunks/node_modules_%40supabase_auth-js_dist_module_0.pzobh._.js:7482:220
    at async http://localhost:3000/_next/static/chunks/node_modules_%40supabase_auth-js_dist_module_0.pzobh._.js:667:36 @ http://localhost:3000/_next/static/chunks/node_modules_next_dist_115brz8._.js:3272
[52551769ms] [ERROR] Failed to load resource: net::ERR_QUIC_PROTOCOL_ERROR @ https://wnitkyyodymmjedlttex.supabase.co/auth/v1/token?grant_type=refresh_token:0
[52551769ms] [ERROR] TypeError: Failed to fetch
    at http://localhost:3000/_next/static/chunks/node_modules_%40supabase_auth-js_dist_module_0.pzobh._.js:597:23
    at _handleRequest (http://localhost:3000/_next/static/chunks/node_modules_%40supabase_auth-js_dist_module_0.pzobh._.js:951:24)
    at _request (http://localhost:3000/_next/static/chunks/node_modules_%40supabase_auth-js_dist_module_0.pzobh._.js:938:24)
    at http://localhost:3000/_next/static/chunks/node_modules_%40supabase_auth-js_dist_module_0.pzobh._.js:7482:220
    at async http://localhost:3000/_next/static/chunks/node_modules_%40supabase_auth-js_dist_module_0.pzobh._.js:667:36 @ http://localhost:3000/_next/static/chunks/node_modules_next_dist_115brz8._.js:3272
[52556576ms] [ERROR] Failed to load resource: net::ERR_QUIC_PROTOCOL_ERROR @ https://wnitkyyodymmjedlttex.supabase.co/auth/v1/token?grant_type=refresh_token:0
[52556577ms] [ERROR] TypeError: Failed to fetch
    at http://localhost:3000/_next/static/chunks/node_modules_%40supabase_auth-js_dist_module_0.pzobh._.js:597:23
    at _handleRequest (http://localhost:3000/_next/static/chunks/node_modules_%40supabase_auth-js_dist_module_0.pzobh._.js:951:24)
    at _request (http://localhost:3000/_next/static/chunks/node_modules_%40supabase_auth-js_dist_module_0.pzobh._.js:938:24)
    at http://localhost:3000/_next/static/chunks/node_modules_%40supabase_auth-js_dist_module_0.pzobh._.js:7482:220
    at async http://localhost:3000/_next/static/chunks/node_modules_%40supabase_auth-js_dist_module_0.pzobh._.js:667:36 @ http://localhost:3000/_next/static/chunks/node_modules_next_dist_115brz8._.js:3272
[52562193ms] [ERROR] Failed to load resource: net::ERR_QUIC_PROTOCOL_ERROR @ https://wnitkyyodymmjedlttex.supabase.co/auth/v1/token?grant_type=refresh_token:0
[52562193ms] [ERROR] TypeError: Failed to fetch
    at http://localhost:3000/_next/static/chunks/node_modules_%40supabase_auth-js_dist_module_0.pzobh._.js:597:23
    at _handleRequest (http://localhost:3000/_next/static/chunks/node_modules_%40supabase_auth-js_dist_module_0.pzobh._.js:951:24)
    at _request (http://localhost:3000/_next/static/chunks/node_modules_%40supabase_auth-js_dist_module_0.pzobh._.js:938:24)
    at http://localhost:3000/_next/static/chunks/node_modules_%40supabase_auth-js_dist_module_0.pzobh._.js:7482:220
    at async http://localhost:3000/_next/static/chunks/node_modules_%40supabase_auth-js_dist_module_0.pzobh._.js:667:36 @ http://localhost:3000/_next/static/chunks/node_modules_next_dist_115brz8._.js:3272
[52569417ms] [ERROR] Failed to load resource: net::ERR_QUIC_PROTOCOL_ERROR @ https://wnitkyyodymmjedlttex.supabase.co/auth/v1/token?grant_type=refresh_token:0
[52569417ms] [ERROR] TypeError: Failed to fetch
    at http://localhost:3000/_next/static/chunks/node_modules_%40supabase_auth-js_dist_module_0.pzobh._.js:597:23
    at _handleRequest (http://localhost:3000/_next/static/chunks/node_modules_%40supabase_auth-js_dist_module_0.pzobh._.js:951:24)
    at _request (http://localhost:3000/_next/static/chunks/node_modules_%40supabase_auth-js_dist_module_0.pzobh._.js:938:24)
    at http://localhost:3000/_next/static/chunks/node_modules_%40supabase_auth-js_dist_module_0.pzobh._.js:7482:220
    at async http://localhost:3000/_next/static/chunks/node_modules_%40supabase_auth-js_dist_module_0.pzobh._.js:667:36 @ http://localhost:3000/_next/static/chunks/node_modules_next_dist_115brz8._.js:3272
[52573420ms] [ERROR] Failed to load resource: net::ERR_QUIC_PROTOCOL_ERROR @ https://wnitkyyodymmjedlttex.supabase.co/auth/v1/token?grant_type=refresh_token:0
[52573420ms] [ERROR] TypeError: Failed to fetch
    at http://localhost:3000/_next/static/chunks/node_modules_%40supabase_auth-js_dist_module_0.pzobh._.js:597:23
    at _handleRequest (http://localhost:3000/_next/static/chunks/node_modules_%40supabase_auth-js_dist_module_0.pzobh._.js:951:24)
    at _request (http://localhost:3000/_next/static/chunks/node_modules_%40supabase_auth-js_dist_module_0.pzobh._.js:938:24)
    at http://localhost:3000/_next/static/chunks/node_modules_%40supabase_auth-js_dist_module_0.pzobh._.js:7482:220
    at http://localhost:3000/_next/static/chunks/node_modules_%40supabase_auth-js_dist_module_0.pzobh._.js:667:42
    at http://localhost:3000/_next/static/chunks/node_modules_%40supabase_auth-js_dist_module_0.pzobh._.js:679:11
    at new Promise (<anonymous>)
    at retryable (http://localhost:3000/_next/static/chunks/node_modules_%40supabase_auth-js_dist_module_0.pzobh._.js:661:21)
    at SupabaseAuthClient._refreshAccessToken (http://localhost:3000/_next/static/chunks/node_modules_%40supabase_auth-js_dist_module_0.pzobh._.js:7477:219)
    at SupabaseAuthClient._callRefreshToken (http://localhost:3000/_next/static/chunks/node_modules_%40supabase_auth-js_dist_module_0.pzobh._.js:7633:48)
    at SupabaseAuthClient.__loadSession (http://localhost:3000/_next/static/chunks/node_modules_%40supabase_auth-js_dist_module_0.pzobh._.js:5996:57)
    at async SupabaseAuthClient._useSession (http://localhost:3000/_next/static/chunks/node_modules_%40supabase_auth-js_dist_module_0.pzobh._.js:5926:28)
    at async http://localhost:3000/_next/static/chunks/node_modules_%40supabase_auth-js_dist_module_0.pzobh._.js:7903:32
    at async http://localhost:3000/_next/static/chunks/node_modules_%40supabase_auth-js_dist_module_0.pzobh._.js:5875:28 @ http://localhost:3000/_next/static/chunks/node_modules_next_dist_115brz8._.js:3272
[52577648ms] [ERROR] Failed to load resource: net::ERR_QUIC_PROTOCOL_ERROR @ https://wnitkyyodymmjedlttex.supabase.co/auth/v1/token?grant_type=refresh_token:0
[52577649ms] [ERROR] TypeError: Failed to fetch
    at http://localhost:3000/_next/static/chunks/node_modules_%40supabase_auth-js_dist_module_0.pzobh._.js:597:23
    at _handleRequest (http://localhost:3000/_next/static/chunks/node_modules_%40supabase_auth-js_dist_module_0.pzobh._.js:951:24)
    at _request (http://localhost:3000/_next/static/chunks/node_modules_%40supabase_auth-js_dist_module_0.pzobh._.js:938:24)
    at http://localhost:3000/_next/static/chunks/node_modules_%40supabase_auth-js_dist_module_0.pzobh._.js:7482:220
    at async http://localhost:3000/_next/static/chunks/node_modules_%40supabase_auth-js_dist_module_0.pzobh._.js:667:36 @ http://localhost:3000/_next/static/chunks/node_modules_next_dist_115brz8._.js:3272
[52582065ms] [ERROR] Failed to load resource: net::ERR_QUIC_PROTOCOL_ERROR @ https://wnitkyyodymmjedlttex.supabase.co/auth/v1/token?grant_type=refresh_token:0
[52582065ms] [ERROR] TypeError: Failed to fetch
    at http://localhost:3000/_next/static/chunks/node_modules_%40supabase_auth-js_dist_module_0.pzobh._.js:597:23
    at _handleRequest (http://localhost:3000/_next/static/chunks/node_modules_%40supabase_auth-js_dist_module_0.pzobh._.js:951:24)
    at _request (http://localhost:3000/_next/static/chunks/node_modules_%40supabase_auth-js_dist_module_0.pzobh._.js:938:24)
    at http://localhost:3000/_next/static/chunks/node_modules_%40supabase_auth-js_dist_module_0.pzobh._.js:7482:220
    at async http://localhost:3000/_next/static/chunks/node_modules_%40supabase_auth-js_dist_module_0.pzobh._.js:667:36 @ http://localhost:3000/_next/static/chunks/node_modules_next_dist_115brz8._.js:3272
[52586884ms] [ERROR] Failed to load resource: net::ERR_QUIC_PROTOCOL_ERROR @ https://wnitkyyodymmjedlttex.supabase.co/auth/v1/token?grant_type=refresh_token:0
[52586884ms] [ERROR] TypeError: Failed to fetch
    at http://localhost:3000/_next/static/chunks/node_modules_%40supabase_auth-js_dist_module_0.pzobh._.js:597:23
    at _handleRequest (http://localhost:3000/_next/static/chunks/node_modules_%40supabase_auth-js_dist_module_0.pzobh._.js:951:24)
    at _request (http://localhost:3000/_next/static/chunks/node_modules_%40supabase_auth-js_dist_module_0.pzobh._.js:938:24)
    at http://localhost:3000/_next/static/chunks/node_modules_%40supabase_auth-js_dist_module_0.pzobh._.js:7482:220
    at async http://localhost:3000/_next/static/chunks/node_modules_%40supabase_auth-js_dist_module_0.pzobh._.js:667:36 @ http://localhost:3000/_next/static/chunks/node_modules_next_dist_115brz8._.js:3272
[52592493ms] [ERROR] Failed to load resource: net::ERR_QUIC_PROTOCOL_ERROR @ https://wnitkyyodymmjedlttex.supabase.co/auth/v1/token?grant_type=refresh_token:0
[52592493ms] [ERROR] TypeError: Failed to fetch
    at http://localhost:3000/_next/static/chunks/node_modules_%40supabase_auth-js_dist_module_0.pzobh._.js:597:23
    at _handleRequest (http://localhost:3000/_next/static/chunks/node_modules_%40supabase_auth-js_dist_module_0.pzobh._.js:951:24)
    at _request (http://localhost:3000/_next/static/chunks/node_modules_%40supabase_auth-js_dist_module_0.pzobh._.js:938:24)
    at http://localhost:3000/_next/static/chunks/node_modules_%40supabase_auth-js_dist_module_0.pzobh._.js:7482:220
    at async http://localhost:3000/_next/static/chunks/node_modules_%40supabase_auth-js_dist_module_0.pzobh._.js:667:36 @ http://localhost:3000/_next/static/chunks/node_modules_next_dist_115brz8._.js:3272
[52599717ms] [ERROR] Failed to load resource: net::ERR_QUIC_PROTOCOL_ERROR @ https://wnitkyyodymmjedlttex.supabase.co/auth/v1/token?grant_type=refresh_token:0
[52599717ms] [ERROR] TypeError: Failed to fetch
    at http://localhost:3000/_next/static/chunks/node_modules_%40supabase_auth-js_dist_module_0.pzobh._.js:597:23
    at _handleRequest (http://localhost:3000/_next/static/chunks/node_modules_%40supabase_auth-js_dist_module_0.pzobh._.js:951:24)
    at _request (http://localhost:3000/_next/static/chunks/node_modules_%40supabase_auth-js_dist_module_0.pzobh._.js:938:24)
    at http://localhost:3000/_next/static/chunks/node_modules_%40supabase_auth-js_dist_module_0.pzobh._.js:7482:220
    at async http://localhost:3000/_next/static/chunks/node_modules_%40supabase_auth-js_dist_module_0.pzobh._.js:667:36 @ http://localhost:3000/_next/static/chunks/node_modules_next_dist_115brz8._.js:3272
[52603730ms] [ERROR] Failed to load resource: net::ERR_QUIC_PROTOCOL_ERROR @ https://wnitkyyodymmjedlttex.supabase.co/auth/v1/token?grant_type=refresh_token:0
[52603730ms] [ERROR] TypeError: Failed to fetch
    at http://localhost:3000/_next/static/chunks/node_modules_%40supabase_auth-js_dist_module_0.pzobh._.js:597:23
    at _handleRequest (http://localhost:3000/_next/static/chunks/node_modules_%40supabase_auth-js_dist_module_0.pzobh._.js:951:24)
    at _request (http://localhost:3000/_next/static/chunks/node_modules_%40supabase_auth-js_dist_module_0.pzobh._.js:938:24)
    at http://localhost:3000/_next/static/chunks/node_modules_%40supabase_auth-js_dist_module_0.pzobh._.js:7482:220
    at http://localhost:3000/_next/static/chunks/node_modules_%40supabase_auth-js_dist_module_0.pzobh._.js:667:42
    at http://localhost:3000/_next/static/chunks/node_modules_%40supabase_auth-js_dist_module_0.pzobh._.js:679:11
    at new Promise (<anonymous>)
    at retryable (http://localhost:3000/_next/static/chunks/node_modules_%40supabase_auth-js_dist_module_0.pzobh._.js:661:21)
    at SupabaseAuthClient._refreshAccessToken (http://localhost:3000/_next/static/chunks/node_modules_%40supabase_auth-js_dist_module_0.pzobh._.js:7477:219)
    at SupabaseAuthClient._callRefreshToken (http://localhost:3000/_next/static/chunks/node_modules_%40supabase_auth-js_dist_module_0.pzobh._.js:7633:48)
    at SupabaseAuthClient.__loadSession (http://localhost:3000/_next/static/chunks/node_modules_%40supabase_auth-js_dist_module_0.pzobh._.js:5996:57)
    at async SupabaseAuthClient._useSession (http://localhost:3000/_next/static/chunks/node_modules_%40supabase_auth-js_dist_module_0.pzobh._.js:5926:28)
    at async http://localhost:3000/_next/static/chunks/node_modules_%40supabase_auth-js_dist_module_0.pzobh._.js:7903:32
    at async http://localhost:3000/_next/static/chunks/node_modules_%40supabase_auth-js_dist_module_0.pzobh._.js:5875:28 @ http://localhost:3000/_next/static/chunks/node_modules_next_dist_115brz8._.js:3272
[52607937ms] [ERROR] Failed to load resource: net::ERR_QUIC_PROTOCOL_ERROR @ https://wnitkyyodymmjedlttex.supabase.co/auth/v1/token?grant_type=refresh_token:0
[52607937ms] [ERROR] TypeError: Failed to fetch
    at http://localhost:3000/_next/static/chunks/node_modules_%40supabase_auth-js_dist_module_0.pzobh._.js:597:23
    at _handleRequest (http://localhost:3000/_next/static/chunks/node_modules_%40supabase_auth-js_dist_module_0.pzobh._.js:951:24)
    at _request (http://localhost:3000/_next/static/chunks/node_modules_%40supabase_auth-js_dist_module_0.pzobh._.js:938:24)
    at http://localhost:3000/_next/static/chunks/node_modules_%40supabase_auth-js_dist_module_0.pzobh._.js:7482:220
    at async http://localhost:3000/_next/static/chunks/node_modules_%40supabase_auth-js_dist_module_0.pzobh._.js:667:36 @ http://localhost:3000/_next/static/chunks/node_modules_next_dist_115brz8._.js:3272
[52612354ms] [ERROR] Failed to load resource: net::ERR_QUIC_PROTOCOL_ERROR @ https://wnitkyyodymmjedlttex.supabase.co/auth/v1/token?grant_type=refresh_token:0
[52612354ms] [ERROR] TypeError: Failed to fetch
    at http://localhost:3000/_next/static/chunks/node_modules_%40supabase_auth-js_dist_module_0.pzobh._.js:597:23
    at _handleRequest (http://localhost:3000/_next/static/chunks/node_modules_%40supabase_auth-js_dist_module_0.pzobh._.js:951:24)
    at _request (http://localhost:3000/_next/static/chunks/node_modules_%40supabase_auth-js_dist_module_0.pzobh._.js:938:24)
    at http://localhost:3000/_next/static/chunks/node_modules_%40supabase_auth-js_dist_module_0.pzobh._.js:7482:220
    at async http://localhost:3000/_next/static/chunks/node_modules_%40supabase_auth-js_dist_module_0.pzobh._.js:667:36 @ http://localhost:3000/_next/static/chunks/node_modules_next_dist_115brz8._.js:3272
[52617174ms] [ERROR] Failed to load resource: net::ERR_QUIC_PROTOCOL_ERROR @ https://wnitkyyodymmjedlttex.supabase.co/auth/v1/token?grant_type=refresh_token:0
[52617174ms] [ERROR] TypeError: Failed to fetch
    at http://localhost:3000/_next/static/chunks/node_modules_%40supabase_auth-js_dist_module_0.pzobh._.js:597:23
    at _handleRequest (http://localhost:3000/_next/static/chunks/node_modules_%40supabase_auth-js_dist_module_0.pzobh._.js:951:24)
    at _request (http://localhost:3000/_next/static/chunks/node_modules_%40supabase_auth-js_dist_module_0.pzobh._.js:938:24)
    at http://localhost:3000/_next/static/chunks/node_modules_%40supabase_auth-js_dist_module_0.pzobh._.js:7482:220
    at async http://localhost:3000/_next/static/chunks/node_modules_%40supabase_auth-js_dist_module_0.pzobh._.js:667:36 @ http://localhost:3000/_next/static/chunks/node_modules_next_dist_115brz8._.js:3272
[52622793ms] [ERROR] Failed to load resource: net::ERR_QUIC_PROTOCOL_ERROR @ https://wnitkyyodymmjedlttex.supabase.co/auth/v1/token?grant_type=refresh_token:0
[52622793ms] [ERROR] TypeError: Failed to fetch
    at http://localhost:3000/_next/static/chunks/node_modules_%40supabase_auth-js_dist_module_0.pzobh._.js:597:23
    at _handleRequest (http://localhost:3000/_next/static/chunks/node_modules_%40supabase_auth-js_dist_module_0.pzobh._.js:951:24)
    at _request (http://localhost:3000/_next/static/chunks/node_modules_%40supabase_auth-js_dist_module_0.pzobh._.js:938:24)
    at http://localhost:3000/_next/static/chunks/node_modules_%40supabase_auth-js_dist_module_0.pzobh._.js:7482:220
    at async http://localhost:3000/_next/static/chunks/node_modules_%40supabase_auth-js_dist_module_0.pzobh._.js:667:36 @ http://localhost:3000/_next/static/chunks/node_modules_next_dist_115brz8._.js:3272
[52630017ms] [ERROR] Failed to load resource: net::ERR_QUIC_PROTOCOL_ERROR @ https://wnitkyyodymmjedlttex.supabase.co/auth/v1/token?grant_type=refresh_token:0
[52630017ms] [ERROR] TypeError: Failed to fetch
    at http://localhost:3000/_next/static/chunks/node_modules_%40supabase_auth-js_dist_module_0.pzobh._.js:597:23
    at _handleRequest (http://localhost:3000/_next/static/chunks/node_modules_%40supabase_auth-js_dist_module_0.pzobh._.js:951:24)
    at _request (http://localhost:3000/_next/static/chunks/node_modules_%40supabase_auth-js_dist_module_0.pzobh._.js:938:24)
    at http://localhost:3000/_next/static/chunks/node_modules_%40supabase_auth-js_dist_module_0.pzobh._.js:7482:220
    at async http://localhost:3000/_next/static/chunks/node_modules_%40supabase_auth-js_dist_module_0.pzobh._.js:667:36 @ http://localhost:3000/_next/static/chunks/node_modules_next_dist_115brz8._.js:3272
[52634024ms] [ERROR] Failed to load resource: net::ERR_QUIC_PROTOCOL_ERROR @ https://wnitkyyodymmjedlttex.supabase.co/auth/v1/token?grant_type=refresh_token:0
[52634024ms] [ERROR] TypeError: Failed to fetch
    at http://localhost:3000/_next/static/chunks/node_modules_%40supabase_auth-js_dist_module_0.pzobh._.js:597:23
    at _handleRequest (http://localhost:3000/_next/static/chunks/node_modules_%40supabase_auth-js_dist_module_0.pzobh._.js:951:24)
    at _request (http://localhost:3000/_next/static/chunks/node_modules_%40supabase_auth-js_dist_module_0.pzobh._.js:938:24)
    at http://localhost:3000/_next/static/chunks/node_modules_%40supabase_auth-js_dist_module_0.pzobh._.js:7482:220
    at http://localhost:3000/_next/static/chunks/node_modules_%40supabase_auth-js_dist_module_0.pzobh._.js:667:42
    at http://localhost:3000/_next/static/chunks/node_modules_%40supabase_auth-js_dist_module_0.pzobh._.js:679:11
    at new Promise (<anonymous>)
    at retryable (http://localhost:3000/_next/static/chunks/node_modules_%40supabase_auth-js_dist_module_0.pzobh._.js:661:21)
    at SupabaseAuthClient._refreshAccessToken (http://localhost:3000/_next/static/chunks/node_modules_%40supabase_auth-js_dist_module_0.pzobh._.js:7477:219)
    at SupabaseAuthClient._callRefreshToken (http://localhost:3000/_next/static/chunks/node_modules_%40supabase_auth-js_dist_module_0.pzobh._.js:7633:48)
    at SupabaseAuthClient.__loadSession (http://localhost:3000/_next/static/chunks/node_modules_%40supabase_auth-js_dist_module_0.pzobh._.js:5996:57)
    at async SupabaseAuthClient._useSession (http://localhost:3000/_next/static/chunks/node_modules_%40supabase_auth-js_dist_module_0.pzobh._.js:5926:28)
    at async http://localhost:3000/_next/static/chunks/node_modules_%40supabase_auth-js_dist_module_0.pzobh._.js:7903:32
    at async http://localhost:3000/_next/static/chunks/node_modules_%40supabase_auth-js_dist_module_0.pzobh._.js:5875:28 @ http://localhost:3000/_next/static/chunks/node_modules_next_dist_115brz8._.js:3272
[52638241ms] [ERROR] Failed to load resource: net::ERR_QUIC_PROTOCOL_ERROR @ https://wnitkyyodymmjedlttex.supabase.co/auth/v1/token?grant_type=refresh_token:0
[52638241ms] [ERROR] TypeError: Failed to fetch
    at http://localhost:3000/_next/static/chunks/node_modules_%40supabase_auth-js_dist_module_0.pzobh._.js:597:23
    at _handleRequest (http://localhost:3000/_next/static/chunks/node_modules_%40supabase_auth-js_dist_module_0.pzobh._.js:951:24)
    at _request (http://localhost:3000/_next/static/chunks/node_modules_%40supabase_auth-js_dist_module_0.pzobh._.js:938:24)
    at http://localhost:3000/_next/static/chunks/node_modules_%40supabase_auth-js_dist_module_0.pzobh._.js:7482:220
    at async http://localhost:3000/_next/static/chunks/node_modules_%40supabase_auth-js_dist_module_0.pzobh._.js:667:36 @ http://localhost:3000/_next/static/chunks/node_modules_next_dist_115brz8._.js:3272
[52642659ms] [ERROR] Failed to load resource: net::ERR_QUIC_PROTOCOL_ERROR @ https://wnitkyyodymmjedlttex.supabase.co/auth/v1/token?grant_type=refresh_token:0
[52642659ms] [ERROR] TypeError: Failed to fetch
    at http://localhost:3000/_next/static/chunks/node_modules_%40supabase_auth-js_dist_module_0.pzobh._.js:597:23
    at _handleRequest (http://localhost:3000/_next/static/chunks/node_modules_%40supabase_auth-js_dist_module_0.pzobh._.js:951:24)
    at _request (http://localhost:3000/_next/static/chunks/node_modules_%40supabase_auth-js_dist_module_0.pzobh._.js:938:24)
    at http://localhost:3000/_next/static/chunks/node_modules_%40supabase_auth-js_dist_module_0.pzobh._.js:7482:220
    at async http://localhost:3000/_next/static/chunks/node_modules_%40supabase_auth-js_dist_module_0.pzobh._.js:667:36 @ http://localhost:3000/_next/static/chunks/node_modules_next_dist_115brz8._.js:3272
[52647477ms] [ERROR] Failed to load resource: net::ERR_QUIC_PROTOCOL_ERROR @ https://wnitkyyodymmjedlttex.supabase.co/auth/v1/token?grant_type=refresh_token:0
[52647477ms] [ERROR] TypeError: Failed to fetch
    at http://localhost:3000/_next/static/chunks/node_modules_%40supabase_auth-js_dist_module_0.pzobh._.js:597:23
    at _handleRequest (http://localhost:3000/_next/static/chunks/node_modules_%40supabase_auth-js_dist_module_0.pzobh._.js:951:24)
    at _request (http://localhost:3000/_next/static/chunks/node_modules_%40supabase_auth-js_dist_module_0.pzobh._.js:938:24)
    at http://localhost:3000/_next/static/chunks/node_modules_%40supabase_auth-js_dist_module_0.pzobh._.js:7482:220
    at async http://localhost:3000/_next/static/chunks/node_modules_%40supabase_auth-js_dist_module_0.pzobh._.js:667:36 @ http://localhost:3000/_next/static/chunks/node_modules_next_dist_115brz8._.js:3272
[52653090ms] [ERROR] Failed to load resource: net::ERR_QUIC_PROTOCOL_ERROR @ https://wnitkyyodymmjedlttex.supabase.co/auth/v1/token?grant_type=refresh_token:0
[52653090ms] [ERROR] TypeError: Failed to fetch
    at http://localhost:3000/_next/static/chunks/node_modules_%40supabase_auth-js_dist_module_0.pzobh._.js:597:23
    at _handleRequest (http://localhost:3000/_next/static/chunks/node_modules_%40supabase_auth-js_dist_module_0.pzobh._.js:951:24)
    at _request (http://localhost:3000/_next/static/chunks/node_modules_%40supabase_auth-js_dist_module_0.pzobh._.js:938:24)
    at http://localhost:3000/_next/static/chunks/node_modules_%40supabase_auth-js_dist_module_0.pzobh._.js:7482:220
    at async http://localhost:3000/_next/static/chunks/node_modules_%40supabase_auth-js_dist_module_0.pzobh._.js:667:36 @ http://localhost:3000/_next/static/chunks/node_modules_next_dist_115brz8._.js:3272
[52660310ms] [ERROR] Failed to load resource: net::ERR_QUIC_PROTOCOL_ERROR @ https://wnitkyyodymmjedlttex.supabase.co/auth/v1/token?grant_type=refresh_token:0
[52660311ms] [ERROR] TypeError: Failed to fetch
    at http://localhost:3000/_next/static/chunks/node_modules_%40supabase_auth-js_dist_module_0.pzobh._.js:597:23
    at _handleRequest (http://localhost:3000/_next/static/chunks/node_modules_%40supabase_auth-js_dist_module_0.pzobh._.js:951:24)
    at _request (http://localhost:3000/_next/static/chunks/node_modules_%40supabase_auth-js_dist_module_0.pzobh._.js:938:24)
    at http://localhost:3000/_next/static/chunks/node_modules_%40supabase_auth-js_dist_module_0.pzobh._.js:7482:220
    at async http://localhost:3000/_next/static/chunks/node_modules_%40supabase_auth-js_dist_module_0.pzobh._.js:667:36 @ http://localhost:3000/_next/static/chunks/node_modules_next_dist_115brz8._.js:3272
[52664323ms] [ERROR] Failed to load resource: net::ERR_QUIC_PROTOCOL_ERROR @ https://wnitkyyodymmjedlttex.supabase.co/auth/v1/token?grant_type=refresh_token:0
[52664323ms] [ERROR] TypeError: Failed to fetch
    at http://localhost:3000/_next/static/chunks/node_modules_%40supabase_auth-js_dist_module_0.pzobh._.js:597:23
    at _handleRequest (http://localhost:3000/_next/static/chunks/node_modules_%40supabase_auth-js_dist_module_0.pzobh._.js:951:24)
    at _request (http://localhost:3000/_next/static/chunks/node_modules_%40supabase_auth-js_dist_module_0.pzobh._.js:938:24)
    at http://localhost:3000/_next/static/chunks/node_modules_%40supabase_auth-js_dist_module_0.pzobh._.js:7482:220
    at http://localhost:3000/_next/static/chunks/node_modules_%40supabase_auth-js_dist_module_0.pzobh._.js:667:42
    at http://localhost:3000/_next/static/chunks/node_modules_%40supabase_auth-js_dist_module_0.pzobh._.js:679:11
    at new Promise (<anonymous>)
    at retryable (http://localhost:3000/_next/static/chunks/node_modules_%40supabase_auth-js_dist_module_0.pzobh._.js:661:21)
    at SupabaseAuthClient._refreshAccessToken (http://localhost:3000/_next/static/chunks/node_modules_%40supabase_auth-js_dist_module_0.pzobh._.js:7477:219)
    at SupabaseAuthClient._callRefreshToken (http://localhost:3000/_next/static/chunks/node_modules_%40supabase_auth-js_dist_module_0.pzobh._.js:7633:48)
    at SupabaseAuthClient.__loadSession (http://localhost:3000/_next/static/chunks/node_modules_%40supabase_auth-js_dist_module_0.pzobh._.js:5996:57)
    at async SupabaseAuthClient._useSession (http://localhost:3000/_next/static/chunks/node_modules_%40supabase_auth-js_dist_module_0.pzobh._.js:5926:28)
    at async http://localhost:3000/_next/static/chunks/node_modules_%40supabase_auth-js_dist_module_0.pzobh._.js:7903:32
    at async http://localhost:3000/_next/static/chunks/node_modules_%40supabase_auth-js_dist_module_0.pzobh._.js:5875:28 @ http://localhost:3000/_next/static/chunks/node_modules_next_dist_115brz8._.js:3272
[52668544ms] [ERROR] Failed to load resource: net::ERR_QUIC_PROTOCOL_ERROR @ https://wnitkyyodymmjedlttex.supabase.co/auth/v1/token?grant_type=refresh_token:0
[52668545ms] [ERROR] TypeError: Failed to fetch
    at http://localhost:3000/_next/static/chunks/node_modules_%40supabase_auth-js_dist_module_0.pzobh._.js:597:23
    at _handleRequest (http://localhost:3000/_next/static/chunks/node_modules_%40supabase_auth-js_dist_module_0.pzobh._.js:951:24)
    at _request (http://localhost:3000/_next/static/chunks/node_modules_%40supabase_auth-js_dist_module_0.pzobh._.js:938:24)
    at http://localhost:3000/_next/static/chunks/node_modules_%40supabase_auth-js_dist_module_0.pzobh._.js:7482:220
    at async http://localhost:3000/_next/static/chunks/node_modules_%40supabase_auth-js_dist_module_0.pzobh._.js:667:36 @ http://localhost:3000/_next/static/chunks/node_modules_next_dist_115brz8._.js:3272
[52672972ms] [ERROR] Failed to load resource: net::ERR_QUIC_PROTOCOL_ERROR @ https://wnitkyyodymmjedlttex.supabase.co/auth/v1/token?grant_type=refresh_token:0
[52672972ms] [ERROR] TypeError: Failed to fetch
    at http://localhost:3000/_next/static/chunks/node_modules_%40supabase_auth-js_dist_module_0.pzobh._.js:597:23
    at _handleRequest (http://localhost:3000/_next/static/chunks/node_modules_%40supabase_auth-js_dist_module_0.pzobh._.js:951:24)
    at _request (http://localhost:3000/_next/static/chunks/node_modules_%40supabase_auth-js_dist_module_0.pzobh._.js:938:24)
    at http://localhost:3000/_next/static/chunks/node_modules_%40supabase_auth-js_dist_module_0.pzobh._.js:7482:220
    at async http://localhost:3000/_next/static/chunks/node_modules_%40supabase_auth-js_dist_module_0.pzobh._.js:667:36 @ http://localhost:3000/_next/static/chunks/node_modules_next_dist_115brz8._.js:3272
[52677794ms] [ERROR] Failed to load resource: net::ERR_QUIC_PROTOCOL_ERROR @ https://wnitkyyodymmjedlttex.supabase.co/auth/v1/token?grant_type=refresh_token:0
[52677794ms] [ERROR] TypeError: Failed to fetch
    at http://localhost:3000/_next/static/chunks/node_modules_%40supabase_auth-js_dist_module_0.pzobh._.js:597:23
    at _handleRequest (http://localhost:3000/_next/static/chunks/node_modules_%40supabase_auth-js_dist_module_0.pzobh._.js:951:24)
    at _request (http://localhost:3000/_next/static/chunks/node_modules_%40supabase_auth-js_dist_module_0.pzobh._.js:938:24)
    at http://localhost:3000/_next/static/chunks/node_modules_%40supabase_auth-js_dist_module_0.pzobh._.js:7482:220
    at async http://localhost:3000/_next/static/chunks/node_modules_%40supabase_auth-js_dist_module_0.pzobh._.js:667:36 @ http://localhost:3000/_next/static/chunks/node_modules_next_dist_115brz8._.js:3272
[52683409ms] [ERROR] Failed to load resource: net::ERR_QUIC_PROTOCOL_ERROR @ https://wnitkyyodymmjedlttex.supabase.co/auth/v1/token?grant_type=refresh_token:0
[52683409ms] [ERROR] TypeError: Failed to fetch
    at http://localhost:3000/_next/static/chunks/node_modules_%40supabase_auth-js_dist_module_0.pzobh._.js:597:23
    at _handleRequest (http://localhost:3000/_next/static/chunks/node_modules_%40supabase_auth-js_dist_module_0.pzobh._.js:951:24)
    at _request (http://localhost:3000/_next/static/chunks/node_modules_%40supabase_auth-js_dist_module_0.pzobh._.js:938:24)
    at http://localhost:3000/_next/static/chunks/node_modules_%40supabase_auth-js_dist_module_0.pzobh._.js:7482:220
    at async http://localhost:3000/_next/static/chunks/node_modules_%40supabase_auth-js_dist_module_0.pzobh._.js:667:36 @ http://localhost:3000/_next/static/chunks/node_modules_next_dist_115brz8._.js:3272
[52690619ms] [ERROR] Failed to load resource: net::ERR_QUIC_PROTOCOL_ERROR @ https://wnitkyyodymmjedlttex.supabase.co/auth/v1/token?grant_type=refresh_token:0
[52690619ms] [ERROR] TypeError: Failed to fetch
    at http://localhost:3000/_next/static/chunks/node_modules_%40supabase_auth-js_dist_module_0.pzobh._.js:597:23
    at _handleRequest (http://localhost:3000/_next/static/chunks/node_modules_%40supabase_auth-js_dist_module_0.pzobh._.js:951:24)
    at _request (http://localhost:3000/_next/static/chunks/node_modules_%40supabase_auth-js_dist_module_0.pzobh._.js:938:24)
    at http://localhost:3000/_next/static/chunks/node_modules_%40supabase_auth-js_dist_module_0.pzobh._.js:7482:220
    at async http://localhost:3000/_next/static/chunks/node_modules_%40supabase_auth-js_dist_module_0.pzobh._.js:667:36 @ http://localhost:3000/_next/static/chunks/node_modules_next_dist_115brz8._.js:3272
[52694636ms] [ERROR] Failed to load resource: net::ERR_QUIC_PROTOCOL_ERROR @ https://wnitkyyodymmjedlttex.supabase.co/auth/v1/token?grant_type=refresh_token:0
[52694636ms] [ERROR] TypeError: Failed to fetch
    at http://localhost:3000/_next/static/chunks/node_modules_%40supabase_auth-js_dist_module_0.pzobh._.js:597:23
    at _handleRequest (http://localhost:3000/_next/static/chunks/node_modules_%40supabase_auth-js_dist_module_0.pzobh._.js:951:24)
    at _request (http://localhost:3000/_next/static/chunks/node_modules_%40supabase_auth-js_dist_module_0.pzobh._.js:938:24)
    at http://localhost:3000/_next/static/chunks/node_modules_%40supabase_auth-js_dist_module_0.pzobh._.js:7482:220
    at http://localhost:3000/_next/static/chunks/node_modules_%40supabase_auth-js_dist_module_0.pzobh._.js:667:42
    at http://localhost:3000/_next/static/chunks/node_modules_%40supabase_auth-js_dist_module_0.pzobh._.js:679:11
    at new Promise (<anonymous>)
    at retryable (http://localhost:3000/_next/static/chunks/node_modules_%40supabase_auth-js_dist_module_0.pzobh._.js:661:21)
    at SupabaseAuthClient._refreshAccessToken (http://localhost:3000/_next/static/chunks/node_modules_%40supabase_auth-js_dist_module_0.pzobh._.js:7477:219)
    at SupabaseAuthClient._callRefreshToken (http://localhost:3000/_next/static/chunks/node_modules_%40supabase_auth-js_dist_module_0.pzobh._.js:7633:48)
    at SupabaseAuthClient.__loadSession (http://localhost:3000/_next/static/chunks/node_modules_%40supabase_auth-js_dist_module_0.pzobh._.js:5996:57)
    at async SupabaseAuthClient._useSession (http://localhost:3000/_next/static/chunks/node_modules_%40supabase_auth-js_dist_module_0.pzobh._.js:5926:28)
    at async http://localhost:3000/_next/static/chunks/node_modules_%40supabase_auth-js_dist_module_0.pzobh._.js:7903:32
    at async http://localhost:3000/_next/static/chunks/node_modules_%40supabase_auth-js_dist_module_0.pzobh._.js:5875:28 @ http://localhost:3000/_next/static/chunks/node_modules_next_dist_115brz8._.js:3272
[52698859ms] [ERROR] Failed to load resource: net::ERR_QUIC_PROTOCOL_ERROR @ https://wnitkyyodymmjedlttex.supabase.co/auth/v1/token?grant_type=refresh_token:0
[52698859ms] [ERROR] TypeError: Failed to fetch
    at http://localhost:3000/_next/static/chunks/node_modules_%40supabase_auth-js_dist_module_0.pzobh._.js:597:23
    at _handleRequest (http://localhost:3000/_next/static/chunks/node_modules_%40supabase_auth-js_dist_module_0.pzobh._.js:951:24)
    at _request (http://localhost:3000/_next/static/chunks/node_modules_%40supabase_auth-js_dist_module_0.pzobh._.js:938:24)
    at http://localhost:3000/_next/static/chunks/node_modules_%40supabase_auth-js_dist_module_0.pzobh._.js:7482:220
    at async http://localhost:3000/_next/static/chunks/node_modules_%40supabase_auth-js_dist_module_0.pzobh._.js:667:36 @ http://localhost:3000/_next/static/chunks/node_modules_next_dist_115brz8._.js:3272
[52703281ms] [ERROR] Failed to load resource: net::ERR_QUIC_PROTOCOL_ERROR @ https://wnitkyyodymmjedlttex.supabase.co/auth/v1/token?grant_type=refresh_token:0
[52703281ms] [ERROR] TypeError: Failed to fetch
    at http://localhost:3000/_next/static/chunks/node_modules_%40supabase_auth-js_dist_module_0.pzobh._.js:597:23
    at _handleRequest (http://localhost:3000/_next/static/chunks/node_modules_%40supabase_auth-js_dist_module_0.pzobh._.js:951:24)
    at _request (http://localhost:3000/_next/static/chunks/node_modules_%40supabase_auth-js_dist_module_0.pzobh._.js:938:24)
    at http://localhost:3000/_next/static/chunks/node_modules_%40supabase_auth-js_dist_module_0.pzobh._.js:7482:220
    at async http://localhost:3000/_next/static/chunks/node_modules_%40supabase_auth-js_dist_module_0.pzobh._.js:667:36 @ http://localhost:3000/_next/static/chunks/node_modules_next_dist_115brz8._.js:3272
[52708102ms] [ERROR] Failed to load resource: net::ERR_QUIC_PROTOCOL_ERROR @ https://wnitkyyodymmjedlttex.supabase.co/auth/v1/token?grant_type=refresh_token:0
[52708102ms] [ERROR] TypeError: Failed to fetch
    at http://localhost:3000/_next/static/chunks/node_modules_%40supabase_auth-js_dist_module_0.pzobh._.js:597:23
    at _handleRequest (http://localhost:3000/_next/static/chunks/node_modules_%40supabase_auth-js_dist_module_0.pzobh._.js:951:24)
    at _request (http://localhost:3000/_next/static/chunks/node_modules_%40supabase_auth-js_dist_module_0.pzobh._.js:938:24)
    at http://localhost:3000/_next/static/chunks/node_modules_%40supabase_auth-js_dist_module_0.pzobh._.js:7482:220
    at async http://localhost:3000/_next/static/chunks/node_modules_%40supabase_auth-js_dist_module_0.pzobh._.js:667:36 @ http://localhost:3000/_next/static/chunks/node_modules_next_dist_115brz8._.js:3272
[52713713ms] [ERROR] Failed to load resource: net::ERR_QUIC_PROTOCOL_ERROR @ https://wnitkyyodymmjedlttex.supabase.co/auth/v1/token?grant_type=refresh_token:0
[52713713ms] [ERROR] TypeError: Failed to fetch
    at http://localhost:3000/_next/static/chunks/node_modules_%40supabase_auth-js_dist_module_0.pzobh._.js:597:23
    at _handleRequest (http://localhost:3000/_next/static/chunks/node_modules_%40supabase_auth-js_dist_module_0.pzobh._.js:951:24)
    at _request (http://localhost:3000/_next/static/chunks/node_modules_%40supabase_auth-js_dist_module_0.pzobh._.js:938:24)
    at http://localhost:3000/_next/static/chunks/node_modules_%40supabase_auth-js_dist_module_0.pzobh._.js:7482:220
    at async http://localhost:3000/_next/static/chunks/node_modules_%40supabase_auth-js_dist_module_0.pzobh._.js:667:36 @ http://localhost:3000/_next/static/chunks/node_modules_next_dist_115brz8._.js:3272
[52720940ms] [ERROR] Failed to load resource: net::ERR_QUIC_PROTOCOL_ERROR @ https://wnitkyyodymmjedlttex.supabase.co/auth/v1/token?grant_type=refresh_token:0
[52720940ms] [ERROR] TypeError: Failed to fetch
    at http://localhost:3000/_next/static/chunks/node_modules_%40supabase_auth-js_dist_module_0.pzobh._.js:597:23
    at _handleRequest (http://localhost:3000/_next/static/chunks/node_modules_%40supabase_auth-js_dist_module_0.pzobh._.js:951:24)
    at _request (http://localhost:3000/_next/static/chunks/node_modules_%40supabase_auth-js_dist_module_0.pzobh._.js:938:24)
    at http://localhost:3000/_next/static/chunks/node_modules_%40supabase_auth-js_dist_module_0.pzobh._.js:7482:220
    at async http://localhost:3000/_next/static/chunks/node_modules_%40supabase_auth-js_dist_module_0.pzobh._.js:667:36 @ http://localhost:3000/_next/static/chunks/node_modules_next_dist_115brz8._.js:3272
[52724952ms] [ERROR] Failed to load resource: net::ERR_QUIC_PROTOCOL_ERROR @ https://wnitkyyodymmjedlttex.supabase.co/auth/v1/token?grant_type=refresh_token:0
[52724952ms] [ERROR] TypeError: Failed to fetch
    at http://localhost:3000/_next/static/chunks/node_modules_%40supabase_auth-js_dist_module_0.pzobh._.js:597:23
    at _handleRequest (http://localhost:3000/_next/static/chunks/node_modules_%40supabase_auth-js_dist_module_0.pzobh._.js:951:24)
    at _request (http://localhost:3000/_next/static/chunks/node_modules_%40supabase_auth-js_dist_module_0.pzobh._.js:938:24)
    at http://localhost:3000/_next/static/chunks/node_modules_%40supabase_auth-js_dist_module_0.pzobh._.js:7482:220
    at http://localhost:3000/_next/static/chunks/node_modules_%40supabase_auth-js_dist_module_0.pzobh._.js:667:42
    at http://localhost:3000/_next/static/chunks/node_modules_%40supabase_auth-js_dist_module_0.pzobh._.js:679:11
    at new Promise (<anonymous>)
    at retryable (http://localhost:3000/_next/static/chunks/node_modules_%40supabase_auth-js_dist_module_0.pzobh._.js:661:21)
    at SupabaseAuthClient._refreshAccessToken (http://localhost:3000/_next/static/chunks/node_modules_%40supabase_auth-js_dist_module_0.pzobh._.js:7477:219)
    at SupabaseAuthClient._callRefreshToken (http://localhost:3000/_next/static/chunks/node_modules_%40supabase_auth-js_dist_module_0.pzobh._.js:7633:48)
    at SupabaseAuthClient.__loadSession (http://localhost:3000/_next/static/chunks/node_modules_%40supabase_auth-js_dist_module_0.pzobh._.js:5996:57)
    at async SupabaseAuthClient._useSession (http://localhost:3000/_next/static/chunks/node_modules_%40supabase_auth-js_dist_module_0.pzobh._.js:5926:28)
    at async http://localhost:3000/_next/static/chunks/node_modules_%40supabase_auth-js_dist_module_0.pzobh._.js:7903:32
    at async http://localhost:3000/_next/static/chunks/node_modules_%40supabase_auth-js_dist_module_0.pzobh._.js:5875:28 @ http://localhost:3000/_next/static/chunks/node_modules_next_dist_115brz8._.js:3272
[52729174ms] [ERROR] Failed to load resource: net::ERR_QUIC_PROTOCOL_ERROR @ https://wnitkyyodymmjedlttex.supabase.co/auth/v1/token?grant_type=refresh_token:0
[52729174ms] [ERROR] TypeError: Failed to fetch
    at http://localhost:3000/_next/static/chunks/node_modules_%40supabase_auth-js_dist_module_0.pzobh._.js:597:23
    at _handleRequest (http://localhost:3000/_next/static/chunks/node_modules_%40supabase_auth-js_dist_module_0.pzobh._.js:951:24)
    at _request (http://localhost:3000/_next/static/chunks/node_modules_%40supabase_auth-js_dist_module_0.pzobh._.js:938:24)
    at http://localhost:3000/_next/static/chunks/node_modules_%40supabase_auth-js_dist_module_0.pzobh._.js:7482:220
    at async http://localhost:3000/_next/static/chunks/node_modules_%40supabase_auth-js_dist_module_0.pzobh._.js:667:36 @ http://localhost:3000/_next/static/chunks/node_modules_next_dist_115brz8._.js:3272
[52733592ms] [ERROR] Failed to load resource: net::ERR_QUIC_PROTOCOL_ERROR @ https://wnitkyyodymmjedlttex.supabase.co/auth/v1/token?grant_type=refresh_token:0
[52733592ms] [ERROR] TypeError: Failed to fetch
    at http://localhost:3000/_next/static/chunks/node_modules_%40supabase_auth-js_dist_module_0.pzobh._.js:597:23
    at _handleRequest (http://localhost:3000/_next/static/chunks/node_modules_%40supabase_auth-js_dist_module_0.pzobh._.js:951:24)
    at _request (http://localhost:3000/_next/static/chunks/node_modules_%40supabase_auth-js_dist_module_0.pzobh._.js:938:24)
    at http://localhost:3000/_next/static/chunks/node_modules_%40supabase_auth-js_dist_module_0.pzobh._.js:7482:220
    at async http://localhost:3000/_next/static/chunks/node_modules_%40supabase_auth-js_dist_module_0.pzobh._.js:667:36 @ http://localhost:3000/_next/static/chunks/node_modules_next_dist_115brz8._.js:3272
[52738418ms] [ERROR] Failed to load resource: net::ERR_QUIC_PROTOCOL_ERROR @ https://wnitkyyodymmjedlttex.supabase.co/auth/v1/token?grant_type=refresh_token:0
[52738418ms] [ERROR] TypeError: Failed to fetch
    at http://localhost:3000/_next/static/chunks/node_modules_%40supabase_auth-js_dist_module_0.pzobh._.js:597:23
    at _handleRequest (http://localhost:3000/_next/static/chunks/node_modules_%40supabase_auth-js_dist_module_0.pzobh._.js:951:24)
    at _request (http://localhost:3000/_next/static/chunks/node_modules_%40supabase_auth-js_dist_module_0.pzobh._.js:938:24)
    at http://localhost:3000/_next/static/chunks/node_modules_%40supabase_auth-js_dist_module_0.pzobh._.js:7482:220
    at async http://localhost:3000/_next/static/chunks/node_modules_%40supabase_auth-js_dist_module_0.pzobh._.js:667:36 @ http://localhost:3000/_next/static/chunks/node_modules_next_dist_115brz8._.js:3272
[52744037ms] [ERROR] Failed to load resource: net::ERR_QUIC_PROTOCOL_ERROR @ https://wnitkyyodymmjedlttex.supabase.co/auth/v1/token?grant_type=refresh_token:0
[52744038ms] [ERROR] TypeError: Failed to fetch
    at http://localhost:3000/_next/static/chunks/node_modules_%40supabase_auth-js_dist_module_0.pzobh._.js:597:23
    at _handleRequest (http://localhost:3000/_next/static/chunks/node_modules_%40supabase_auth-js_dist_module_0.pzobh._.js:951:24)
    at _request (http://localhost:3000/_next/static/chunks/node_modules_%40supabase_auth-js_dist_module_0.pzobh._.js:938:24)
    at http://localhost:3000/_next/static/chunks/node_modules_%40supabase_auth-js_dist_module_0.pzobh._.js:7482:220
    at async http://localhost:3000/_next/static/chunks/node_modules_%40supabase_auth-js_dist_module_0.pzobh._.js:667:36 @ http://localhost:3000/_next/static/chunks/node_modules_next_dist_115brz8._.js:3272
[52751249ms] [ERROR] Failed to load resource: net::ERR_QUIC_PROTOCOL_ERROR @ https://wnitkyyodymmjedlttex.supabase.co/auth/v1/token?grant_type=refresh_token:0
[52751249ms] [ERROR] TypeError: Failed to fetch
    at http://localhost:3000/_next/static/chunks/node_modules_%40supabase_auth-js_dist_module_0.pzobh._.js:597:23
    at _handleRequest (http://localhost:3000/_next/static/chunks/node_modules_%40supabase_auth-js_dist_module_0.pzobh._.js:951:24)
    at _request (http://localhost:3000/_next/static/chunks/node_modules_%40supabase_auth-js_dist_module_0.pzobh._.js:938:24)
    at http://localhost:3000/_next/static/chunks/node_modules_%40supabase_auth-js_dist_module_0.pzobh._.js:7482:220
    at async http://localhost:3000/_next/static/chunks/node_modules_%40supabase_auth-js_dist_module_0.pzobh._.js:667:36 @ http://localhost:3000/_next/static/chunks/node_modules_next_dist_115brz8._.js:3272
[52755252ms] [ERROR] Failed to load resource: net::ERR_QUIC_PROTOCOL_ERROR @ https://wnitkyyodymmjedlttex.supabase.co/auth/v1/token?grant_type=refresh_token:0
[52755252ms] [ERROR] TypeError: Failed to fetch
    at http://localhost:3000/_next/static/chunks/node_modules_%40supabase_auth-js_dist_module_0.pzobh._.js:597:23
    at _handleRequest (http://localhost:3000/_next/static/chunks/node_modules_%40supabase_auth-js_dist_module_0.pzobh._.js:951:24)
    at _request (http://localhost:3000/_next/static/chunks/node_modules_%40supabase_auth-js_dist_module_0.pzobh._.js:938:24)
    at http://localhost:3000/_next/static/chunks/node_modules_%40supabase_auth-js_dist_module_0.pzobh._.js:7482:220
    at http://localhost:3000/_next/static/chunks/node_modules_%40supabase_auth-js_dist_module_0.pzobh._.js:667:42
    at http://localhost:3000/_next/static/chunks/node_modules_%40supabase_auth-js_dist_module_0.pzobh._.js:679:11
    at new Promise (<anonymous>)
    at retryable (http://localhost:3000/_next/static/chunks/node_modules_%40supabase_auth-js_dist_module_0.pzobh._.js:661:21)
    at SupabaseAuthClient._refreshAccessToken (http://localhost:3000/_next/static/chunks/node_modules_%40supabase_auth-js_dist_module_0.pzobh._.js:7477:219)
    at SupabaseAuthClient._callRefreshToken (http://localhost:3000/_next/static/chunks/node_modules_%40supabase_auth-js_dist_module_0.pzobh._.js:7633:48)
    at SupabaseAuthClient.__loadSession (http://localhost:3000/_next/static/chunks/node_modules_%40supabase_auth-js_dist_module_0.pzobh._.js:5996:57)
    at async SupabaseAuthClient._useSession (http://localhost:3000/_next/static/chunks/node_modules_%40supabase_auth-js_dist_module_0.pzobh._.js:5926:28)
    at async http://localhost:3000/_next/static/chunks/node_modules_%40supabase_auth-js_dist_module_0.pzobh._.js:7903:32
    at async http://localhost:3000/_next/static/chunks/node_modules_%40supabase_auth-js_dist_module_0.pzobh._.js:5875:28 @ http://localhost:3000/_next/static/chunks/node_modules_next_dist_115brz8._.js:3272
[52759462ms] [ERROR] Failed to load resource: net::ERR_QUIC_PROTOCOL_ERROR @ https://wnitkyyodymmjedlttex.supabase.co/auth/v1/token?grant_type=refresh_token:0
[52759462ms] [ERROR] TypeError: Failed to fetch
    at http://localhost:3000/_next/static/chunks/node_modules_%40supabase_auth-js_dist_module_0.pzobh._.js:597:23
    at _handleRequest (http://localhost:3000/_next/static/chunks/node_modules_%40supabase_auth-js_dist_module_0.pzobh._.js:951:24)
    at _request (http://localhost:3000/_next/static/chunks/node_modules_%40supabase_auth-js_dist_module_0.pzobh._.js:938:24)
    at http://localhost:3000/_next/static/chunks/node_modules_%40supabase_auth-js_dist_module_0.pzobh._.js:7482:220
    at async http://localhost:3000/_next/static/chunks/node_modules_%40supabase_auth-js_dist_module_0.pzobh._.js:667:36 @ http://localhost:3000/_next/static/chunks/node_modules_next_dist_115brz8._.js:3272
[52763890ms] [ERROR] Failed to load resource: net::ERR_QUIC_PROTOCOL_ERROR @ https://wnitkyyodymmjedlttex.supabase.co/auth/v1/token?grant_type=refresh_token:0
[52763890ms] [ERROR] TypeError: Failed to fetch
    at http://localhost:3000/_next/static/chunks/node_modules_%40supabase_auth-js_dist_module_0.pzobh._.js:597:23
    at _handleRequest (http://localhost:3000/_next/static/chunks/node_modules_%40supabase_auth-js_dist_module_0.pzobh._.js:951:24)
    at _request (http://localhost:3000/_next/static/chunks/node_modules_%40supabase_auth-js_dist_module_0.pzobh._.js:938:24)
    at http://localhost:3000/_next/static/chunks/node_modules_%40supabase_auth-js_dist_module_0.pzobh._.js:7482:220
    at async http://localhost:3000/_next/static/chunks/node_modules_%40supabase_auth-js_dist_module_0.pzobh._.js:667:36 @ http://localhost:3000/_next/static/chunks/node_modules_next_dist_115brz8._.js:3272
[52768699ms] [ERROR] Failed to load resource: net::ERR_QUIC_PROTOCOL_ERROR @ https://wnitkyyodymmjedlttex.supabase.co/auth/v1/token?grant_type=refresh_token:0
[52768700ms] [ERROR] TypeError: Failed to fetch
    at http://localhost:3000/_next/static/chunks/node_modules_%40supabase_auth-js_dist_module_0.pzobh._.js:597:23
    at _handleRequest (http://localhost:3000/_next/static/chunks/node_modules_%40supabase_auth-js_dist_module_0.pzobh._.js:951:24)
    at _request (http://localhost:3000/_next/static/chunks/node_modules_%40supabase_auth-js_dist_module_0.pzobh._.js:938:24)
    at http://localhost:3000/_next/static/chunks/node_modules_%40supabase_auth-js_dist_module_0.pzobh._.js:7482:220
    at async http://localhost:3000/_next/static/chunks/node_modules_%40supabase_auth-js_dist_module_0.pzobh._.js:667:36 @ http://localhost:3000/_next/static/chunks/node_modules_next_dist_115brz8._.js:3272
[52774308ms] [ERROR] Failed to load resource: net::ERR_QUIC_PROTOCOL_ERROR @ https://wnitkyyodymmjedlttex.supabase.co/auth/v1/token?grant_type=refresh_token:0
[52774308ms] [ERROR] TypeError: Failed to fetch
    at http://localhost:3000/_next/static/chunks/node_modules_%40supabase_auth-js_dist_module_0.pzobh._.js:597:23
    at _handleRequest (http://localhost:3000/_next/static/chunks/node_modules_%40supabase_auth-js_dist_module_0.pzobh._.js:951:24)
    at _request (http://localhost:3000/_next/static/chunks/node_modules_%40supabase_auth-js_dist_module_0.pzobh._.js:938:24)
    at http://localhost:3000/_next/static/chunks/node_modules_%40supabase_auth-js_dist_module_0.pzobh._.js:7482:220
    at async http://localhost:3000/_next/static/chunks/node_modules_%40supabase_auth-js_dist_module_0.pzobh._.js:667:36 @ http://localhost:3000/_next/static/chunks/node_modules_next_dist_115brz8._.js:3272
[52781537ms] [ERROR] Failed to load resource: net::ERR_QUIC_PROTOCOL_ERROR @ https://wnitkyyodymmjedlttex.supabase.co/auth/v1/token?grant_type=refresh_token:0
[52781537ms] [ERROR] TypeError: Failed to fetch
    at http://localhost:3000/_next/static/chunks/node_modules_%40supabase_auth-js_dist_module_0.pzobh._.js:597:23
    at _handleRequest (http://localhost:3000/_next/static/chunks/node_modules_%40supabase_auth-js_dist_module_0.pzobh._.js:951:24)
    at _request (http://localhost:3000/_next/static/chunks/node_modules_%40supabase_auth-js_dist_module_0.pzobh._.js:938:24)
    at http://localhost:3000/_next/static/chunks/node_modules_%40supabase_auth-js_dist_module_0.pzobh._.js:7482:220
    at async http://localhost:3000/_next/static/chunks/node_modules_%40supabase_auth-js_dist_module_0.pzobh._.js:667:36 @ http://localhost:3000/_next/static/chunks/node_modules_next_dist_115brz8._.js:3272
[52785542ms] [ERROR] Failed to load resource: net::ERR_QUIC_PROTOCOL_ERROR @ https://wnitkyyodymmjedlttex.supabase.co/auth/v1/token?grant_type=refresh_token:0
[52785542ms] [ERROR] TypeError: Failed to fetch
    at http://localhost:3000/_next/static/chunks/node_modules_%40supabase_auth-js_dist_module_0.pzobh._.js:597:23
    at _handleRequest (http://localhost:3000/_next/static/chunks/node_modules_%40supabase_auth-js_dist_module_0.pzobh._.js:951:24)
    at _request (http://localhost:3000/_next/static/chunks/node_modules_%40supabase_auth-js_dist_module_0.pzobh._.js:938:24)
    at http://localhost:3000/_next/static/chunks/node_modules_%40supabase_auth-js_dist_module_0.pzobh._.js:7482:220
    at http://localhost:3000/_next/static/chunks/node_modules_%40supabase_auth-js_dist_module_0.pzobh._.js:667:42
    at http://localhost:3000/_next/static/chunks/node_modules_%40supabase_auth-js_dist_module_0.pzobh._.js:679:11
    at new Promise (<anonymous>)
    at retryable (http://localhost:3000/_next/static/chunks/node_modules_%40supabase_auth-js_dist_module_0.pzobh._.js:661:21)
    at SupabaseAuthClient._refreshAccessToken (http://localhost:3000/_next/static/chunks/node_modules_%40supabase_auth-js_dist_module_0.pzobh._.js:7477:219)
    at SupabaseAuthClient._callRefreshToken (http://localhost:3000/_next/static/chunks/node_modules_%40supabase_auth-js_dist_module_0.pzobh._.js:7633:48)
    at SupabaseAuthClient.__loadSession (http://localhost:3000/_next/static/chunks/node_modules_%40supabase_auth-js_dist_module_0.pzobh._.js:5996:57)
    at async SupabaseAuthClient._useSession (http://localhost:3000/_next/static/chunks/node_modules_%40supabase_auth-js_dist_module_0.pzobh._.js:5926:28)
    at async http://localhost:3000/_next/static/chunks/node_modules_%40supabase_auth-js_dist_module_0.pzobh._.js:7903:32
    at async http://localhost:3000/_next/static/chunks/node_modules_%40supabase_auth-js_dist_module_0.pzobh._.js:5875:28 @ http://localhost:3000/_next/static/chunks/node_modules_next_dist_115brz8._.js:3272
[52789757ms] [ERROR] Failed to load resource: net::ERR_QUIC_PROTOCOL_ERROR @ https://wnitkyyodymmjedlttex.supabase.co/auth/v1/token?grant_type=refresh_token:0
[52789757ms] [ERROR] TypeError: Failed to fetch
    at http://localhost:3000/_next/static/chunks/node_modules_%40supabase_auth-js_dist_module_0.pzobh._.js:597:23
    at _handleRequest (http://localhost:3000/_next/static/chunks/node_modules_%40supabase_auth-js_dist_module_0.pzobh._.js:951:24)
    at _request (http://localhost:3000/_next/static/chunks/node_modules_%40supabase_auth-js_dist_module_0.pzobh._.js:938:24)
    at http://localhost:3000/_next/static/chunks/node_modules_%40supabase_auth-js_dist_module_0.pzobh._.js:7482:220
    at async http://localhost:3000/_next/static/chunks/node_modules_%40supabase_auth-js_dist_module_0.pzobh._.js:667:36 @ http://localhost:3000/_next/static/chunks/node_modules_next_dist_115brz8._.js:3272
[52794173ms] [ERROR] Failed to load resource: net::ERR_QUIC_PROTOCOL_ERROR @ https://wnitkyyodymmjedlttex.supabase.co/auth/v1/token?grant_type=refresh_token:0
[52794174ms] [ERROR] TypeError: Failed to fetch
    at http://localhost:3000/_next/static/chunks/node_modules_%40supabase_auth-js_dist_module_0.pzobh._.js:597:23
    at _handleRequest (http://localhost:3000/_next/static/chunks/node_modules_%40supabase_auth-js_dist_module_0.pzobh._.js:951:24)
    at _request (http://localhost:3000/_next/static/chunks/node_modules_%40supabase_auth-js_dist_module_0.pzobh._.js:938:24)
    at http://localhost:3000/_next/static/chunks/node_modules_%40supabase_auth-js_dist_module_0.pzobh._.js:7482:220
    at async http://localhost:3000/_next/static/chunks/node_modules_%40supabase_auth-js_dist_module_0.pzobh._.js:667:36 @ http://localhost:3000/_next/static/chunks/node_modules_next_dist_115brz8._.js:3272
[52798988ms] [ERROR] Failed to load resource: net::ERR_QUIC_PROTOCOL_ERROR @ https://wnitkyyodymmjedlttex.supabase.co/auth/v1/token?grant_type=refresh_token:0
[52798988ms] [ERROR] TypeError: Failed to fetch
    at http://localhost:3000/_next/static/chunks/node_modules_%40supabase_auth-js_dist_module_0.pzobh._.js:597:23
    at _handleRequest (http://localhost:3000/_next/static/chunks/node_modules_%40supabase_auth-js_dist_module_0.pzobh._.js:951:24)
    at _request (http://localhost:3000/_next/static/chunks/node_modules_%40supabase_auth-js_dist_module_0.pzobh._.js:938:24)
    at http://localhost:3000/_next/static/chunks/node_modules_%40supabase_auth-js_dist_module_0.pzobh._.js:7482:220
    at async http://localhost:3000/_next/static/chunks/node_modules_%40supabase_auth-js_dist_module_0.pzobh._.js:667:36 @ http://localhost:3000/_next/static/chunks/node_modules_next_dist_115brz8._.js:3272
[52804613ms] [ERROR] Failed to load resource: net::ERR_QUIC_PROTOCOL_ERROR @ https://wnitkyyodymmjedlttex.supabase.co/auth/v1/token?grant_type=refresh_token:0
[52804613ms] [ERROR] TypeError: Failed to fetch
    at http://localhost:3000/_next/static/chunks/node_modules_%40supabase_auth-js_dist_module_0.pzobh._.js:597:23
    at _handleRequest (http://localhost:3000/_next/static/chunks/node_modules_%40supabase_auth-js_dist_module_0.pzobh._.js:951:24)
    at _request (http://localhost:3000/_next/static/chunks/node_modules_%40supabase_auth-js_dist_module_0.pzobh._.js:938:24)
    at http://localhost:3000/_next/static/chunks/node_modules_%40supabase_auth-js_dist_module_0.pzobh._.js:7482:220
    at async http://localhost:3000/_next/static/chunks/node_modules_%40supabase_auth-js_dist_module_0.pzobh._.js:667:36 @ http://localhost:3000/_next/static/chunks/node_modules_next_dist_115brz8._.js:3272
[52811834ms] [ERROR] Failed to load resource: net::ERR_QUIC_PROTOCOL_ERROR @ https://wnitkyyodymmjedlttex.supabase.co/auth/v1/token?grant_type=refresh_token:0
[52811835ms] [ERROR] TypeError: Failed to fetch
    at http://localhost:3000/_next/static/chunks/node_modules_%40supabase_auth-js_dist_module_0.pzobh._.js:597:23
    at _handleRequest (http://localhost:3000/_next/static/chunks/node_modules_%40supabase_auth-js_dist_module_0.pzobh._.js:951:24)
    at _request (http://localhost:3000/_next/static/chunks/node_modules_%40supabase_auth-js_dist_module_0.pzobh._.js:938:24)
    at http://localhost:3000/_next/static/chunks/node_modules_%40supabase_auth-js_dist_module_0.pzobh._.js:7482:220
    at async http://localhost:3000/_next/static/chunks/node_modules_%40supabase_auth-js_dist_module_0.pzobh._.js:667:36 @ http://localhost:3000/_next/static/chunks/node_modules_next_dist_115brz8._.js:3272
[52815840ms] [ERROR] Failed to load resource: net::ERR_QUIC_PROTOCOL_ERROR @ https://wnitkyyodymmjedlttex.supabase.co/auth/v1/token?grant_type=refresh_token:0
[52815840ms] [ERROR] TypeError: Failed to fetch
    at http://localhost:3000/_next/static/chunks/node_modules_%40supabase_auth-js_dist_module_0.pzobh._.js:597:23
    at _handleRequest (http://localhost:3000/_next/static/chunks/node_modules_%40supabase_auth-js_dist_module_0.pzobh._.js:951:24)
    at _request (http://localhost:3000/_next/static/chunks/node_modules_%40supabase_auth-js_dist_module_0.pzobh._.js:938:24)
    at http://localhost:3000/_next/static/chunks/node_modules_%40supabase_auth-js_dist_module_0.pzobh._.js:7482:220
    at http://localhost:3000/_next/static/chunks/node_modules_%40supabase_auth-js_dist_module_0.pzobh._.js:667:42
    at http://localhost:3000/_next/static/chunks/node_modules_%40supabase_auth-js_dist_module_0.pzobh._.js:679:11
    at new Promise (<anonymous>)
    at retryable (http://localhost:3000/_next/static/chunks/node_modules_%40supabase_auth-js_dist_module_0.pzobh._.js:661:21)
    at SupabaseAuthClient._refreshAccessToken (http://localhost:3000/_next/static/chunks/node_modules_%40supabase_auth-js_dist_module_0.pzobh._.js:7477:219)
    at SupabaseAuthClient._callRefreshToken (http://localhost:3000/_next/static/chunks/node_modules_%40supabase_auth-js_dist_module_0.pzobh._.js:7633:48)
    at SupabaseAuthClient.__loadSession (http://localhost:3000/_next/static/chunks/node_modules_%40supabase_auth-js_dist_module_0.pzobh._.js:5996:57)
    at async SupabaseAuthClient._useSession (http://localhost:3000/_next/static/chunks/node_modules_%40supabase_auth-js_dist_module_0.pzobh._.js:5926:28)
    at async http://localhost:3000/_next/static/chunks/node_modules_%40supabase_auth-js_dist_module_0.pzobh._.js:7903:32
    at async http://localhost:3000/_next/static/chunks/node_modules_%40supabase_auth-js_dist_module_0.pzobh._.js:5875:28 @ http://localhost:3000/_next/static/chunks/node_modules_next_dist_115brz8._.js:3272
[52820049ms] [ERROR] Failed to load resource: net::ERR_QUIC_PROTOCOL_ERROR @ https://wnitkyyodymmjedlttex.supabase.co/auth/v1/token?grant_type=refresh_token:0
[52820049ms] [ERROR] TypeError: Failed to fetch
    at http://localhost:3000/_next/static/chunks/node_modules_%40supabase_auth-js_dist_module_0.pzobh._.js:597:23
    at _handleRequest (http://localhost:3000/_next/static/chunks/node_modules_%40supabase_auth-js_dist_module_0.pzobh._.js:951:24)
    at _request (http://localhost:3000/_next/static/chunks/node_modules_%40supabase_auth-js_dist_module_0.pzobh._.js:938:24)
    at http://localhost:3000/_next/static/chunks/node_modules_%40supabase_auth-js_dist_module_0.pzobh._.js:7482:220
    at async http://localhost:3000/_next/static/chunks/node_modules_%40supabase_auth-js_dist_module_0.pzobh._.js:667:36 @ http://localhost:3000/_next/static/chunks/node_modules_next_dist_115brz8._.js:3272
[52824478ms] [ERROR] Failed to load resource: net::ERR_QUIC_PROTOCOL_ERROR @ https://wnitkyyodymmjedlttex.supabase.co/auth/v1/token?grant_type=refresh_token:0
[52824479ms] [ERROR] TypeError: Failed to fetch
    at http://localhost:3000/_next/static/chunks/node_modules_%40supabase_auth-js_dist_module_0.pzobh._.js:597:23
    at _handleRequest (http://localhost:3000/_next/static/chunks/node_modules_%40supabase_auth-js_dist_module_0.pzobh._.js:951:24)
    at _request (http://localhost:3000/_next/static/chunks/node_modules_%40supabase_auth-js_dist_module_0.pzobh._.js:938:24)
    at http://localhost:3000/_next/static/chunks/node_modules_%40supabase_auth-js_dist_module_0.pzobh._.js:7482:220
    at async http://localhost:3000/_next/static/chunks/node_modules_%40supabase_auth-js_dist_module_0.pzobh._.js:667:36 @ http://localhost:3000/_next/static/chunks/node_modules_next_dist_115brz8._.js:3272
[52829296ms] [ERROR] Failed to load resource: net::ERR_QUIC_PROTOCOL_ERROR @ https://wnitkyyodymmjedlttex.supabase.co/auth/v1/token?grant_type=refresh_token:0
[52829297ms] [ERROR] TypeError: Failed to fetch
    at http://localhost:3000/_next/static/chunks/node_modules_%40supabase_auth-js_dist_module_0.pzobh._.js:597:23
    at _handleRequest (http://localhost:3000/_next/static/chunks/node_modules_%40supabase_auth-js_dist_module_0.pzobh._.js:951:24)
    at _request (http://localhost:3000/_next/static/chunks/node_modules_%40supabase_auth-js_dist_module_0.pzobh._.js:938:24)
    at http://localhost:3000/_next/static/chunks/node_modules_%40supabase_auth-js_dist_module_0.pzobh._.js:7482:220
    at async http://localhost:3000/_next/static/chunks/node_modules_%40supabase_auth-js_dist_module_0.pzobh._.js:667:36 @ http://localhost:3000/_next/static/chunks/node_modules_next_dist_115brz8._.js:3272
[52834913ms] [ERROR] Failed to load resource: net::ERR_QUIC_PROTOCOL_ERROR @ https://wnitkyyodymmjedlttex.supabase.co/auth/v1/token?grant_type=refresh_token:0
[52834913ms] [ERROR] TypeError: Failed to fetch
    at http://localhost:3000/_next/static/chunks/node_modules_%40supabase_auth-js_dist_module_0.pzobh._.js:597:23
    at _handleRequest (http://localhost:3000/_next/static/chunks/node_modules_%40supabase_auth-js_dist_module_0.pzobh._.js:951:24)
    at _request (http://localhost:3000/_next/static/chunks/node_modules_%40supabase_auth-js_dist_module_0.pzobh._.js:938:24)
    at http://localhost:3000/_next/static/chunks/node_modules_%40supabase_auth-js_dist_module_0.pzobh._.js:7482:220
    at async http://localhost:3000/_next/static/chunks/node_modules_%40supabase_auth-js_dist_module_0.pzobh._.js:667:36 @ http://localhost:3000/_next/static/chunks/node_modules_next_dist_115brz8._.js:3272
[52842124ms] [ERROR] Failed to load resource: net::ERR_QUIC_PROTOCOL_ERROR @ https://wnitkyyodymmjedlttex.supabase.co/auth/v1/token?grant_type=refresh_token:0
[52842124ms] [ERROR] TypeError: Failed to fetch
    at http://localhost:3000/_next/static/chunks/node_modules_%40supabase_auth-js_dist_module_0.pzobh._.js:597:23
    at _handleRequest (http://localhost:3000/_next/static/chunks/node_modules_%40supabase_auth-js_dist_module_0.pzobh._.js:951:24)
    at _request (http://localhost:3000/_next/static/chunks/node_modules_%40supabase_auth-js_dist_module_0.pzobh._.js:938:24)
    at http://localhost:3000/_next/static/chunks/node_modules_%40supabase_auth-js_dist_module_0.pzobh._.js:7482:220
    at async http://localhost:3000/_next/static/chunks/node_modules_%40supabase_auth-js_dist_module_0.pzobh._.js:667:36 @ http://localhost:3000/_next/static/chunks/node_modules_next_dist_115brz8._.js:3272
[52846141ms] [ERROR] Failed to load resource: net::ERR_QUIC_PROTOCOL_ERROR @ https://wnitkyyodymmjedlttex.supabase.co/auth/v1/token?grant_type=refresh_token:0
[52846141ms] [ERROR] TypeError: Failed to fetch
    at http://localhost:3000/_next/static/chunks/node_modules_%40supabase_auth-js_dist_module_0.pzobh._.js:597:23
    at _handleRequest (http://localhost:3000/_next/static/chunks/node_modules_%40supabase_auth-js_dist_module_0.pzobh._.js:951:24)
    at _request (http://localhost:3000/_next/static/chunks/node_modules_%40supabase_auth-js_dist_module_0.pzobh._.js:938:24)
    at http://localhost:3000/_next/static/chunks/node_modules_%40supabase_auth-js_dist_module_0.pzobh._.js:7482:220
    at http://localhost:3000/_next/static/chunks/node_modules_%40supabase_auth-js_dist_module_0.pzobh._.js:667:42
    at http://localhost:3000/_next/static/chunks/node_modules_%40supabase_auth-js_dist_module_0.pzobh._.js:679:11
    at new Promise (<anonymous>)
    at retryable (http://localhost:3000/_next/static/chunks/node_modules_%40supabase_auth-js_dist_module_0.pzobh._.js:661:21)
    at SupabaseAuthClient._refreshAccessToken (http://localhost:3000/_next/static/chunks/node_modules_%40supabase_auth-js_dist_module_0.pzobh._.js:7477:219)
    at SupabaseAuthClient._callRefreshToken (http://localhost:3000/_next/static/chunks/node_modules_%40supabase_auth-js_dist_module_0.pzobh._.js:7633:48)
    at SupabaseAuthClient.__loadSession (http://localhost:3000/_next/static/chunks/node_modules_%40supabase_auth-js_dist_module_0.pzobh._.js:5996:57)
    at async SupabaseAuthClient._useSession (http://localhost:3000/_next/static/chunks/node_modules_%40supabase_auth-js_dist_module_0.pzobh._.js:5926:28)
    at async http://localhost:3000/_next/static/chunks/node_modules_%40supabase_auth-js_dist_module_0.pzobh._.js:7903:32
    at async http://localhost:3000/_next/static/chunks/node_modules_%40supabase_auth-js_dist_module_0.pzobh._.js:5875:28 @ http://localhost:3000/_next/static/chunks/node_modules_next_dist_115brz8._.js:3272
[52850350ms] [ERROR] Failed to load resource: net::ERR_QUIC_PROTOCOL_ERROR @ https://wnitkyyodymmjedlttex.supabase.co/auth/v1/token?grant_type=refresh_token:0
[52850350ms] [ERROR] TypeError: Failed to fetch
    at http://localhost:3000/_next/static/chunks/node_modules_%40supabase_auth-js_dist_module_0.pzobh._.js:597:23
    at _handleRequest (http://localhost:3000/_next/static/chunks/node_modules_%40supabase_auth-js_dist_module_0.pzobh._.js:951:24)
    at _request (http://localhost:3000/_next/static/chunks/node_modules_%40supabase_auth-js_dist_module_0.pzobh._.js:938:24)
    at http://localhost:3000/_next/static/chunks/node_modules_%40supabase_auth-js_dist_module_0.pzobh._.js:7482:220
    at async http://localhost:3000/_next/static/chunks/node_modules_%40supabase_auth-js_dist_module_0.pzobh._.js:667:36 @ http://localhost:3000/_next/static/chunks/node_modules_next_dist_115brz8._.js:3272
[52854782ms] [ERROR] Failed to load resource: net::ERR_QUIC_PROTOCOL_ERROR @ https://wnitkyyodymmjedlttex.supabase.co/auth/v1/token?grant_type=refresh_token:0
[52854782ms] [ERROR] TypeError: Failed to fetch
    at http://localhost:3000/_next/static/chunks/node_modules_%40supabase_auth-js_dist_module_0.pzobh._.js:597:23
    at _handleRequest (http://localhost:3000/_next/static/chunks/node_modules_%40supabase_auth-js_dist_module_0.pzobh._.js:951:24)
    at _request (http://localhost:3000/_next/static/chunks/node_modules_%40supabase_auth-js_dist_module_0.pzobh._.js:938:24)
    at http://localhost:3000/_next/static/chunks/node_modules_%40supabase_auth-js_dist_module_0.pzobh._.js:7482:220
    at async http://localhost:3000/_next/static/chunks/node_modules_%40supabase_auth-js_dist_module_0.pzobh._.js:667:36 @ http://localhost:3000/_next/static/chunks/node_modules_next_dist_115brz8._.js:3272
[52859605ms] [ERROR] Failed to load resource: net::ERR_QUIC_PROTOCOL_ERROR @ https://wnitkyyodymmjedlttex.supabase.co/auth/v1/token?grant_type=refresh_token:0
[52859605ms] [ERROR] TypeError: Failed to fetch
    at http://localhost:3000/_next/static/chunks/node_modules_%40supabase_auth-js_dist_module_0.pzobh._.js:597:23
    at _handleRequest (http://localhost:3000/_next/static/chunks/node_modules_%40supabase_auth-js_dist_module_0.pzobh._.js:951:24)
    at _request (http://localhost:3000/_next/static/chunks/node_modules_%40supabase_auth-js_dist_module_0.pzobh._.js:938:24)
    at http://localhost:3000/_next/static/chunks/node_modules_%40supabase_auth-js_dist_module_0.pzobh._.js:7482:220
    at async http://localhost:3000/_next/static/chunks/node_modules_%40supabase_auth-js_dist_module_0.pzobh._.js:667:36 @ http://localhost:3000/_next/static/chunks/node_modules_next_dist_115brz8._.js:3272
[52865224ms] [ERROR] Failed to load resource: net::ERR_QUIC_PROTOCOL_ERROR @ https://wnitkyyodymmjedlttex.supabase.co/auth/v1/token?grant_type=refresh_token:0
[52865225ms] [ERROR] TypeError: Failed to fetch
    at http://localhost:3000/_next/static/chunks/node_modules_%40supabase_auth-js_dist_module_0.pzobh._.js:597:23
    at _handleRequest (http://localhost:3000/_next/static/chunks/node_modules_%40supabase_auth-js_dist_module_0.pzobh._.js:951:24)
    at _request (http://localhost:3000/_next/static/chunks/node_modules_%40supabase_auth-js_dist_module_0.pzobh._.js:938:24)
    at http://localhost:3000/_next/static/chunks/node_modules_%40supabase_auth-js_dist_module_0.pzobh._.js:7482:220
    at async http://localhost:3000/_next/static/chunks/node_modules_%40supabase_auth-js_dist_module_0.pzobh._.js:667:36 @ http://localhost:3000/_next/static/chunks/node_modules_next_dist_115brz8._.js:3272
[52872440ms] [ERROR] Failed to load resource: net::ERR_QUIC_PROTOCOL_ERROR @ https://wnitkyyodymmjedlttex.supabase.co/auth/v1/token?grant_type=refresh_token:0
[52872440ms] [ERROR] TypeError: Failed to fetch
    at http://localhost:3000/_next/static/chunks/node_modules_%40supabase_auth-js_dist_module_0.pzobh._.js:597:23
    at _handleRequest (http://localhost:3000/_next/static/chunks/node_modules_%40supabase_auth-js_dist_module_0.pzobh._.js:951:24)
    at _request (http://localhost:3000/_next/static/chunks/node_modules_%40supabase_auth-js_dist_module_0.pzobh._.js:938:24)
    at http://localhost:3000/_next/static/chunks/node_modules_%40supabase_auth-js_dist_module_0.pzobh._.js:7482:220
    at async http://localhost:3000/_next/static/chunks/node_modules_%40supabase_auth-js_dist_module_0.pzobh._.js:667:36 @ http://localhost:3000/_next/static/chunks/node_modules_next_dist_115brz8._.js:3272
[52876450ms] [ERROR] Failed to load resource: net::ERR_QUIC_PROTOCOL_ERROR @ https://wnitkyyodymmjedlttex.supabase.co/auth/v1/token?grant_type=refresh_token:0
[52876450ms] [ERROR] TypeError: Failed to fetch
    at http://localhost:3000/_next/static/chunks/node_modules_%40supabase_auth-js_dist_module_0.pzobh._.js:597:23
    at _handleRequest (http://localhost:3000/_next/static/chunks/node_modules_%40supabase_auth-js_dist_module_0.pzobh._.js:951:24)
    at _request (http://localhost:3000/_next/static/chunks/node_modules_%40supabase_auth-js_dist_module_0.pzobh._.js:938:24)
    at http://localhost:3000/_next/static/chunks/node_modules_%40supabase_auth-js_dist_module_0.pzobh._.js:7482:220
    at http://localhost:3000/_next/static/chunks/node_modules_%40supabase_auth-js_dist_module_0.pzobh._.js:667:42
    at http://localhost:3000/_next/static/chunks/node_modules_%40supabase_auth-js_dist_module_0.pzobh._.js:679:11
    at new Promise (<anonymous>)
    at retryable (http://localhost:3000/_next/static/chunks/node_modules_%40supabase_auth-js_dist_module_0.pzobh._.js:661:21)
    at SupabaseAuthClient._refreshAccessToken (http://localhost:3000/_next/static/chunks/node_modules_%40supabase_auth-js_dist_module_0.pzobh._.js:7477:219)
    at SupabaseAuthClient._callRefreshToken (http://localhost:3000/_next/static/chunks/node_modules_%40supabase_auth-js_dist_module_0.pzobh._.js:7633:48)
    at SupabaseAuthClient.__loadSession (http://localhost:3000/_next/static/chunks/node_modules_%40supabase_auth-js_dist_module_0.pzobh._.js:5996:57)
    at async SupabaseAuthClient._useSession (http://localhost:3000/_next/static/chunks/node_modules_%40supabase_auth-js_dist_module_0.pzobh._.js:5926:28)
    at async http://localhost:3000/_next/static/chunks/node_modules_%40supabase_auth-js_dist_module_0.pzobh._.js:7903:32
    at async http://localhost:3000/_next/static/chunks/node_modules_%40supabase_auth-js_dist_module_0.pzobh._.js:5875:28 @ http://localhost:3000/_next/static/chunks/node_modules_next_dist_115brz8._.js:3272
[52880667ms] [ERROR] Failed to load resource: net::ERR_QUIC_PROTOCOL_ERROR @ https://wnitkyyodymmjedlttex.supabase.co/auth/v1/token?grant_type=refresh_token:0
[52880667ms] [ERROR] TypeError: Failed to fetch
    at http://localhost:3000/_next/static/chunks/node_modules_%40supabase_auth-js_dist_module_0.pzobh._.js:597:23
    at _handleRequest (http://localhost:3000/_next/static/chunks/node_modules_%40supabase_auth-js_dist_module_0.pzobh._.js:951:24)
    at _request (http://localhost:3000/_next/static/chunks/node_modules_%40supabase_auth-js_dist_module_0.pzobh._.js:938:24)
    at http://localhost:3000/_next/static/chunks/node_modules_%40supabase_auth-js_dist_module_0.pzobh._.js:7482:220
    at async http://localhost:3000/_next/static/chunks/node_modules_%40supabase_auth-js_dist_module_0.pzobh._.js:667:36 @ http://localhost:3000/_next/static/chunks/node_modules_next_dist_115brz8._.js:3272
[52885084ms] [ERROR] Failed to load resource: net::ERR_QUIC_PROTOCOL_ERROR @ https://wnitkyyodymmjedlttex.supabase.co/auth/v1/token?grant_type=refresh_token:0
[52885085ms] [ERROR] TypeError: Failed to fetch
    at http://localhost:3000/_next/static/chunks/node_modules_%40supabase_auth-js_dist_module_0.pzobh._.js:597:23
    at _handleRequest (http://localhost:3000/_next/static/chunks/node_modules_%40supabase_auth-js_dist_module_0.pzobh._.js:951:24)
    at _request (http://localhost:3000/_next/static/chunks/node_modules_%40supabase_auth-js_dist_module_0.pzobh._.js:938:24)
    at http://localhost:3000/_next/static/chunks/node_modules_%40supabase_auth-js_dist_module_0.pzobh._.js:7482:220
    at async http://localhost:3000/_next/static/chunks/node_modules_%40supabase_auth-js_dist_module_0.pzobh._.js:667:36 @ http://localhost:3000/_next/static/chunks/node_modules_next_dist_115brz8._.js:3272
[52889898ms] [ERROR] Failed to load resource: net::ERR_QUIC_PROTOCOL_ERROR @ https://wnitkyyodymmjedlttex.supabase.co/auth/v1/token?grant_type=refresh_token:0
[52889898ms] [ERROR] TypeError: Failed to fetch
    at http://localhost:3000/_next/static/chunks/node_modules_%40supabase_auth-js_dist_module_0.pzobh._.js:597:23
    at _handleRequest (http://localhost:3000/_next/static/chunks/node_modules_%40supabase_auth-js_dist_module_0.pzobh._.js:951:24)
    at _request (http://localhost:3000/_next/static/chunks/node_modules_%40supabase_auth-js_dist_module_0.pzobh._.js:938:24)
    at http://localhost:3000/_next/static/chunks/node_modules_%40supabase_auth-js_dist_module_0.pzobh._.js:7482:220
    at async http://localhost:3000/_next/static/chunks/node_modules_%40supabase_auth-js_dist_module_0.pzobh._.js:667:36 @ http://localhost:3000/_next/static/chunks/node_modules_next_dist_115brz8._.js:3272
[52895522ms] [ERROR] Failed to load resource: net::ERR_QUIC_PROTOCOL_ERROR @ https://wnitkyyodymmjedlttex.supabase.co/auth/v1/token?grant_type=refresh_token:0
[52895522ms] [ERROR] TypeError: Failed to fetch
    at http://localhost:3000/_next/static/chunks/node_modules_%40supabase_auth-js_dist_module_0.pzobh._.js:597:23
    at _handleRequest (http://localhost:3000/_next/static/chunks/node_modules_%40supabase_auth-js_dist_module_0.pzobh._.js:951:24)
    at _request (http://localhost:3000/_next/static/chunks/node_modules_%40supabase_auth-js_dist_module_0.pzobh._.js:938:24)
    at http://localhost:3000/_next/static/chunks/node_modules_%40supabase_auth-js_dist_module_0.pzobh._.js:7482:220
    at async http://localhost:3000/_next/static/chunks/node_modules_%40supabase_auth-js_dist_module_0.pzobh._.js:667:36 @ http://localhost:3000/_next/static/chunks/node_modules_next_dist_115brz8._.js:3272
[52902737ms] [ERROR] Failed to load resource: net::ERR_QUIC_PROTOCOL_ERROR @ https://wnitkyyodymmjedlttex.supabase.co/auth/v1/token?grant_type=refresh_token:0
[52902738ms] [ERROR] TypeError: Failed to fetch
    at http://localhost:3000/_next/static/chunks/node_modules_%40supabase_auth-js_dist_module_0.pzobh._.js:597:23
    at _handleRequest (http://localhost:3000/_next/static/chunks/node_modules_%40supabase_auth-js_dist_module_0.pzobh._.js:951:24)
    at _request (http://localhost:3000/_next/static/chunks/node_modules_%40supabase_auth-js_dist_module_0.pzobh._.js:938:24)
    at http://localhost:3000/_next/static/chunks/node_modules_%40supabase_auth-js_dist_module_0.pzobh._.js:7482:220
    at async http://localhost:3000/_next/static/chunks/node_modules_%40supabase_auth-js_dist_module_0.pzobh._.js:667:36 @ http://localhost:3000/_next/static/chunks/node_modules_next_dist_115brz8._.js:3272
[52906755ms] [ERROR] Failed to load resource: net::ERR_QUIC_PROTOCOL_ERROR @ https://wnitkyyodymmjedlttex.supabase.co/auth/v1/token?grant_type=refresh_token:0
[52906755ms] [ERROR] TypeError: Failed to fetch
    at http://localhost:3000/_next/static/chunks/node_modules_%40supabase_auth-js_dist_module_0.pzobh._.js:597:23
    at _handleRequest (http://localhost:3000/_next/static/chunks/node_modules_%40supabase_auth-js_dist_module_0.pzobh._.js:951:24)
    at _request (http://localhost:3000/_next/static/chunks/node_modules_%40supabase_auth-js_dist_module_0.pzobh._.js:938:24)
    at http://localhost:3000/_next/static/chunks/node_modules_%40supabase_auth-js_dist_module_0.pzobh._.js:7482:220
    at http://localhost:3000/_next/static/chunks/node_modules_%40supabase_auth-js_dist_module_0.pzobh._.js:667:42
    at http://localhost:3000/_next/static/chunks/node_modules_%40supabase_auth-js_dist_module_0.pzobh._.js:679:11
    at new Promise (<anonymous>)
    at retryable (http://localhost:3000/_next/static/chunks/node_modules_%40supabase_auth-js_dist_module_0.pzobh._.js:661:21)
    at SupabaseAuthClient._refreshAccessToken (http://localhost:3000/_next/static/chunks/node_modules_%40supabase_auth-js_dist_module_0.pzobh._.js:7477:219)
    at SupabaseAuthClient._callRefreshToken (http://localhost:3000/_next/static/chunks/node_modules_%40supabase_auth-js_dist_module_0.pzobh._.js:7633:48)
    at SupabaseAuthClient.__loadSession (http://localhost:3000/_next/static/chunks/node_modules_%40supabase_auth-js_dist_module_0.pzobh._.js:5996:57)
    at async SupabaseAuthClient._useSession (http://localhost:3000/_next/static/chunks/node_modules_%40supabase_auth-js_dist_module_0.pzobh._.js:5926:28)
    at async http://localhost:3000/_next/static/chunks/node_modules_%40supabase_auth-js_dist_module_0.pzobh._.js:7903:32
    at async http://localhost:3000/_next/static/chunks/node_modules_%40supabase_auth-js_dist_module_0.pzobh._.js:5875:28 @ http://localhost:3000/_next/static/chunks/node_modules_next_dist_115brz8._.js:3272
[52910966ms] [ERROR] Failed to load resource: net::ERR_QUIC_PROTOCOL_ERROR @ https://wnitkyyodymmjedlttex.supabase.co/auth/v1/token?grant_type=refresh_token:0
[52910966ms] [ERROR] TypeError: Failed to fetch
    at http://localhost:3000/_next/static/chunks/node_modules_%40supabase_auth-js_dist_module_0.pzobh._.js:597:23
    at _handleRequest (http://localhost:3000/_next/static/chunks/node_modules_%40supabase_auth-js_dist_module_0.pzobh._.js:951:24)
    at _request (http://localhost:3000/_next/static/chunks/node_modules_%40supabase_auth-js_dist_module_0.pzobh._.js:938:24)
    at http://localhost:3000/_next/static/chunks/node_modules_%40supabase_auth-js_dist_module_0.pzobh._.js:7482:220
    at async http://localhost:3000/_next/static/chunks/node_modules_%40supabase_auth-js_dist_module_0.pzobh._.js:667:36 @ http://localhost:3000/_next/static/chunks/node_modules_next_dist_115brz8._.js:3272
[52915375ms] [ERROR] Failed to load resource: net::ERR_QUIC_PROTOCOL_ERROR @ https://wnitkyyodymmjedlttex.supabase.co/auth/v1/token?grant_type=refresh_token:0
[52915375ms] [ERROR] TypeError: Failed to fetch
    at http://localhost:3000/_next/static/chunks/node_modules_%40supabase_auth-js_dist_module_0.pzobh._.js:597:23
    at _handleRequest (http://localhost:3000/_next/static/chunks/node_modules_%40supabase_auth-js_dist_module_0.pzobh._.js:951:24)
    at _request (http://localhost:3000/_next/static/chunks/node_modules_%40supabase_auth-js_dist_module_0.pzobh._.js:938:24)
    at http://localhost:3000/_next/static/chunks/node_modules_%40supabase_auth-js_dist_module_0.pzobh._.js:7482:220
    at async http://localhost:3000/_next/static/chunks/node_modules_%40supabase_auth-js_dist_module_0.pzobh._.js:667:36 @ http://localhost:3000/_next/static/chunks/node_modules_next_dist_115brz8._.js:3272
[52920195ms] [ERROR] Failed to load resource: net::ERR_QUIC_PROTOCOL_ERROR @ https://wnitkyyodymmjedlttex.supabase.co/auth/v1/token?grant_type=refresh_token:0
[52920196ms] [ERROR] TypeError: Failed to fetch
    at http://localhost:3000/_next/static/chunks/node_modules_%40supabase_auth-js_dist_module_0.pzobh._.js:597:23
    at _handleRequest (http://localhost:3000/_next/static/chunks/node_modules_%40supabase_auth-js_dist_module_0.pzobh._.js:951:24)
    at _request (http://localhost:3000/_next/static/chunks/node_modules_%40supabase_auth-js_dist_module_0.pzobh._.js:938:24)
    at http://localhost:3000/_next/static/chunks/node_modules_%40supabase_auth-js_dist_module_0.pzobh._.js:7482:220
    at async http://localhost:3000/_next/static/chunks/node_modules_%40supabase_auth-js_dist_module_0.pzobh._.js:667:36 @ http://localhost:3000/_next/static/chunks/node_modules_next_dist_115brz8._.js:3272
[52925821ms] [ERROR] Failed to load resource: net::ERR_QUIC_PROTOCOL_ERROR @ https://wnitkyyodymmjedlttex.supabase.co/auth/v1/token?grant_type=refresh_token:0
[52925821ms] [ERROR] TypeError: Failed to fetch
    at http://localhost:3000/_next/static/chunks/node_modules_%40supabase_auth-js_dist_module_0.pzobh._.js:597:23
    at _handleRequest (http://localhost:3000/_next/static/chunks/node_modules_%40supabase_auth-js_dist_module_0.pzobh._.js:951:24)
    at _request (http://localhost:3000/_next/static/chunks/node_modules_%40supabase_auth-js_dist_module_0.pzobh._.js:938:24)
    at http://localhost:3000/_next/static/chunks/node_modules_%40supabase_auth-js_dist_module_0.pzobh._.js:7482:220
    at async http://localhost:3000/_next/static/chunks/node_modules_%40supabase_auth-js_dist_module_0.pzobh._.js:667:36 @ http://localhost:3000/_next/static/chunks/node_modules_next_dist_115brz8._.js:3272
[52933035ms] [ERROR] Failed to load resource: net::ERR_QUIC_PROTOCOL_ERROR @ https://wnitkyyodymmjedlttex.supabase.co/auth/v1/token?grant_type=refresh_token:0
[52933035ms] [ERROR] TypeError: Failed to fetch
    at http://localhost:3000/_next/static/chunks/node_modules_%40supabase_auth-js_dist_module_0.pzobh._.js:597:23
    at _handleRequest (http://localhost:3000/_next/static/chunks/node_modules_%40supabase_auth-js_dist_module_0.pzobh._.js:951:24)
    at _request (http://localhost:3000/_next/static/chunks/node_modules_%40supabase_auth-js_dist_module_0.pzobh._.js:938:24)
    at http://localhost:3000/_next/static/chunks/node_modules_%40supabase_auth-js_dist_module_0.pzobh._.js:7482:220
    at async http://localhost:3000/_next/static/chunks/node_modules_%40supabase_auth-js_dist_module_0.pzobh._.js:667:36 @ http://localhost:3000/_next/static/chunks/node_modules_next_dist_115brz8._.js:3272
[52937039ms] [ERROR] Failed to load resource: net::ERR_QUIC_PROTOCOL_ERROR @ https://wnitkyyodymmjedlttex.supabase.co/auth/v1/token?grant_type=refresh_token:0
[52937039ms] [ERROR] TypeError: Failed to fetch
    at http://localhost:3000/_next/static/chunks/node_modules_%40supabase_auth-js_dist_module_0.pzobh._.js:597:23
    at _handleRequest (http://localhost:3000/_next/static/chunks/node_modules_%40supabase_auth-js_dist_module_0.pzobh._.js:951:24)
    at _request (http://localhost:3000/_next/static/chunks/node_modules_%40supabase_auth-js_dist_module_0.pzobh._.js:938:24)
    at http://localhost:3000/_next/static/chunks/node_modules_%40supabase_auth-js_dist_module_0.pzobh._.js:7482:220
    at http://localhost:3000/_next/static/chunks/node_modules_%40supabase_auth-js_dist_module_0.pzobh._.js:667:42
    at http://localhost:3000/_next/static/chunks/node_modules_%40supabase_auth-js_dist_module_0.pzobh._.js:679:11
    at new Promise (<anonymous>)
    at retryable (http://localhost:3000/_next/static/chunks/node_modules_%40supabase_auth-js_dist_module_0.pzobh._.js:661:21)
    at SupabaseAuthClient._refreshAccessToken (http://localhost:3000/_next/static/chunks/node_modules_%40supabase_auth-js_dist_module_0.pzobh._.js:7477:219)
    at SupabaseAuthClient._callRefreshToken (http://localhost:3000/_next/static/chunks/node_modules_%40supabase_auth-js_dist_module_0.pzobh._.js:7633:48)
    at SupabaseAuthClient.__loadSession (http://localhost:3000/_next/static/chunks/node_modules_%40supabase_auth-js_dist_module_0.pzobh._.js:5996:57)
    at async SupabaseAuthClient._useSession (http://localhost:3000/_next/static/chunks/node_modules_%40supabase_auth-js_dist_module_0.pzobh._.js:5926:28)
    at async http://localhost:3000/_next/static/chunks/node_modules_%40supabase_auth-js_dist_module_0.pzobh._.js:7903:32
    at async http://localhost:3000/_next/static/chunks/node_modules_%40supabase_auth-js_dist_module_0.pzobh._.js:5875:28 @ http://localhost:3000/_next/static/chunks/node_modules_next_dist_115brz8._.js:3272
[52941256ms] [ERROR] Failed to load resource: net::ERR_QUIC_PROTOCOL_ERROR @ https://wnitkyyodymmjedlttex.supabase.co/auth/v1/token?grant_type=refresh_token:0
[52941256ms] [ERROR] TypeError: Failed to fetch
    at http://localhost:3000/_next/static/chunks/node_modules_%40supabase_auth-js_dist_module_0.pzobh._.js:597:23
    at _handleRequest (http://localhost:3000/_next/static/chunks/node_modules_%40supabase_auth-js_dist_module_0.pzobh._.js:951:24)
    at _request (http://localhost:3000/_next/static/chunks/node_modules_%40supabase_auth-js_dist_module_0.pzobh._.js:938:24)
    at http://localhost:3000/_next/static/chunks/node_modules_%40supabase_auth-js_dist_module_0.pzobh._.js:7482:220
    at async http://localhost:3000/_next/static/chunks/node_modules_%40supabase_auth-js_dist_module_0.pzobh._.js:667:36 @ http://localhost:3000/_next/static/chunks/node_modules_next_dist_115brz8._.js:3272
[52945676ms] [ERROR] Failed to load resource: net::ERR_QUIC_PROTOCOL_ERROR @ https://wnitkyyodymmjedlttex.supabase.co/auth/v1/token?grant_type=refresh_token:0
[52945676ms] [ERROR] TypeError: Failed to fetch
    at http://localhost:3000/_next/static/chunks/node_modules_%40supabase_auth-js_dist_module_0.pzobh._.js:597:23
    at _handleRequest (http://localhost:3000/_next/static/chunks/node_modules_%40supabase_auth-js_dist_module_0.pzobh._.js:951:24)
    at _request (http://localhost:3000/_next/static/chunks/node_modules_%40supabase_auth-js_dist_module_0.pzobh._.js:938:24)
    at http://localhost:3000/_next/static/chunks/node_modules_%40supabase_auth-js_dist_module_0.pzobh._.js:7482:220
    at async http://localhost:3000/_next/static/chunks/node_modules_%40supabase_auth-js_dist_module_0.pzobh._.js:667:36 @ http://localhost:3000/_next/static/chunks/node_modules_next_dist_115brz8._.js:3272
[52950483ms] [ERROR] Failed to load resource: net::ERR_QUIC_PROTOCOL_ERROR @ https://wnitkyyodymmjedlttex.supabase.co/auth/v1/token?grant_type=refresh_token:0
[52950483ms] [ERROR] TypeError: Failed to fetch
    at http://localhost:3000/_next/static/chunks/node_modules_%40supabase_auth-js_dist_module_0.pzobh._.js:597:23
    at _handleRequest (http://localhost:3000/_next/static/chunks/node_modules_%40supabase_auth-js_dist_module_0.pzobh._.js:951:24)
    at _request (http://localhost:3000/_next/static/chunks/node_modules_%40supabase_auth-js_dist_module_0.pzobh._.js:938:24)
    at http://localhost:3000/_next/static/chunks/node_modules_%40supabase_auth-js_dist_module_0.pzobh._.js:7482:220
    at async http://localhost:3000/_next/static/chunks/node_modules_%40supabase_auth-js_dist_module_0.pzobh._.js:667:36 @ http://localhost:3000/_next/static/chunks/node_modules_next_dist_115brz8._.js:3272
[52956099ms] [ERROR] Failed to load resource: net::ERR_QUIC_PROTOCOL_ERROR @ https://wnitkyyodymmjedlttex.supabase.co/auth/v1/token?grant_type=refresh_token:0
[52956099ms] [ERROR] TypeError: Failed to fetch
    at http://localhost:3000/_next/static/chunks/node_modules_%40supabase_auth-js_dist_module_0.pzobh._.js:597:23
    at _handleRequest (http://localhost:3000/_next/static/chunks/node_modules_%40supabase_auth-js_dist_module_0.pzobh._.js:951:24)
    at _request (http://localhost:3000/_next/static/chunks/node_modules_%40supabase_auth-js_dist_module_0.pzobh._.js:938:24)
    at http://localhost:3000/_next/static/chunks/node_modules_%40supabase_auth-js_dist_module_0.pzobh._.js:7482:220
    at async http://localhost:3000/_next/static/chunks/node_modules_%40supabase_auth-js_dist_module_0.pzobh._.js:667:36 @ http://localhost:3000/_next/static/chunks/node_modules_next_dist_115brz8._.js:3272
[52963321ms] [ERROR] Failed to load resource: net::ERR_QUIC_PROTOCOL_ERROR @ https://wnitkyyodymmjedlttex.supabase.co/auth/v1/token?grant_type=refresh_token:0
[52963322ms] [ERROR] TypeError: Failed to fetch
    at http://localhost:3000/_next/static/chunks/node_modules_%40supabase_auth-js_dist_module_0.pzobh._.js:597:23
    at _handleRequest (http://localhost:3000/_next/static/chunks/node_modules_%40supabase_auth-js_dist_module_0.pzobh._.js:951:24)
    at _request (http://localhost:3000/_next/static/chunks/node_modules_%40supabase_auth-js_dist_module_0.pzobh._.js:938:24)
    at http://localhost:3000/_next/static/chunks/node_modules_%40supabase_auth-js_dist_module_0.pzobh._.js:7482:220
    at async http://localhost:3000/_next/static/chunks/node_modules_%40supabase_auth-js_dist_module_0.pzobh._.js:667:36 @ http://localhost:3000/_next/static/chunks/node_modules_next_dist_115brz8._.js:3272
[52967332ms] [ERROR] Failed to load resource: net::ERR_QUIC_PROTOCOL_ERROR @ https://wnitkyyodymmjedlttex.supabase.co/auth/v1/token?grant_type=refresh_token:0
[52967332ms] [ERROR] TypeError: Failed to fetch
    at http://localhost:3000/_next/static/chunks/node_modules_%40supabase_auth-js_dist_module_0.pzobh._.js:597:23
    at _handleRequest (http://localhost:3000/_next/static/chunks/node_modules_%40supabase_auth-js_dist_module_0.pzobh._.js:951:24)
    at _request (http://localhost:3000/_next/static/chunks/node_modules_%40supabase_auth-js_dist_module_0.pzobh._.js:938:24)
    at http://localhost:3000/_next/static/chunks/node_modules_%40supabase_auth-js_dist_module_0.pzobh._.js:7482:220
    at http://localhost:3000/_next/static/chunks/node_modules_%40supabase_auth-js_dist_module_0.pzobh._.js:667:42
    at http://localhost:3000/_next/static/chunks/node_modules_%40supabase_auth-js_dist_module_0.pzobh._.js:679:11
    at new Promise (<anonymous>)
    at retryable (http://localhost:3000/_next/static/chunks/node_modules_%40supabase_auth-js_dist_module_0.pzobh._.js:661:21)
    at SupabaseAuthClient._refreshAccessToken (http://localhost:3000/_next/static/chunks/node_modules_%40supabase_auth-js_dist_module_0.pzobh._.js:7477:219)
    at SupabaseAuthClient._callRefreshToken (http://localhost:3000/_next/static/chunks/node_modules_%40supabase_auth-js_dist_module_0.pzobh._.js:7633:48)
    at SupabaseAuthClient.__loadSession (http://localhost:3000/_next/static/chunks/node_modules_%40supabase_auth-js_dist_module_0.pzobh._.js:5996:57)
    at async SupabaseAuthClient._useSession (http://localhost:3000/_next/static/chunks/node_modules_%40supabase_auth-js_dist_module_0.pzobh._.js:5926:28)
    at async http://localhost:3000/_next/static/chunks/node_modules_%40supabase_auth-js_dist_module_0.pzobh._.js:7903:32
    at async http://localhost:3000/_next/static/chunks/node_modules_%40supabase_auth-js_dist_module_0.pzobh._.js:5875:28 @ http://localhost:3000/_next/static/chunks/node_modules_next_dist_115brz8._.js:3272
[52971540ms] [ERROR] Failed to load resource: net::ERR_QUIC_PROTOCOL_ERROR @ https://wnitkyyodymmjedlttex.supabase.co/auth/v1/token?grant_type=refresh_token:0
[52971540ms] [ERROR] TypeError: Failed to fetch
    at http://localhost:3000/_next/static/chunks/node_modules_%40supabase_auth-js_dist_module_0.pzobh._.js:597:23
    at _handleRequest (http://localhost:3000/_next/static/chunks/node_modules_%40supabase_auth-js_dist_module_0.pzobh._.js:951:24)
    at _request (http://localhost:3000/_next/static/chunks/node_modules_%40supabase_auth-js_dist_module_0.pzobh._.js:938:24)
    at http://localhost:3000/_next/static/chunks/node_modules_%40supabase_auth-js_dist_module_0.pzobh._.js:7482:220
    at async http://localhost:3000/_next/static/chunks/node_modules_%40supabase_auth-js_dist_module_0.pzobh._.js:667:36 @ http://localhost:3000/_next/static/chunks/node_modules_next_dist_115brz8._.js:3272
[52975974ms] [ERROR] Failed to load resource: net::ERR_QUIC_PROTOCOL_ERROR @ https://wnitkyyodymmjedlttex.supabase.co/auth/v1/token?grant_type=refresh_token:0
[52975974ms] [ERROR] TypeError: Failed to fetch
    at http://localhost:3000/_next/static/chunks/node_modules_%40supabase_auth-js_dist_module_0.pzobh._.js:597:23
    at _handleRequest (http://localhost:3000/_next/static/chunks/node_modules_%40supabase_auth-js_dist_module_0.pzobh._.js:951:24)
    at _request (http://localhost:3000/_next/static/chunks/node_modules_%40supabase_auth-js_dist_module_0.pzobh._.js:938:24)
    at http://localhost:3000/_next/static/chunks/node_modules_%40supabase_auth-js_dist_module_0.pzobh._.js:7482:220
    at async http://localhost:3000/_next/static/chunks/node_modules_%40supabase_auth-js_dist_module_0.pzobh._.js:667:36 @ http://localhost:3000/_next/static/chunks/node_modules_next_dist_115brz8._.js:3272
[52980790ms] [ERROR] Failed to load resource: net::ERR_QUIC_PROTOCOL_ERROR @ https://wnitkyyodymmjedlttex.supabase.co/auth/v1/token?grant_type=refresh_token:0
[52980790ms] [ERROR] TypeError: Failed to fetch
    at http://localhost:3000/_next/static/chunks/node_modules_%40supabase_auth-js_dist_module_0.pzobh._.js:597:23
    at _handleRequest (http://localhost:3000/_next/static/chunks/node_modules_%40supabase_auth-js_dist_module_0.pzobh._.js:951:24)
    at _request (http://localhost:3000/_next/static/chunks/node_modules_%40supabase_auth-js_dist_module_0.pzobh._.js:938:24)
    at http://localhost:3000/_next/static/chunks/node_modules_%40supabase_auth-js_dist_module_0.pzobh._.js:7482:220
    at async http://localhost:3000/_next/static/chunks/node_modules_%40supabase_auth-js_dist_module_0.pzobh._.js:667:36 @ http://localhost:3000/_next/static/chunks/node_modules_next_dist_115brz8._.js:3272
[52986411ms] [ERROR] Failed to load resource: net::ERR_QUIC_PROTOCOL_ERROR @ https://wnitkyyodymmjedlttex.supabase.co/auth/v1/token?grant_type=refresh_token:0
[52986411ms] [ERROR] TypeError: Failed to fetch
    at http://localhost:3000/_next/static/chunks/node_modules_%40supabase_auth-js_dist_module_0.pzobh._.js:597:23
    at _handleRequest (http://localhost:3000/_next/static/chunks/node_modules_%40supabase_auth-js_dist_module_0.pzobh._.js:951:24)
    at _request (http://localhost:3000/_next/static/chunks/node_modules_%40supabase_auth-js_dist_module_0.pzobh._.js:938:24)
    at http://localhost:3000/_next/static/chunks/node_modules_%40supabase_auth-js_dist_module_0.pzobh._.js:7482:220
    at async http://localhost:3000/_next/static/chunks/node_modules_%40supabase_auth-js_dist_module_0.pzobh._.js:667:36 @ http://localhost:3000/_next/static/chunks/node_modules_next_dist_115brz8._.js:3272
[52993633ms] [ERROR] Failed to load resource: net::ERR_QUIC_PROTOCOL_ERROR @ https://wnitkyyodymmjedlttex.supabase.co/auth/v1/token?grant_type=refresh_token:0
[52993633ms] [ERROR] TypeError: Failed to fetch
    at http://localhost:3000/_next/static/chunks/node_modules_%40supabase_auth-js_dist_module_0.pzobh._.js:597:23
    at _handleRequest (http://localhost:3000/_next/static/chunks/node_modules_%40supabase_auth-js_dist_module_0.pzobh._.js:951:24)
    at _request (http://localhost:3000/_next/static/chunks/node_modules_%40supabase_auth-js_dist_module_0.pzobh._.js:938:24)
    at http://localhost:3000/_next/static/chunks/node_modules_%40supabase_auth-js_dist_module_0.pzobh._.js:7482:220
    at async http://localhost:3000/_next/static/chunks/node_modules_%40supabase_auth-js_dist_module_0.pzobh._.js:667:36 @ http://localhost:3000/_next/static/chunks/node_modules_next_dist_115brz8._.js:3272
[52997638ms] [ERROR] Failed to load resource: net::ERR_QUIC_PROTOCOL_ERROR @ https://wnitkyyodymmjedlttex.supabase.co/auth/v1/token?grant_type=refresh_token:0
[52997638ms] [ERROR] TypeError: Failed to fetch
    at http://localhost:3000/_next/static/chunks/node_modules_%40supabase_auth-js_dist_module_0.pzobh._.js:597:23
    at _handleRequest (http://localhost:3000/_next/static/chunks/node_modules_%40supabase_auth-js_dist_module_0.pzobh._.js:951:24)
    at _request (http://localhost:3000/_next/static/chunks/node_modules_%40supabase_auth-js_dist_module_0.pzobh._.js:938:24)
    at http://localhost:3000/_next/static/chunks/node_modules_%40supabase_auth-js_dist_module_0.pzobh._.js:7482:220
    at http://localhost:3000/_next/static/chunks/node_modules_%40supabase_auth-js_dist_module_0.pzobh._.js:667:42
    at http://localhost:3000/_next/static/chunks/node_modules_%40supabase_auth-js_dist_module_0.pzobh._.js:679:11
    at new Promise (<anonymous>)
    at retryable (http://localhost:3000/_next/static/chunks/node_modules_%40supabase_auth-js_dist_module_0.pzobh._.js:661:21)
    at SupabaseAuthClient._refreshAccessToken (http://localhost:3000/_next/static/chunks/node_modules_%40supabase_auth-js_dist_module_0.pzobh._.js:7477:219)
    at SupabaseAuthClient._callRefreshToken (http://localhost:3000/_next/static/chunks/node_modules_%40supabase_auth-js_dist_module_0.pzobh._.js:7633:48)
    at SupabaseAuthClient.__loadSession (http://localhost:3000/_next/static/chunks/node_modules_%40supabase_auth-js_dist_module_0.pzobh._.js:5996:57)
    at async SupabaseAuthClient._useSession (http://localhost:3000/_next/static/chunks/node_modules_%40supabase_auth-js_dist_module_0.pzobh._.js:5926:28)
    at async http://localhost:3000/_next/static/chunks/node_modules_%40supabase_auth-js_dist_module_0.pzobh._.js:7903:32
    at async http://localhost:3000/_next/static/chunks/node_modules_%40supabase_auth-js_dist_module_0.pzobh._.js:5875:28 @ http://localhost:3000/_next/static/chunks/node_modules_next_dist_115brz8._.js:3272
[53001855ms] [ERROR] Failed to load resource: net::ERR_QUIC_PROTOCOL_ERROR @ https://wnitkyyodymmjedlttex.supabase.co/auth/v1/token?grant_type=refresh_token:0
[53001855ms] [ERROR] TypeError: Failed to fetch
    at http://localhost:3000/_next/static/chunks/node_modules_%40supabase_auth-js_dist_module_0.pzobh._.js:597:23
    at _handleRequest (http://localhost:3000/_next/static/chunks/node_modules_%40supabase_auth-js_dist_module_0.pzobh._.js:951:24)
    at _request (http://localhost:3000/_next/static/chunks/node_modules_%40supabase_auth-js_dist_module_0.pzobh._.js:938:24)
    at http://localhost:3000/_next/static/chunks/node_modules_%40supabase_auth-js_dist_module_0.pzobh._.js:7482:220
    at async http://localhost:3000/_next/static/chunks/node_modules_%40supabase_auth-js_dist_module_0.pzobh._.js:667:36 @ http://localhost:3000/_next/static/chunks/node_modules_next_dist_115brz8._.js:3272
[53006278ms] [ERROR] Failed to load resource: net::ERR_QUIC_PROTOCOL_ERROR @ https://wnitkyyodymmjedlttex.supabase.co/auth/v1/token?grant_type=refresh_token:0
[53006278ms] [ERROR] TypeError: Failed to fetch
    at http://localhost:3000/_next/static/chunks/node_modules_%40supabase_auth-js_dist_module_0.pzobh._.js:597:23
    at _handleRequest (http://localhost:3000/_next/static/chunks/node_modules_%40supabase_auth-js_dist_module_0.pzobh._.js:951:24)
    at _request (http://localhost:3000/_next/static/chunks/node_modules_%40supabase_auth-js_dist_module_0.pzobh._.js:938:24)
    at http://localhost:3000/_next/static/chunks/node_modules_%40supabase_auth-js_dist_module_0.pzobh._.js:7482:220
    at async http://localhost:3000/_next/static/chunks/node_modules_%40supabase_auth-js_dist_module_0.pzobh._.js:667:36 @ http://localhost:3000/_next/static/chunks/node_modules_next_dist_115brz8._.js:3272
[53011101ms] [ERROR] Failed to load resource: net::ERR_QUIC_PROTOCOL_ERROR @ https://wnitkyyodymmjedlttex.supabase.co/auth/v1/token?grant_type=refresh_token:0
[53011101ms] [ERROR] TypeError: Failed to fetch
    at http://localhost:3000/_next/static/chunks/node_modules_%40supabase_auth-js_dist_module_0.pzobh._.js:597:23
    at _handleRequest (http://localhost:3000/_next/static/chunks/node_modules_%40supabase_auth-js_dist_module_0.pzobh._.js:951:24)
    at _request (http://localhost:3000/_next/static/chunks/node_modules_%40supabase_auth-js_dist_module_0.pzobh._.js:938:24)
    at http://localhost:3000/_next/static/chunks/node_modules_%40supabase_auth-js_dist_module_0.pzobh._.js:7482:220
    at async http://localhost:3000/_next/static/chunks/node_modules_%40supabase_auth-js_dist_module_0.pzobh._.js:667:36 @ http://localhost:3000/_next/static/chunks/node_modules_next_dist_115brz8._.js:3272
[53016727ms] [ERROR] Failed to load resource: net::ERR_QUIC_PROTOCOL_ERROR @ https://wnitkyyodymmjedlttex.supabase.co/auth/v1/token?grant_type=refresh_token:0
[53016727ms] [ERROR] TypeError: Failed to fetch
    at http://localhost:3000/_next/static/chunks/node_modules_%40supabase_auth-js_dist_module_0.pzobh._.js:597:23
    at _handleRequest (http://localhost:3000/_next/static/chunks/node_modules_%40supabase_auth-js_dist_module_0.pzobh._.js:951:24)
    at _request (http://localhost:3000/_next/static/chunks/node_modules_%40supabase_auth-js_dist_module_0.pzobh._.js:938:24)
    at http://localhost:3000/_next/static/chunks/node_modules_%40supabase_auth-js_dist_module_0.pzobh._.js:7482:220
    at async http://localhost:3000/_next/static/chunks/node_modules_%40supabase_auth-js_dist_module_0.pzobh._.js:667:36 @ http://localhost:3000/_next/static/chunks/node_modules_next_dist_115brz8._.js:3272
[53023954ms] [ERROR] Failed to load resource: net::ERR_QUIC_PROTOCOL_ERROR @ https://wnitkyyodymmjedlttex.supabase.co/auth/v1/token?grant_type=refresh_token:0
[53023954ms] [ERROR] TypeError: Failed to fetch
    at http://localhost:3000/_next/static/chunks/node_modules_%40supabase_auth-js_dist_module_0.pzobh._.js:597:23
    at _handleRequest (http://localhost:3000/_next/static/chunks/node_modules_%40supabase_auth-js_dist_module_0.pzobh._.js:951:24)
    at _request (http://localhost:3000/_next/static/chunks/node_modules_%40supabase_auth-js_dist_module_0.pzobh._.js:938:24)
    at http://localhost:3000/_next/static/chunks/node_modules_%40supabase_auth-js_dist_module_0.pzobh._.js:7482:220
    at async http://localhost:3000/_next/static/chunks/node_modules_%40supabase_auth-js_dist_module_0.pzobh._.js:667:36 @ http://localhost:3000/_next/static/chunks/node_modules_next_dist_115brz8._.js:3272
[53027966ms] [ERROR] Failed to load resource: net::ERR_QUIC_PROTOCOL_ERROR @ https://wnitkyyodymmjedlttex.supabase.co/auth/v1/token?grant_type=refresh_token:0
[53027966ms] [ERROR] TypeError: Failed to fetch
    at http://localhost:3000/_next/static/chunks/node_modules_%40supabase_auth-js_dist_module_0.pzobh._.js:597:23
    at _handleRequest (http://localhost:3000/_next/static/chunks/node_modules_%40supabase_auth-js_dist_module_0.pzobh._.js:951:24)
    at _request (http://localhost:3000/_next/static/chunks/node_modules_%40supabase_auth-js_dist_module_0.pzobh._.js:938:24)
    at http://localhost:3000/_next/static/chunks/node_modules_%40supabase_auth-js_dist_module_0.pzobh._.js:7482:220
    at http://localhost:3000/_next/static/chunks/node_modules_%40supabase_auth-js_dist_module_0.pzobh._.js:667:42
    at http://localhost:3000/_next/static/chunks/node_modules_%40supabase_auth-js_dist_module_0.pzobh._.js:679:11
    at new Promise (<anonymous>)
    at retryable (http://localhost:3000/_next/static/chunks/node_modules_%40supabase_auth-js_dist_module_0.pzobh._.js:661:21)
    at SupabaseAuthClient._refreshAccessToken (http://localhost:3000/_next/static/chunks/node_modules_%40supabase_auth-js_dist_module_0.pzobh._.js:7477:219)
    at SupabaseAuthClient._callRefreshToken (http://localhost:3000/_next/static/chunks/node_modules_%40supabase_auth-js_dist_module_0.pzobh._.js:7633:48)
    at SupabaseAuthClient.__loadSession (http://localhost:3000/_next/static/chunks/node_modules_%40supabase_auth-js_dist_module_0.pzobh._.js:5996:57)
    at async SupabaseAuthClient._useSession (http://localhost:3000/_next/static/chunks/node_modules_%40supabase_auth-js_dist_module_0.pzobh._.js:5926:28)
    at async http://localhost:3000/_next/static/chunks/node_modules_%40supabase_auth-js_dist_module_0.pzobh._.js:7903:32
    at async http://localhost:3000/_next/static/chunks/node_modules_%40supabase_auth-js_dist_module_0.pzobh._.js:5875:28 @ http://localhost:3000/_next/static/chunks/node_modules_next_dist_115brz8._.js:3272
[53032194ms] [ERROR] Failed to load resource: net::ERR_QUIC_PROTOCOL_ERROR @ https://wnitkyyodymmjedlttex.supabase.co/auth/v1/token?grant_type=refresh_token:0
[53032194ms] [ERROR] TypeError: Failed to fetch
    at http://localhost:3000/_next/static/chunks/node_modules_%40supabase_auth-js_dist_module_0.pzobh._.js:597:23
    at _handleRequest (http://localhost:3000/_next/static/chunks/node_modules_%40supabase_auth-js_dist_module_0.pzobh._.js:951:24)
    at _request (http://localhost:3000/_next/static/chunks/node_modules_%40supabase_auth-js_dist_module_0.pzobh._.js:938:24)
    at http://localhost:3000/_next/static/chunks/node_modules_%40supabase_auth-js_dist_module_0.pzobh._.js:7482:220
    at async http://localhost:3000/_next/static/chunks/node_modules_%40supabase_auth-js_dist_module_0.pzobh._.js:667:36 @ http://localhost:3000/_next/static/chunks/node_modules_next_dist_115brz8._.js:3272
[53036616ms] [ERROR] Failed to load resource: net::ERR_QUIC_PROTOCOL_ERROR @ https://wnitkyyodymmjedlttex.supabase.co/auth/v1/token?grant_type=refresh_token:0
[53036616ms] [ERROR] TypeError: Failed to fetch
    at http://localhost:3000/_next/static/chunks/node_modules_%40supabase_auth-js_dist_module_0.pzobh._.js:597:23
    at _handleRequest (http://localhost:3000/_next/static/chunks/node_modules_%40supabase_auth-js_dist_module_0.pzobh._.js:951:24)
    at _request (http://localhost:3000/_next/static/chunks/node_modules_%40supabase_auth-js_dist_module_0.pzobh._.js:938:24)
    at http://localhost:3000/_next/static/chunks/node_modules_%40supabase_auth-js_dist_module_0.pzobh._.js:7482:220
    at async http://localhost:3000/_next/static/chunks/node_modules_%40supabase_auth-js_dist_module_0.pzobh._.js:667:36 @ http://localhost:3000/_next/static/chunks/node_modules_next_dist_115brz8._.js:3272
[53041433ms] [ERROR] Failed to load resource: net::ERR_QUIC_PROTOCOL_ERROR @ https://wnitkyyodymmjedlttex.supabase.co/auth/v1/token?grant_type=refresh_token:0
[53041434ms] [ERROR] TypeError: Failed to fetch
    at http://localhost:3000/_next/static/chunks/node_modules_%40supabase_auth-js_dist_module_0.pzobh._.js:597:23
    at _handleRequest (http://localhost:3000/_next/static/chunks/node_modules_%40supabase_auth-js_dist_module_0.pzobh._.js:951:24)
    at _request (http://localhost:3000/_next/static/chunks/node_modules_%40supabase_auth-js_dist_module_0.pzobh._.js:938:24)
    at http://localhost:3000/_next/static/chunks/node_modules_%40supabase_auth-js_dist_module_0.pzobh._.js:7482:220
    at async http://localhost:3000/_next/static/chunks/node_modules_%40supabase_auth-js_dist_module_0.pzobh._.js:667:36 @ http://localhost:3000/_next/static/chunks/node_modules_next_dist_115brz8._.js:3272
[53047135ms] [ERROR] Failed to load resource: net::ERR_QUIC_PROTOCOL_ERROR @ https://wnitkyyodymmjedlttex.supabase.co/auth/v1/token?grant_type=refresh_token:0
[53047135ms] [ERROR] TypeError: Failed to fetch
    at http://localhost:3000/_next/static/chunks/node_modules_%40supabase_auth-js_dist_module_0.pzobh._.js:597:23
    at _handleRequest (http://localhost:3000/_next/static/chunks/node_modules_%40supabase_auth-js_dist_module_0.pzobh._.js:951:24)
    at _request (http://localhost:3000/_next/static/chunks/node_modules_%40supabase_auth-js_dist_module_0.pzobh._.js:938:24)
    at http://localhost:3000/_next/static/chunks/node_modules_%40supabase_auth-js_dist_module_0.pzobh._.js:7482:220
    at async http://localhost:3000/_next/static/chunks/node_modules_%40supabase_auth-js_dist_module_0.pzobh._.js:667:36 @ http://localhost:3000/_next/static/chunks/node_modules_next_dist_115brz8._.js:3272
[53054353ms] [ERROR] Failed to load resource: net::ERR_QUIC_PROTOCOL_ERROR @ https://wnitkyyodymmjedlttex.supabase.co/auth/v1/token?grant_type=refresh_token:0
[53054353ms] [ERROR] TypeError: Failed to fetch
    at http://localhost:3000/_next/static/chunks/node_modules_%40supabase_auth-js_dist_module_0.pzobh._.js:597:23
    at _handleRequest (http://localhost:3000/_next/static/chunks/node_modules_%40supabase_auth-js_dist_module_0.pzobh._.js:951:24)
    at _request (http://localhost:3000/_next/static/chunks/node_modules_%40supabase_auth-js_dist_module_0.pzobh._.js:938:24)
    at http://localhost:3000/_next/static/chunks/node_modules_%40supabase_auth-js_dist_module_0.pzobh._.js:7482:220
    at async http://localhost:3000/_next/static/chunks/node_modules_%40supabase_auth-js_dist_module_0.pzobh._.js:667:36 @ http://localhost:3000/_next/static/chunks/node_modules_next_dist_115brz8._.js:3272
[53058361ms] [ERROR] Failed to load resource: net::ERR_QUIC_PROTOCOL_ERROR @ https://wnitkyyodymmjedlttex.supabase.co/auth/v1/token?grant_type=refresh_token:0
[53058361ms] [ERROR] TypeError: Failed to fetch
    at http://localhost:3000/_next/static/chunks/node_modules_%40supabase_auth-js_dist_module_0.pzobh._.js:597:23
    at _handleRequest (http://localhost:3000/_next/static/chunks/node_modules_%40supabase_auth-js_dist_module_0.pzobh._.js:951:24)
    at _request (http://localhost:3000/_next/static/chunks/node_modules_%40supabase_auth-js_dist_module_0.pzobh._.js:938:24)
    at http://localhost:3000/_next/static/chunks/node_modules_%40supabase_auth-js_dist_module_0.pzobh._.js:7482:220
    at http://localhost:3000/_next/static/chunks/node_modules_%40supabase_auth-js_dist_module_0.pzobh._.js:667:42
    at http://localhost:3000/_next/static/chunks/node_modules_%40supabase_auth-js_dist_module_0.pzobh._.js:679:11
    at new Promise (<anonymous>)
    at retryable (http://localhost:3000/_next/static/chunks/node_modules_%40supabase_auth-js_dist_module_0.pzobh._.js:661:21)
    at SupabaseAuthClient._refreshAccessToken (http://localhost:3000/_next/static/chunks/node_modules_%40supabase_auth-js_dist_module_0.pzobh._.js:7477:219)
    at SupabaseAuthClient._callRefreshToken (http://localhost:3000/_next/static/chunks/node_modules_%40supabase_auth-js_dist_module_0.pzobh._.js:7633:48)
    at SupabaseAuthClient.__loadSession (http://localhost:3000/_next/static/chunks/node_modules_%40supabase_auth-js_dist_module_0.pzobh._.js:5996:57)
    at async SupabaseAuthClient._useSession (http://localhost:3000/_next/static/chunks/node_modules_%40supabase_auth-js_dist_module_0.pzobh._.js:5926:28)
    at async http://localhost:3000/_next/static/chunks/node_modules_%40supabase_auth-js_dist_module_0.pzobh._.js:7903:32
    at async http://localhost:3000/_next/static/chunks/node_modules_%40supabase_auth-js_dist_module_0.pzobh._.js:5875:28 @ http://localhost:3000/_next/static/chunks/node_modules_next_dist_115brz8._.js:3272
[53062568ms] [ERROR] Failed to load resource: net::ERR_QUIC_PROTOCOL_ERROR @ https://wnitkyyodymmjedlttex.supabase.co/auth/v1/token?grant_type=refresh_token:0
[53062568ms] [ERROR] TypeError: Failed to fetch
    at http://localhost:3000/_next/static/chunks/node_modules_%40supabase_auth-js_dist_module_0.pzobh._.js:597:23
    at _handleRequest (http://localhost:3000/_next/static/chunks/node_modules_%40supabase_auth-js_dist_module_0.pzobh._.js:951:24)
    at _request (http://localhost:3000/_next/static/chunks/node_modules_%40supabase_auth-js_dist_module_0.pzobh._.js:938:24)
    at http://localhost:3000/_next/static/chunks/node_modules_%40supabase_auth-js_dist_module_0.pzobh._.js:7482:220
    at async http://localhost:3000/_next/static/chunks/node_modules_%40supabase_auth-js_dist_module_0.pzobh._.js:667:36 @ http://localhost:3000/_next/static/chunks/node_modules_next_dist_115brz8._.js:3272
[53066981ms] [ERROR] Failed to load resource: net::ERR_QUIC_PROTOCOL_ERROR @ https://wnitkyyodymmjedlttex.supabase.co/auth/v1/token?grant_type=refresh_token:0
[53066981ms] [ERROR] TypeError: Failed to fetch
    at http://localhost:3000/_next/static/chunks/node_modules_%40supabase_auth-js_dist_module_0.pzobh._.js:597:23
    at _handleRequest (http://localhost:3000/_next/static/chunks/node_modules_%40supabase_auth-js_dist_module_0.pzobh._.js:951:24)
    at _request (http://localhost:3000/_next/static/chunks/node_modules_%40supabase_auth-js_dist_module_0.pzobh._.js:938:24)
    at http://localhost:3000/_next/static/chunks/node_modules_%40supabase_auth-js_dist_module_0.pzobh._.js:7482:220
    at async http://localhost:3000/_next/static/chunks/node_modules_%40supabase_auth-js_dist_module_0.pzobh._.js:667:36 @ http://localhost:3000/_next/static/chunks/node_modules_next_dist_115brz8._.js:3272
[53071798ms] [ERROR] Failed to load resource: net::ERR_QUIC_PROTOCOL_ERROR @ https://wnitkyyodymmjedlttex.supabase.co/auth/v1/token?grant_type=refresh_token:0
[53071798ms] [ERROR] TypeError: Failed to fetch
    at http://localhost:3000/_next/static/chunks/node_modules_%40supabase_auth-js_dist_module_0.pzobh._.js:597:23
    at _handleRequest (http://localhost:3000/_next/static/chunks/node_modules_%40supabase_auth-js_dist_module_0.pzobh._.js:951:24)
    at _request (http://localhost:3000/_next/static/chunks/node_modules_%40supabase_auth-js_dist_module_0.pzobh._.js:938:24)
    at http://localhost:3000/_next/static/chunks/node_modules_%40supabase_auth-js_dist_module_0.pzobh._.js:7482:220
    at async http://localhost:3000/_next/static/chunks/node_modules_%40supabase_auth-js_dist_module_0.pzobh._.js:667:36 @ http://localhost:3000/_next/static/chunks/node_modules_next_dist_115brz8._.js:3272
[53077413ms] [ERROR] Failed to load resource: net::ERR_QUIC_PROTOCOL_ERROR @ https://wnitkyyodymmjedlttex.supabase.co/auth/v1/token?grant_type=refresh_token:0
[53077413ms] [ERROR] TypeError: Failed to fetch
    at http://localhost:3000/_next/static/chunks/node_modules_%40supabase_auth-js_dist_module_0.pzobh._.js:597:23
    at _handleRequest (http://localhost:3000/_next/static/chunks/node_modules_%40supabase_auth-js_dist_module_0.pzobh._.js:951:24)
    at _request (http://localhost:3000/_next/static/chunks/node_modules_%40supabase_auth-js_dist_module_0.pzobh._.js:938:24)
    at http://localhost:3000/_next/static/chunks/node_modules_%40supabase_auth-js_dist_module_0.pzobh._.js:7482:220
    at async http://localhost:3000/_next/static/chunks/node_modules_%40supabase_auth-js_dist_module_0.pzobh._.js:667:36 @ http://localhost:3000/_next/static/chunks/node_modules_next_dist_115brz8._.js:3272
[53084626ms] [ERROR] Failed to load resource: net::ERR_QUIC_PROTOCOL_ERROR @ https://wnitkyyodymmjedlttex.supabase.co/auth/v1/token?grant_type=refresh_token:0
[53084626ms] [ERROR] TypeError: Failed to fetch
    at http://localhost:3000/_next/static/chunks/node_modules_%40supabase_auth-js_dist_module_0.pzobh._.js:597:23
    at _handleRequest (http://localhost:3000/_next/static/chunks/node_modules_%40supabase_auth-js_dist_module_0.pzobh._.js:951:24)
    at _request (http://localhost:3000/_next/static/chunks/node_modules_%40supabase_auth-js_dist_module_0.pzobh._.js:938:24)
    at http://localhost:3000/_next/static/chunks/node_modules_%40supabase_auth-js_dist_module_0.pzobh._.js:7482:220
    at async http://localhost:3000/_next/static/chunks/node_modules_%40supabase_auth-js_dist_module_0.pzobh._.js:667:36 @ http://localhost:3000/_next/static/chunks/node_modules_next_dist_115brz8._.js:3272
[53088633ms] [ERROR] Failed to load resource: net::ERR_QUIC_PROTOCOL_ERROR @ https://wnitkyyodymmjedlttex.supabase.co/auth/v1/token?grant_type=refresh_token:0
[53088633ms] [ERROR] TypeError: Failed to fetch
    at http://localhost:3000/_next/static/chunks/node_modules_%40supabase_auth-js_dist_module_0.pzobh._.js:597:23
    at _handleRequest (http://localhost:3000/_next/static/chunks/node_modules_%40supabase_auth-js_dist_module_0.pzobh._.js:951:24)
    at _request (http://localhost:3000/_next/static/chunks/node_modules_%40supabase_auth-js_dist_module_0.pzobh._.js:938:24)
    at http://localhost:3000/_next/static/chunks/node_modules_%40supabase_auth-js_dist_module_0.pzobh._.js:7482:220
    at http://localhost:3000/_next/static/chunks/node_modules_%40supabase_auth-js_dist_module_0.pzobh._.js:667:42
    at http://localhost:3000/_next/static/chunks/node_modules_%40supabase_auth-js_dist_module_0.pzobh._.js:679:11
    at new Promise (<anonymous>)
    at retryable (http://localhost:3000/_next/static/chunks/node_modules_%40supabase_auth-js_dist_module_0.pzobh._.js:661:21)
    at SupabaseAuthClient._refreshAccessToken (http://localhost:3000/_next/static/chunks/node_modules_%40supabase_auth-js_dist_module_0.pzobh._.js:7477:219)
    at SupabaseAuthClient._callRefreshToken (http://localhost:3000/_next/static/chunks/node_modules_%40supabase_auth-js_dist_module_0.pzobh._.js:7633:48)
    at SupabaseAuthClient.__loadSession (http://localhost:3000/_next/static/chunks/node_modules_%40supabase_auth-js_dist_module_0.pzobh._.js:5996:57)
    at async SupabaseAuthClient._useSession (http://localhost:3000/_next/static/chunks/node_modules_%40supabase_auth-js_dist_module_0.pzobh._.js:5926:28)
    at async http://localhost:3000/_next/static/chunks/node_modules_%40supabase_auth-js_dist_module_0.pzobh._.js:7903:32
    at async http://localhost:3000/_next/static/chunks/node_modules_%40supabase_auth-js_dist_module_0.pzobh._.js:5875:28 @ http://localhost:3000/_next/static/chunks/node_modules_next_dist_115brz8._.js:3272
[53092850ms] [ERROR] Failed to load resource: net::ERR_QUIC_PROTOCOL_ERROR @ https://wnitkyyodymmjedlttex.supabase.co/auth/v1/token?grant_type=refresh_token:0
[53092850ms] [ERROR] TypeError: Failed to fetch
    at http://localhost:3000/_next/static/chunks/node_modules_%40supabase_auth-js_dist_module_0.pzobh._.js:597:23
    at _handleRequest (http://localhost:3000/_next/static/chunks/node_modules_%40supabase_auth-js_dist_module_0.pzobh._.js:951:24)
    at _request (http://localhost:3000/_next/static/chunks/node_modules_%40supabase_auth-js_dist_module_0.pzobh._.js:938:24)
    at http://localhost:3000/_next/static/chunks/node_modules_%40supabase_auth-js_dist_module_0.pzobh._.js:7482:220
    at async http://localhost:3000/_next/static/chunks/node_modules_%40supabase_auth-js_dist_module_0.pzobh._.js:667:36 @ http://localhost:3000/_next/static/chunks/node_modules_next_dist_115brz8._.js:3272
[53097266ms] [ERROR] Failed to load resource: net::ERR_QUIC_PROTOCOL_ERROR @ https://wnitkyyodymmjedlttex.supabase.co/auth/v1/token?grant_type=refresh_token:0
[53097267ms] [ERROR] TypeError: Failed to fetch
    at http://localhost:3000/_next/static/chunks/node_modules_%40supabase_auth-js_dist_module_0.pzobh._.js:597:23
    at _handleRequest (http://localhost:3000/_next/static/chunks/node_modules_%40supabase_auth-js_dist_module_0.pzobh._.js:951:24)
    at _request (http://localhost:3000/_next/static/chunks/node_modules_%40supabase_auth-js_dist_module_0.pzobh._.js:938:24)
    at http://localhost:3000/_next/static/chunks/node_modules_%40supabase_auth-js_dist_module_0.pzobh._.js:7482:220
    at async http://localhost:3000/_next/static/chunks/node_modules_%40supabase_auth-js_dist_module_0.pzobh._.js:667:36 @ http://localhost:3000/_next/static/chunks/node_modules_next_dist_115brz8._.js:3272
[53102085ms] [ERROR] Failed to load resource: net::ERR_QUIC_PROTOCOL_ERROR @ https://wnitkyyodymmjedlttex.supabase.co/auth/v1/token?grant_type=refresh_token:0
[53102085ms] [ERROR] TypeError: Failed to fetch
    at http://localhost:3000/_next/static/chunks/node_modules_%40supabase_auth-js_dist_module_0.pzobh._.js:597:23
    at _handleRequest (http://localhost:3000/_next/static/chunks/node_modules_%40supabase_auth-js_dist_module_0.pzobh._.js:951:24)
    at _request (http://localhost:3000/_next/static/chunks/node_modules_%40supabase_auth-js_dist_module_0.pzobh._.js:938:24)
    at http://localhost:3000/_next/static/chunks/node_modules_%40supabase_auth-js_dist_module_0.pzobh._.js:7482:220
    at async http://localhost:3000/_next/static/chunks/node_modules_%40supabase_auth-js_dist_module_0.pzobh._.js:667:36 @ http://localhost:3000/_next/static/chunks/node_modules_next_dist_115brz8._.js:3272
[53107701ms] [ERROR] Failed to load resource: net::ERR_QUIC_PROTOCOL_ERROR @ https://wnitkyyodymmjedlttex.supabase.co/auth/v1/token?grant_type=refresh_token:0
[53107701ms] [ERROR] TypeError: Failed to fetch
    at http://localhost:3000/_next/static/chunks/node_modules_%40supabase_auth-js_dist_module_0.pzobh._.js:597:23
    at _handleRequest (http://localhost:3000/_next/static/chunks/node_modules_%40supabase_auth-js_dist_module_0.pzobh._.js:951:24)
    at _request (http://localhost:3000/_next/static/chunks/node_modules_%40supabase_auth-js_dist_module_0.pzobh._.js:938:24)
    at http://localhost:3000/_next/static/chunks/node_modules_%40supabase_auth-js_dist_module_0.pzobh._.js:7482:220
    at async http://localhost:3000/_next/static/chunks/node_modules_%40supabase_auth-js_dist_module_0.pzobh._.js:667:36 @ http://localhost:3000/_next/static/chunks/node_modules_next_dist_115brz8._.js:3272
[53114927ms] [ERROR] Failed to load resource: net::ERR_QUIC_PROTOCOL_ERROR @ https://wnitkyyodymmjedlttex.supabase.co/auth/v1/token?grant_type=refresh_token:0
[53114927ms] [ERROR] TypeError: Failed to fetch
    at http://localhost:3000/_next/static/chunks/node_modules_%40supabase_auth-js_dist_module_0.pzobh._.js:597:23
    at _handleRequest (http://localhost:3000/_next/static/chunks/node_modules_%40supabase_auth-js_dist_module_0.pzobh._.js:951:24)
    at _request (http://localhost:3000/_next/static/chunks/node_modules_%40supabase_auth-js_dist_module_0.pzobh._.js:938:24)
    at http://localhost:3000/_next/static/chunks/node_modules_%40supabase_auth-js_dist_module_0.pzobh._.js:7482:220
    at async http://localhost:3000/_next/static/chunks/node_modules_%40supabase_auth-js_dist_module_0.pzobh._.js:667:36 @ http://localhost:3000/_next/static/chunks/node_modules_next_dist_115brz8._.js:3272
[53118936ms] [ERROR] Failed to load resource: net::ERR_QUIC_PROTOCOL_ERROR @ https://wnitkyyodymmjedlttex.supabase.co/auth/v1/token?grant_type=refresh_token:0
[53118936ms] [ERROR] TypeError: Failed to fetch
    at http://localhost:3000/_next/static/chunks/node_modules_%40supabase_auth-js_dist_module_0.pzobh._.js:597:23
    at _handleRequest (http://localhost:3000/_next/static/chunks/node_modules_%40supabase_auth-js_dist_module_0.pzobh._.js:951:24)
    at _request (http://localhost:3000/_next/static/chunks/node_modules_%40supabase_auth-js_dist_module_0.pzobh._.js:938:24)
    at http://localhost:3000/_next/static/chunks/node_modules_%40supabase_auth-js_dist_module_0.pzobh._.js:7482:220
    at http://localhost:3000/_next/static/chunks/node_modules_%40supabase_auth-js_dist_module_0.pzobh._.js:667:42
    at http://localhost:3000/_next/static/chunks/node_modules_%40supabase_auth-js_dist_module_0.pzobh._.js:679:11
    at new Promise (<anonymous>)
    at retryable (http://localhost:3000/_next/static/chunks/node_modules_%40supabase_auth-js_dist_module_0.pzobh._.js:661:21)
    at SupabaseAuthClient._refreshAccessToken (http://localhost:3000/_next/static/chunks/node_modules_%40supabase_auth-js_dist_module_0.pzobh._.js:7477:219)
    at SupabaseAuthClient._callRefreshToken (http://localhost:3000/_next/static/chunks/node_modules_%40supabase_auth-js_dist_module_0.pzobh._.js:7633:48)
    at SupabaseAuthClient.__loadSession (http://localhost:3000/_next/static/chunks/node_modules_%40supabase_auth-js_dist_module_0.pzobh._.js:5996:57)
    at async SupabaseAuthClient._useSession (http://localhost:3000/_next/static/chunks/node_modules_%40supabase_auth-js_dist_module_0.pzobh._.js:5926:28)
    at async http://localhost:3000/_next/static/chunks/node_modules_%40supabase_auth-js_dist_module_0.pzobh._.js:7903:32
    at async http://localhost:3000/_next/static/chunks/node_modules_%40supabase_auth-js_dist_module_0.pzobh._.js:5875:28 @ http://localhost:3000/_next/static/chunks/node_modules_next_dist_115brz8._.js:3272
[53123156ms] [ERROR] Failed to load resource: net::ERR_QUIC_PROTOCOL_ERROR @ https://wnitkyyodymmjedlttex.supabase.co/auth/v1/token?grant_type=refresh_token:0
[53123156ms] [ERROR] TypeError: Failed to fetch
    at http://localhost:3000/_next/static/chunks/node_modules_%40supabase_auth-js_dist_module_0.pzobh._.js:597:23
    at _handleRequest (http://localhost:3000/_next/static/chunks/node_modules_%40supabase_auth-js_dist_module_0.pzobh._.js:951:24)
    at _request (http://localhost:3000/_next/static/chunks/node_modules_%40supabase_auth-js_dist_module_0.pzobh._.js:938:24)
    at http://localhost:3000/_next/static/chunks/node_modules_%40supabase_auth-js_dist_module_0.pzobh._.js:7482:220
    at async http://localhost:3000/_next/static/chunks/node_modules_%40supabase_auth-js_dist_module_0.pzobh._.js:667:36 @ http://localhost:3000/_next/static/chunks/node_modules_next_dist_115brz8._.js:3272
[53127564ms] [ERROR] Failed to load resource: net::ERR_QUIC_PROTOCOL_ERROR @ https://wnitkyyodymmjedlttex.supabase.co/auth/v1/token?grant_type=refresh_token:0
[53127564ms] [ERROR] TypeError: Failed to fetch
    at http://localhost:3000/_next/static/chunks/node_modules_%40supabase_auth-js_dist_module_0.pzobh._.js:597:23
    at _handleRequest (http://localhost:3000/_next/static/chunks/node_modules_%40supabase_auth-js_dist_module_0.pzobh._.js:951:24)
    at _request (http://localhost:3000/_next/static/chunks/node_modules_%40supabase_auth-js_dist_module_0.pzobh._.js:938:24)
    at http://localhost:3000/_next/static/chunks/node_modules_%40supabase_auth-js_dist_module_0.pzobh._.js:7482:220
    at async http://localhost:3000/_next/static/chunks/node_modules_%40supabase_auth-js_dist_module_0.pzobh._.js:667:36 @ http://localhost:3000/_next/static/chunks/node_modules_next_dist_115brz8._.js:3272
[53132377ms] [ERROR] Failed to load resource: net::ERR_QUIC_PROTOCOL_ERROR @ https://wnitkyyodymmjedlttex.supabase.co/auth/v1/token?grant_type=refresh_token:0
[53132378ms] [ERROR] TypeError: Failed to fetch
    at http://localhost:3000/_next/static/chunks/node_modules_%40supabase_auth-js_dist_module_0.pzobh._.js:597:23
    at _handleRequest (http://localhost:3000/_next/static/chunks/node_modules_%40supabase_auth-js_dist_module_0.pzobh._.js:951:24)
    at _request (http://localhost:3000/_next/static/chunks/node_modules_%40supabase_auth-js_dist_module_0.pzobh._.js:938:24)
    at http://localhost:3000/_next/static/chunks/node_modules_%40supabase_auth-js_dist_module_0.pzobh._.js:7482:220
    at async http://localhost:3000/_next/static/chunks/node_modules_%40supabase_auth-js_dist_module_0.pzobh._.js:667:36 @ http://localhost:3000/_next/static/chunks/node_modules_next_dist_115brz8._.js:3272
[53137998ms] [ERROR] Failed to load resource: net::ERR_QUIC_PROTOCOL_ERROR @ https://wnitkyyodymmjedlttex.supabase.co/auth/v1/token?grant_type=refresh_token:0
[53137999ms] [ERROR] TypeError: Failed to fetch
    at http://localhost:3000/_next/static/chunks/node_modules_%40supabase_auth-js_dist_module_0.pzobh._.js:597:23
    at _handleRequest (http://localhost:3000/_next/static/chunks/node_modules_%40supabase_auth-js_dist_module_0.pzobh._.js:951:24)
    at _request (http://localhost:3000/_next/static/chunks/node_modules_%40supabase_auth-js_dist_module_0.pzobh._.js:938:24)
    at http://localhost:3000/_next/static/chunks/node_modules_%40supabase_auth-js_dist_module_0.pzobh._.js:7482:220
    at async http://localhost:3000/_next/static/chunks/node_modules_%40supabase_auth-js_dist_module_0.pzobh._.js:667:36 @ http://localhost:3000/_next/static/chunks/node_modules_next_dist_115brz8._.js:3272
[53145217ms] [ERROR] Failed to load resource: net::ERR_QUIC_PROTOCOL_ERROR @ https://wnitkyyodymmjedlttex.supabase.co/auth/v1/token?grant_type=refresh_token:0
[53145217ms] [ERROR] TypeError: Failed to fetch
    at http://localhost:3000/_next/static/chunks/node_modules_%40supabase_auth-js_dist_module_0.pzobh._.js:597:23
    at _handleRequest (http://localhost:3000/_next/static/chunks/node_modules_%40supabase_auth-js_dist_module_0.pzobh._.js:951:24)
    at _request (http://localhost:3000/_next/static/chunks/node_modules_%40supabase_auth-js_dist_module_0.pzobh._.js:938:24)
    at http://localhost:3000/_next/static/chunks/node_modules_%40supabase_auth-js_dist_module_0.pzobh._.js:7482:220
    at async http://localhost:3000/_next/static/chunks/node_modules_%40supabase_auth-js_dist_module_0.pzobh._.js:667:36 @ http://localhost:3000/_next/static/chunks/node_modules_next_dist_115brz8._.js:3272
[53149230ms] [ERROR] Failed to load resource: net::ERR_QUIC_PROTOCOL_ERROR @ https://wnitkyyodymmjedlttex.supabase.co/auth/v1/token?grant_type=refresh_token:0
[53149230ms] [ERROR] TypeError: Failed to fetch
    at http://localhost:3000/_next/static/chunks/node_modules_%40supabase_auth-js_dist_module_0.pzobh._.js:597:23
    at _handleRequest (http://localhost:3000/_next/static/chunks/node_modules_%40supabase_auth-js_dist_module_0.pzobh._.js:951:24)
    at _request (http://localhost:3000/_next/static/chunks/node_modules_%40supabase_auth-js_dist_module_0.pzobh._.js:938:24)
    at http://localhost:3000/_next/static/chunks/node_modules_%40supabase_auth-js_dist_module_0.pzobh._.js:7482:220
    at http://localhost:3000/_next/static/chunks/node_modules_%40supabase_auth-js_dist_module_0.pzobh._.js:667:42
    at http://localhost:3000/_next/static/chunks/node_modules_%40supabase_auth-js_dist_module_0.pzobh._.js:679:11
    at new Promise (<anonymous>)
    at retryable (http://localhost:3000/_next/static/chunks/node_modules_%40supabase_auth-js_dist_module_0.pzobh._.js:661:21)
    at SupabaseAuthClient._refreshAccessToken (http://localhost:3000/_next/static/chunks/node_modules_%40supabase_auth-js_dist_module_0.pzobh._.js:7477:219)
    at SupabaseAuthClient._callRefreshToken (http://localhost:3000/_next/static/chunks/node_modules_%40supabase_auth-js_dist_module_0.pzobh._.js:7633:48)
    at SupabaseAuthClient.__loadSession (http://localhost:3000/_next/static/chunks/node_modules_%40supabase_auth-js_dist_module_0.pzobh._.js:5996:57)
    at async SupabaseAuthClient._useSession (http://localhost:3000/_next/static/chunks/node_modules_%40supabase_auth-js_dist_module_0.pzobh._.js:5926:28)
    at async http://localhost:3000/_next/static/chunks/node_modules_%40supabase_auth-js_dist_module_0.pzobh._.js:7903:32
    at async http://localhost:3000/_next/static/chunks/node_modules_%40supabase_auth-js_dist_module_0.pzobh._.js:5875:28 @ http://localhost:3000/_next/static/chunks/node_modules_next_dist_115brz8._.js:3272
[53153437ms] [ERROR] Failed to load resource: net::ERR_QUIC_PROTOCOL_ERROR @ https://wnitkyyodymmjedlttex.supabase.co/auth/v1/token?grant_type=refresh_token:0
[53153437ms] [ERROR] TypeError: Failed to fetch
    at http://localhost:3000/_next/static/chunks/node_modules_%40supabase_auth-js_dist_module_0.pzobh._.js:597:23
    at _handleRequest (http://localhost:3000/_next/static/chunks/node_modules_%40supabase_auth-js_dist_module_0.pzobh._.js:951:24)
    at _request (http://localhost:3000/_next/static/chunks/node_modules_%40supabase_auth-js_dist_module_0.pzobh._.js:938:24)
    at http://localhost:3000/_next/static/chunks/node_modules_%40supabase_auth-js_dist_module_0.pzobh._.js:7482:220
    at async http://localhost:3000/_next/static/chunks/node_modules_%40supabase_auth-js_dist_module_0.pzobh._.js:667:36 @ http://localhost:3000/_next/static/chunks/node_modules_next_dist_115brz8._.js:3272
[53157863ms] [ERROR] Failed to load resource: net::ERR_QUIC_PROTOCOL_ERROR @ https://wnitkyyodymmjedlttex.supabase.co/auth/v1/token?grant_type=refresh_token:0
[53157863ms] [ERROR] TypeError: Failed to fetch
    at http://localhost:3000/_next/static/chunks/node_modules_%40supabase_auth-js_dist_module_0.pzobh._.js:597:23
    at _handleRequest (http://localhost:3000/_next/static/chunks/node_modules_%40supabase_auth-js_dist_module_0.pzobh._.js:951:24)
    at _request (http://localhost:3000/_next/static/chunks/node_modules_%40supabase_auth-js_dist_module_0.pzobh._.js:938:24)
    at http://localhost:3000/_next/static/chunks/node_modules_%40supabase_auth-js_dist_module_0.pzobh._.js:7482:220
    at async http://localhost:3000/_next/static/chunks/node_modules_%40supabase_auth-js_dist_module_0.pzobh._.js:667:36 @ http://localhost:3000/_next/static/chunks/node_modules_next_dist_115brz8._.js:3272
[53162687ms] [ERROR] Failed to load resource: net::ERR_QUIC_PROTOCOL_ERROR @ https://wnitkyyodymmjedlttex.supabase.co/auth/v1/token?grant_type=refresh_token:0
[53162687ms] [ERROR] TypeError: Failed to fetch
    at http://localhost:3000/_next/static/chunks/node_modules_%40supabase_auth-js_dist_module_0.pzobh._.js:597:23
    at _handleRequest (http://localhost:3000/_next/static/chunks/node_modules_%40supabase_auth-js_dist_module_0.pzobh._.js:951:24)
    at _request (http://localhost:3000/_next/static/chunks/node_modules_%40supabase_auth-js_dist_module_0.pzobh._.js:938:24)
    at http://localhost:3000/_next/static/chunks/node_modules_%40supabase_auth-js_dist_module_0.pzobh._.js:7482:220
    at async http://localhost:3000/_next/static/chunks/node_modules_%40supabase_auth-js_dist_module_0.pzobh._.js:667:36 @ http://localhost:3000/_next/static/chunks/node_modules_next_dist_115brz8._.js:3272
[53168304ms] [ERROR] Failed to load resource: net::ERR_QUIC_PROTOCOL_ERROR @ https://wnitkyyodymmjedlttex.supabase.co/auth/v1/token?grant_type=refresh_token:0
[53168304ms] [ERROR] TypeError: Failed to fetch
    at http://localhost:3000/_next/static/chunks/node_modules_%40supabase_auth-js_dist_module_0.pzobh._.js:597:23
    at _handleRequest (http://localhost:3000/_next/static/chunks/node_modules_%40supabase_auth-js_dist_module_0.pzobh._.js:951:24)
    at _request (http://localhost:3000/_next/static/chunks/node_modules_%40supabase_auth-js_dist_module_0.pzobh._.js:938:24)
    at http://localhost:3000/_next/static/chunks/node_modules_%40supabase_auth-js_dist_module_0.pzobh._.js:7482:220
    at async http://localhost:3000/_next/static/chunks/node_modules_%40supabase_auth-js_dist_module_0.pzobh._.js:667:36 @ http://localhost:3000/_next/static/chunks/node_modules_next_dist_115brz8._.js:3272
[53175520ms] [ERROR] Failed to load resource: net::ERR_QUIC_PROTOCOL_ERROR @ https://wnitkyyodymmjedlttex.supabase.co/auth/v1/token?grant_type=refresh_token:0
[53175520ms] [ERROR] TypeError: Failed to fetch
    at http://localhost:3000/_next/static/chunks/node_modules_%40supabase_auth-js_dist_module_0.pzobh._.js:597:23
    at _handleRequest (http://localhost:3000/_next/static/chunks/node_modules_%40supabase_auth-js_dist_module_0.pzobh._.js:951:24)
    at _request (http://localhost:3000/_next/static/chunks/node_modules_%40supabase_auth-js_dist_module_0.pzobh._.js:938:24)
    at http://localhost:3000/_next/static/chunks/node_modules_%40supabase_auth-js_dist_module_0.pzobh._.js:7482:220
    at async http://localhost:3000/_next/static/chunks/node_modules_%40supabase_auth-js_dist_module_0.pzobh._.js:667:36 @ http://localhost:3000/_next/static/chunks/node_modules_next_dist_115brz8._.js:3272
[53179532ms] [ERROR] Failed to load resource: net::ERR_QUIC_PROTOCOL_ERROR @ https://wnitkyyodymmjedlttex.supabase.co/auth/v1/token?grant_type=refresh_token:0
[53179532ms] [ERROR] TypeError: Failed to fetch
    at http://localhost:3000/_next/static/chunks/node_modules_%40supabase_auth-js_dist_module_0.pzobh._.js:597:23
    at _handleRequest (http://localhost:3000/_next/static/chunks/node_modules_%40supabase_auth-js_dist_module_0.pzobh._.js:951:24)
    at _request (http://localhost:3000/_next/static/chunks/node_modules_%40supabase_auth-js_dist_module_0.pzobh._.js:938:24)
    at http://localhost:3000/_next/static/chunks/node_modules_%40supabase_auth-js_dist_module_0.pzobh._.js:7482:220
    at http://localhost:3000/_next/static/chunks/node_modules_%40supabase_auth-js_dist_module_0.pzobh._.js:667:42
    at http://localhost:3000/_next/static/chunks/node_modules_%40supabase_auth-js_dist_module_0.pzobh._.js:679:11
    at new Promise (<anonymous>)
    at retryable (http://localhost:3000/_next/static/chunks/node_modules_%40supabase_auth-js_dist_module_0.pzobh._.js:661:21)
    at SupabaseAuthClient._refreshAccessToken (http://localhost:3000/_next/static/chunks/node_modules_%40supabase_auth-js_dist_module_0.pzobh._.js:7477:219)
    at SupabaseAuthClient._callRefreshToken (http://localhost:3000/_next/static/chunks/node_modules_%40supabase_auth-js_dist_module_0.pzobh._.js:7633:48)
    at SupabaseAuthClient.__loadSession (http://localhost:3000/_next/static/chunks/node_modules_%40supabase_auth-js_dist_module_0.pzobh._.js:5996:57)
    at async SupabaseAuthClient._useSession (http://localhost:3000/_next/static/chunks/node_modules_%40supabase_auth-js_dist_module_0.pzobh._.js:5926:28)
    at async http://localhost:3000/_next/static/chunks/node_modules_%40supabase_auth-js_dist_module_0.pzobh._.js:7903:32
    at async http://localhost:3000/_next/static/chunks/node_modules_%40supabase_auth-js_dist_module_0.pzobh._.js:5875:28 @ http://localhost:3000/_next/static/chunks/node_modules_next_dist_115brz8._.js:3272
[53183745ms] [ERROR] Failed to load resource: net::ERR_QUIC_PROTOCOL_ERROR @ https://wnitkyyodymmjedlttex.supabase.co/auth/v1/token?grant_type=refresh_token:0
[53183745ms] [ERROR] TypeError: Failed to fetch
    at http://localhost:3000/_next/static/chunks/node_modules_%40supabase_auth-js_dist_module_0.pzobh._.js:597:23
    at _handleRequest (http://localhost:3000/_next/static/chunks/node_modules_%40supabase_auth-js_dist_module_0.pzobh._.js:951:24)
    at _request (http://localhost:3000/_next/static/chunks/node_modules_%40supabase_auth-js_dist_module_0.pzobh._.js:938:24)
    at http://localhost:3000/_next/static/chunks/node_modules_%40supabase_auth-js_dist_module_0.pzobh._.js:7482:220
    at async http://localhost:3000/_next/static/chunks/node_modules_%40supabase_auth-js_dist_module_0.pzobh._.js:667:36 @ http://localhost:3000/_next/static/chunks/node_modules_next_dist_115brz8._.js:3272
[53188159ms] [ERROR] Failed to load resource: net::ERR_QUIC_PROTOCOL_ERROR @ https://wnitkyyodymmjedlttex.supabase.co/auth/v1/token?grant_type=refresh_token:0
[53188159ms] [ERROR] TypeError: Failed to fetch
    at http://localhost:3000/_next/static/chunks/node_modules_%40supabase_auth-js_dist_module_0.pzobh._.js:597:23
    at _handleRequest (http://localhost:3000/_next/static/chunks/node_modules_%40supabase_auth-js_dist_module_0.pzobh._.js:951:24)
    at _request (http://localhost:3000/_next/static/chunks/node_modules_%40supabase_auth-js_dist_module_0.pzobh._.js:938:24)
    at http://localhost:3000/_next/static/chunks/node_modules_%40supabase_auth-js_dist_module_0.pzobh._.js:7482:220
    at async http://localhost:3000/_next/static/chunks/node_modules_%40supabase_auth-js_dist_module_0.pzobh._.js:667:36 @ http://localhost:3000/_next/static/chunks/node_modules_next_dist_115brz8._.js:3272
[53192974ms] [ERROR] Failed to load resource: net::ERR_QUIC_PROTOCOL_ERROR @ https://wnitkyyodymmjedlttex.supabase.co/auth/v1/token?grant_type=refresh_token:0
[53192975ms] [ERROR] TypeError: Failed to fetch
    at http://localhost:3000/_next/static/chunks/node_modules_%40supabase_auth-js_dist_module_0.pzobh._.js:597:23
    at _handleRequest (http://localhost:3000/_next/static/chunks/node_modules_%40supabase_auth-js_dist_module_0.pzobh._.js:951:24)
    at _request (http://localhost:3000/_next/static/chunks/node_modules_%40supabase_auth-js_dist_module_0.pzobh._.js:938:24)
    at http://localhost:3000/_next/static/chunks/node_modules_%40supabase_auth-js_dist_module_0.pzobh._.js:7482:220
    at async http://localhost:3000/_next/static/chunks/node_modules_%40supabase_auth-js_dist_module_0.pzobh._.js:667:36 @ http://localhost:3000/_next/static/chunks/node_modules_next_dist_115brz8._.js:3272
[53198590ms] [ERROR] Failed to load resource: net::ERR_QUIC_PROTOCOL_ERROR @ https://wnitkyyodymmjedlttex.supabase.co/auth/v1/token?grant_type=refresh_token:0
[53198590ms] [ERROR] TypeError: Failed to fetch
    at http://localhost:3000/_next/static/chunks/node_modules_%40supabase_auth-js_dist_module_0.pzobh._.js:597:23
    at _handleRequest (http://localhost:3000/_next/static/chunks/node_modules_%40supabase_auth-js_dist_module_0.pzobh._.js:951:24)
    at _request (http://localhost:3000/_next/static/chunks/node_modules_%40supabase_auth-js_dist_module_0.pzobh._.js:938:24)
    at http://localhost:3000/_next/static/chunks/node_modules_%40supabase_auth-js_dist_module_0.pzobh._.js:7482:220
    at async http://localhost:3000/_next/static/chunks/node_modules_%40supabase_auth-js_dist_module_0.pzobh._.js:667:36 @ http://localhost:3000/_next/static/chunks/node_modules_next_dist_115brz8._.js:3272
[53205800ms] [ERROR] Failed to load resource: net::ERR_QUIC_PROTOCOL_ERROR @ https://wnitkyyodymmjedlttex.supabase.co/auth/v1/token?grant_type=refresh_token:0
[53205800ms] [ERROR] TypeError: Failed to fetch
    at http://localhost:3000/_next/static/chunks/node_modules_%40supabase_auth-js_dist_module_0.pzobh._.js:597:23
    at _handleRequest (http://localhost:3000/_next/static/chunks/node_modules_%40supabase_auth-js_dist_module_0.pzobh._.js:951:24)
    at _request (http://localhost:3000/_next/static/chunks/node_modules_%40supabase_auth-js_dist_module_0.pzobh._.js:938:24)
    at http://localhost:3000/_next/static/chunks/node_modules_%40supabase_auth-js_dist_module_0.pzobh._.js:7482:220
    at async http://localhost:3000/_next/static/chunks/node_modules_%40supabase_auth-js_dist_module_0.pzobh._.js:667:36 @ http://localhost:3000/_next/static/chunks/node_modules_next_dist_115brz8._.js:3272
[53209803ms] [ERROR] Failed to load resource: net::ERR_QUIC_PROTOCOL_ERROR @ https://wnitkyyodymmjedlttex.supabase.co/auth/v1/token?grant_type=refresh_token:0
[53209804ms] [ERROR] TypeError: Failed to fetch
    at http://localhost:3000/_next/static/chunks/node_modules_%40supabase_auth-js_dist_module_0.pzobh._.js:597:23
    at _handleRequest (http://localhost:3000/_next/static/chunks/node_modules_%40supabase_auth-js_dist_module_0.pzobh._.js:951:24)
    at _request (http://localhost:3000/_next/static/chunks/node_modules_%40supabase_auth-js_dist_module_0.pzobh._.js:938:24)
    at http://localhost:3000/_next/static/chunks/node_modules_%40supabase_auth-js_dist_module_0.pzobh._.js:7482:220
    at http://localhost:3000/_next/static/chunks/node_modules_%40supabase_auth-js_dist_module_0.pzobh._.js:667:42
    at http://localhost:3000/_next/static/chunks/node_modules_%40supabase_auth-js_dist_module_0.pzobh._.js:679:11
    at new Promise (<anonymous>)
    at retryable (http://localhost:3000/_next/static/chunks/node_modules_%40supabase_auth-js_dist_module_0.pzobh._.js:661:21)
    at SupabaseAuthClient._refreshAccessToken (http://localhost:3000/_next/static/chunks/node_modules_%40supabase_auth-js_dist_module_0.pzobh._.js:7477:219)
    at SupabaseAuthClient._callRefreshToken (http://localhost:3000/_next/static/chunks/node_modules_%40supabase_auth-js_dist_module_0.pzobh._.js:7633:48)
    at SupabaseAuthClient.__loadSession (http://localhost:3000/_next/static/chunks/node_modules_%40supabase_auth-js_dist_module_0.pzobh._.js:5996:57)
    at async SupabaseAuthClient._useSession (http://localhost:3000/_next/static/chunks/node_modules_%40supabase_auth-js_dist_module_0.pzobh._.js:5926:28)
    at async http://localhost:3000/_next/static/chunks/node_modules_%40supabase_auth-js_dist_module_0.pzobh._.js:7903:32
    at async http://localhost:3000/_next/static/chunks/node_modules_%40supabase_auth-js_dist_module_0.pzobh._.js:5875:28 @ http://localhost:3000/_next/static/chunks/node_modules_next_dist_115brz8._.js:3272
[53214022ms] [ERROR] Failed to load resource: net::ERR_QUIC_PROTOCOL_ERROR @ https://wnitkyyodymmjedlttex.supabase.co/auth/v1/token?grant_type=refresh_token:0
[53214022ms] [ERROR] TypeError: Failed to fetch
    at http://localhost:3000/_next/static/chunks/node_modules_%40supabase_auth-js_dist_module_0.pzobh._.js:597:23
    at _handleRequest (http://localhost:3000/_next/static/chunks/node_modules_%40supabase_auth-js_dist_module_0.pzobh._.js:951:24)
    at _request (http://localhost:3000/_next/static/chunks/node_modules_%40supabase_auth-js_dist_module_0.pzobh._.js:938:24)
    at http://localhost:3000/_next/static/chunks/node_modules_%40supabase_auth-js_dist_module_0.pzobh._.js:7482:220
    at async http://localhost:3000/_next/static/chunks/node_modules_%40supabase_auth-js_dist_module_0.pzobh._.js:667:36 @ http://localhost:3000/_next/static/chunks/node_modules_next_dist_115brz8._.js:3272
[53218435ms] [ERROR] Failed to load resource: net::ERR_QUIC_PROTOCOL_ERROR @ https://wnitkyyodymmjedlttex.supabase.co/auth/v1/token?grant_type=refresh_token:0
[53218436ms] [ERROR] TypeError: Failed to fetch
    at http://localhost:3000/_next/static/chunks/node_modules_%40supabase_auth-js_dist_module_0.pzobh._.js:597:23
    at _handleRequest (http://localhost:3000/_next/static/chunks/node_modules_%40supabase_auth-js_dist_module_0.pzobh._.js:951:24)
    at _request (http://localhost:3000/_next/static/chunks/node_modules_%40supabase_auth-js_dist_module_0.pzobh._.js:938:24)
    at http://localhost:3000/_next/static/chunks/node_modules_%40supabase_auth-js_dist_module_0.pzobh._.js:7482:220
    at async http://localhost:3000/_next/static/chunks/node_modules_%40supabase_auth-js_dist_module_0.pzobh._.js:667:36 @ http://localhost:3000/_next/static/chunks/node_modules_next_dist_115brz8._.js:3272
[53223258ms] [ERROR] Failed to load resource: net::ERR_QUIC_PROTOCOL_ERROR @ https://wnitkyyodymmjedlttex.supabase.co/auth/v1/token?grant_type=refresh_token:0
[53223258ms] [ERROR] TypeError: Failed to fetch
    at http://localhost:3000/_next/static/chunks/node_modules_%40supabase_auth-js_dist_module_0.pzobh._.js:597:23
    at _handleRequest (http://localhost:3000/_next/static/chunks/node_modules_%40supabase_auth-js_dist_module_0.pzobh._.js:951:24)
    at _request (http://localhost:3000/_next/static/chunks/node_modules_%40supabase_auth-js_dist_module_0.pzobh._.js:938:24)
    at http://localhost:3000/_next/static/chunks/node_modules_%40supabase_auth-js_dist_module_0.pzobh._.js:7482:220
    at async http://localhost:3000/_next/static/chunks/node_modules_%40supabase_auth-js_dist_module_0.pzobh._.js:667:36 @ http://localhost:3000/_next/static/chunks/node_modules_next_dist_115brz8._.js:3272
[53228879ms] [ERROR] Failed to load resource: net::ERR_QUIC_PROTOCOL_ERROR @ https://wnitkyyodymmjedlttex.supabase.co/auth/v1/token?grant_type=refresh_token:0
[53228879ms] [ERROR] TypeError: Failed to fetch
    at http://localhost:3000/_next/static/chunks/node_modules_%40supabase_auth-js_dist_module_0.pzobh._.js:597:23
    at _handleRequest (http://localhost:3000/_next/static/chunks/node_modules_%40supabase_auth-js_dist_module_0.pzobh._.js:951:24)
    at _request (http://localhost:3000/_next/static/chunks/node_modules_%40supabase_auth-js_dist_module_0.pzobh._.js:938:24)
    at http://localhost:3000/_next/static/chunks/node_modules_%40supabase_auth-js_dist_module_0.pzobh._.js:7482:220
    at async http://localhost:3000/_next/static/chunks/node_modules_%40supabase_auth-js_dist_module_0.pzobh._.js:667:36 @ http://localhost:3000/_next/static/chunks/node_modules_next_dist_115brz8._.js:3272
[53236089ms] [ERROR] Failed to load resource: net::ERR_QUIC_PROTOCOL_ERROR @ https://wnitkyyodymmjedlttex.supabase.co/auth/v1/token?grant_type=refresh_token:0
[53236089ms] [ERROR] TypeError: Failed to fetch
    at http://localhost:3000/_next/static/chunks/node_modules_%40supabase_auth-js_dist_module_0.pzobh._.js:597:23
    at _handleRequest (http://localhost:3000/_next/static/chunks/node_modules_%40supabase_auth-js_dist_module_0.pzobh._.js:951:24)
    at _request (http://localhost:3000/_next/static/chunks/node_modules_%40supabase_auth-js_dist_module_0.pzobh._.js:938:24)
    at http://localhost:3000/_next/static/chunks/node_modules_%40supabase_auth-js_dist_module_0.pzobh._.js:7482:220
    at async http://localhost:3000/_next/static/chunks/node_modules_%40supabase_auth-js_dist_module_0.pzobh._.js:667:36 @ http://localhost:3000/_next/static/chunks/node_modules_next_dist_115brz8._.js:3272
[53240101ms] [ERROR] Failed to load resource: net::ERR_QUIC_PROTOCOL_ERROR @ https://wnitkyyodymmjedlttex.supabase.co/auth/v1/token?grant_type=refresh_token:0
[53240101ms] [ERROR] TypeError: Failed to fetch
    at http://localhost:3000/_next/static/chunks/node_modules_%40supabase_auth-js_dist_module_0.pzobh._.js:597:23
    at _handleRequest (http://localhost:3000/_next/static/chunks/node_modules_%40supabase_auth-js_dist_module_0.pzobh._.js:951:24)
    at _request (http://localhost:3000/_next/static/chunks/node_modules_%40supabase_auth-js_dist_module_0.pzobh._.js:938:24)
    at http://localhost:3000/_next/static/chunks/node_modules_%40supabase_auth-js_dist_module_0.pzobh._.js:7482:220
    at http://localhost:3000/_next/static/chunks/node_modules_%40supabase_auth-js_dist_module_0.pzobh._.js:667:42
    at http://localhost:3000/_next/static/chunks/node_modules_%40supabase_auth-js_dist_module_0.pzobh._.js:679:11
    at new Promise (<anonymous>)
    at retryable (http://localhost:3000/_next/static/chunks/node_modules_%40supabase_auth-js_dist_module_0.pzobh._.js:661:21)
    at SupabaseAuthClient._refreshAccessToken (http://localhost:3000/_next/static/chunks/node_modules_%40supabase_auth-js_dist_module_0.pzobh._.js:7477:219)
    at SupabaseAuthClient._callRefreshToken (http://localhost:3000/_next/static/chunks/node_modules_%40supabase_auth-js_dist_module_0.pzobh._.js:7633:48)
    at SupabaseAuthClient.__loadSession (http://localhost:3000/_next/static/chunks/node_modules_%40supabase_auth-js_dist_module_0.pzobh._.js:5996:57)
    at async SupabaseAuthClient._useSession (http://localhost:3000/_next/static/chunks/node_modules_%40supabase_auth-js_dist_module_0.pzobh._.js:5926:28)
    at async http://localhost:3000/_next/static/chunks/node_modules_%40supabase_auth-js_dist_module_0.pzobh._.js:7903:32
    at async http://localhost:3000/_next/static/chunks/node_modules_%40supabase_auth-js_dist_module_0.pzobh._.js:5875:28 @ http://localhost:3000/_next/static/chunks/node_modules_next_dist_115brz8._.js:3272
[53244323ms] [ERROR] Failed to load resource: net::ERR_QUIC_PROTOCOL_ERROR @ https://wnitkyyodymmjedlttex.supabase.co/auth/v1/token?grant_type=refresh_token:0
[53244323ms] [ERROR] TypeError: Failed to fetch
    at http://localhost:3000/_next/static/chunks/node_modules_%40supabase_auth-js_dist_module_0.pzobh._.js:597:23
    at _handleRequest (http://localhost:3000/_next/static/chunks/node_modules_%40supabase_auth-js_dist_module_0.pzobh._.js:951:24)
    at _request (http://localhost:3000/_next/static/chunks/node_modules_%40supabase_auth-js_dist_module_0.pzobh._.js:938:24)
    at http://localhost:3000/_next/static/chunks/node_modules_%40supabase_auth-js_dist_module_0.pzobh._.js:7482:220
    at async http://localhost:3000/_next/static/chunks/node_modules_%40supabase_auth-js_dist_module_0.pzobh._.js:667:36 @ http://localhost:3000/_next/static/chunks/node_modules_next_dist_115brz8._.js:3272
[53248740ms] [ERROR] Failed to load resource: net::ERR_QUIC_PROTOCOL_ERROR @ https://wnitkyyodymmjedlttex.supabase.co/auth/v1/token?grant_type=refresh_token:0
[53248740ms] [ERROR] TypeError: Failed to fetch
    at http://localhost:3000/_next/static/chunks/node_modules_%40supabase_auth-js_dist_module_0.pzobh._.js:597:23
    at _handleRequest (http://localhost:3000/_next/static/chunks/node_modules_%40supabase_auth-js_dist_module_0.pzobh._.js:951:24)
    at _request (http://localhost:3000/_next/static/chunks/node_modules_%40supabase_auth-js_dist_module_0.pzobh._.js:938:24)
    at http://localhost:3000/_next/static/chunks/node_modules_%40supabase_auth-js_dist_module_0.pzobh._.js:7482:220
    at async http://localhost:3000/_next/static/chunks/node_modules_%40supabase_auth-js_dist_module_0.pzobh._.js:667:36 @ http://localhost:3000/_next/static/chunks/node_modules_next_dist_115brz8._.js:3272
[53253567ms] [ERROR] Failed to load resource: net::ERR_QUIC_PROTOCOL_ERROR @ https://wnitkyyodymmjedlttex.supabase.co/auth/v1/token?grant_type=refresh_token:0
[53253567ms] [ERROR] TypeError: Failed to fetch
    at http://localhost:3000/_next/static/chunks/node_modules_%40supabase_auth-js_dist_module_0.pzobh._.js:597:23
    at _handleRequest (http://localhost:3000/_next/static/chunks/node_modules_%40supabase_auth-js_dist_module_0.pzobh._.js:951:24)
    at _request (http://localhost:3000/_next/static/chunks/node_modules_%40supabase_auth-js_dist_module_0.pzobh._.js:938:24)
    at http://localhost:3000/_next/static/chunks/node_modules_%40supabase_auth-js_dist_module_0.pzobh._.js:7482:220
    at async http://localhost:3000/_next/static/chunks/node_modules_%40supabase_auth-js_dist_module_0.pzobh._.js:667:36 @ http://localhost:3000/_next/static/chunks/node_modules_next_dist_115brz8._.js:3272
[53259189ms] [ERROR] Failed to load resource: net::ERR_QUIC_PROTOCOL_ERROR @ https://wnitkyyodymmjedlttex.supabase.co/auth/v1/token?grant_type=refresh_token:0
[53259189ms] [ERROR] TypeError: Failed to fetch
    at http://localhost:3000/_next/static/chunks/node_modules_%40supabase_auth-js_dist_module_0.pzobh._.js:597:23
    at _handleRequest (http://localhost:3000/_next/static/chunks/node_modules_%40supabase_auth-js_dist_module_0.pzobh._.js:951:24)
    at _request (http://localhost:3000/_next/static/chunks/node_modules_%40supabase_auth-js_dist_module_0.pzobh._.js:938:24)
    at http://localhost:3000/_next/static/chunks/node_modules_%40supabase_auth-js_dist_module_0.pzobh._.js:7482:220
    at async http://localhost:3000/_next/static/chunks/node_modules_%40supabase_auth-js_dist_module_0.pzobh._.js:667:36 @ http://localhost:3000/_next/static/chunks/node_modules_next_dist_115brz8._.js:3272
[53266410ms] [ERROR] Failed to load resource: net::ERR_QUIC_PROTOCOL_ERROR @ https://wnitkyyodymmjedlttex.supabase.co/auth/v1/token?grant_type=refresh_token:0
[53266410ms] [ERROR] TypeError: Failed to fetch
    at http://localhost:3000/_next/static/chunks/node_modules_%40supabase_auth-js_dist_module_0.pzobh._.js:597:23
    at _handleRequest (http://localhost:3000/_next/static/chunks/node_modules_%40supabase_auth-js_dist_module_0.pzobh._.js:951:24)
    at _request (http://localhost:3000/_next/static/chunks/node_modules_%40supabase_auth-js_dist_module_0.pzobh._.js:938:24)
    at http://localhost:3000/_next/static/chunks/node_modules_%40supabase_auth-js_dist_module_0.pzobh._.js:7482:220
    at async http://localhost:3000/_next/static/chunks/node_modules_%40supabase_auth-js_dist_module_0.pzobh._.js:667:36 @ http://localhost:3000/_next/static/chunks/node_modules_next_dist_115brz8._.js:3272
[53270419ms] [ERROR] Failed to load resource: net::ERR_QUIC_PROTOCOL_ERROR @ https://wnitkyyodymmjedlttex.supabase.co/auth/v1/token?grant_type=refresh_token:0
[53270419ms] [ERROR] TypeError: Failed to fetch
    at http://localhost:3000/_next/static/chunks/node_modules_%40supabase_auth-js_dist_module_0.pzobh._.js:597:23
    at _handleRequest (http://localhost:3000/_next/static/chunks/node_modules_%40supabase_auth-js_dist_module_0.pzobh._.js:951:24)
    at _request (http://localhost:3000/_next/static/chunks/node_modules_%40supabase_auth-js_dist_module_0.pzobh._.js:938:24)
    at http://localhost:3000/_next/static/chunks/node_modules_%40supabase_auth-js_dist_module_0.pzobh._.js:7482:220
    at http://localhost:3000/_next/static/chunks/node_modules_%40supabase_auth-js_dist_module_0.pzobh._.js:667:42
    at http://localhost:3000/_next/static/chunks/node_modules_%40supabase_auth-js_dist_module_0.pzobh._.js:679:11
    at new Promise (<anonymous>)
    at retryable (http://localhost:3000/_next/static/chunks/node_modules_%40supabase_auth-js_dist_module_0.pzobh._.js:661:21)
    at SupabaseAuthClient._refreshAccessToken (http://localhost:3000/_next/static/chunks/node_modules_%40supabase_auth-js_dist_module_0.pzobh._.js:7477:219)
    at SupabaseAuthClient._callRefreshToken (http://localhost:3000/_next/static/chunks/node_modules_%40supabase_auth-js_dist_module_0.pzobh._.js:7633:48)
    at SupabaseAuthClient.__loadSession (http://localhost:3000/_next/static/chunks/node_modules_%40supabase_auth-js_dist_module_0.pzobh._.js:5996:57)
    at async SupabaseAuthClient._useSession (http://localhost:3000/_next/static/chunks/node_modules_%40supabase_auth-js_dist_module_0.pzobh._.js:5926:28)
    at async http://localhost:3000/_next/static/chunks/node_modules_%40supabase_auth-js_dist_module_0.pzobh._.js:7903:32
    at async http://localhost:3000/_next/static/chunks/node_modules_%40supabase_auth-js_dist_module_0.pzobh._.js:5875:28 @ http://localhost:3000/_next/static/chunks/node_modules_next_dist_115brz8._.js:3272
[53274649ms] [ERROR] Failed to load resource: net::ERR_QUIC_PROTOCOL_ERROR @ https://wnitkyyodymmjedlttex.supabase.co/auth/v1/token?grant_type=refresh_token:0
[53274649ms] [ERROR] TypeError: Failed to fetch
    at http://localhost:3000/_next/static/chunks/node_modules_%40supabase_auth-js_dist_module_0.pzobh._.js:597:23
    at _handleRequest (http://localhost:3000/_next/static/chunks/node_modules_%40supabase_auth-js_dist_module_0.pzobh._.js:951:24)
    at _request (http://localhost:3000/_next/static/chunks/node_modules_%40supabase_auth-js_dist_module_0.pzobh._.js:938:24)
    at http://localhost:3000/_next/static/chunks/node_modules_%40supabase_auth-js_dist_module_0.pzobh._.js:7482:220
    at async http://localhost:3000/_next/static/chunks/node_modules_%40supabase_auth-js_dist_module_0.pzobh._.js:667:36 @ http://localhost:3000/_next/static/chunks/node_modules_next_dist_115brz8._.js:3272
[53279067ms] [ERROR] Failed to load resource: net::ERR_QUIC_PROTOCOL_ERROR @ https://wnitkyyodymmjedlttex.supabase.co/auth/v1/token?grant_type=refresh_token:0
[53279067ms] [ERROR] TypeError: Failed to fetch
    at http://localhost:3000/_next/static/chunks/node_modules_%40supabase_auth-js_dist_module_0.pzobh._.js:597:23
    at _handleRequest (http://localhost:3000/_next/static/chunks/node_modules_%40supabase_auth-js_dist_module_0.pzobh._.js:951:24)
    at _request (http://localhost:3000/_next/static/chunks/node_modules_%40supabase_auth-js_dist_module_0.pzobh._.js:938:24)
    at http://localhost:3000/_next/static/chunks/node_modules_%40supabase_auth-js_dist_module_0.pzobh._.js:7482:220
    at async http://localhost:3000/_next/static/chunks/node_modules_%40supabase_auth-js_dist_module_0.pzobh._.js:667:36 @ http://localhost:3000/_next/static/chunks/node_modules_next_dist_115brz8._.js:3272
[53283884ms] [ERROR] Failed to load resource: net::ERR_QUIC_PROTOCOL_ERROR @ https://wnitkyyodymmjedlttex.supabase.co/auth/v1/token?grant_type=refresh_token:0
[53283884ms] [ERROR] TypeError: Failed to fetch
    at http://localhost:3000/_next/static/chunks/node_modules_%40supabase_auth-js_dist_module_0.pzobh._.js:597:23
    at _handleRequest (http://localhost:3000/_next/static/chunks/node_modules_%40supabase_auth-js_dist_module_0.pzobh._.js:951:24)
    at _request (http://localhost:3000/_next/static/chunks/node_modules_%40supabase_auth-js_dist_module_0.pzobh._.js:938:24)
    at http://localhost:3000/_next/static/chunks/node_modules_%40supabase_auth-js_dist_module_0.pzobh._.js:7482:220
    at async http://localhost:3000/_next/static/chunks/node_modules_%40supabase_auth-js_dist_module_0.pzobh._.js:667:36 @ http://localhost:3000/_next/static/chunks/node_modules_next_dist_115brz8._.js:3272
[53289500ms] [ERROR] Failed to load resource: net::ERR_QUIC_PROTOCOL_ERROR @ https://wnitkyyodymmjedlttex.supabase.co/auth/v1/token?grant_type=refresh_token:0
[53289500ms] [ERROR] TypeError: Failed to fetch
    at http://localhost:3000/_next/static/chunks/node_modules_%40supabase_auth-js_dist_module_0.pzobh._.js:597:23
    at _handleRequest (http://localhost:3000/_next/static/chunks/node_modules_%40supabase_auth-js_dist_module_0.pzobh._.js:951:24)
    at _request (http://localhost:3000/_next/static/chunks/node_modules_%40supabase_auth-js_dist_module_0.pzobh._.js:938:24)
    at http://localhost:3000/_next/static/chunks/node_modules_%40supabase_auth-js_dist_module_0.pzobh._.js:7482:220
    at async http://localhost:3000/_next/static/chunks/node_modules_%40supabase_auth-js_dist_module_0.pzobh._.js:667:36 @ http://localhost:3000/_next/static/chunks/node_modules_next_dist_115brz8._.js:3272
[53296725ms] [ERROR] Failed to load resource: net::ERR_QUIC_PROTOCOL_ERROR @ https://wnitkyyodymmjedlttex.supabase.co/auth/v1/token?grant_type=refresh_token:0
[53296725ms] [ERROR] TypeError: Failed to fetch
    at http://localhost:3000/_next/static/chunks/node_modules_%40supabase_auth-js_dist_module_0.pzobh._.js:597:23
    at _handleRequest (http://localhost:3000/_next/static/chunks/node_modules_%40supabase_auth-js_dist_module_0.pzobh._.js:951:24)
    at _request (http://localhost:3000/_next/static/chunks/node_modules_%40supabase_auth-js_dist_module_0.pzobh._.js:938:24)
    at http://localhost:3000/_next/static/chunks/node_modules_%40supabase_auth-js_dist_module_0.pzobh._.js:7482:220
    at async http://localhost:3000/_next/static/chunks/node_modules_%40supabase_auth-js_dist_module_0.pzobh._.js:667:36 @ http://localhost:3000/_next/static/chunks/node_modules_next_dist_115brz8._.js:3272
[53300737ms] [ERROR] Failed to load resource: net::ERR_QUIC_PROTOCOL_ERROR @ https://wnitkyyodymmjedlttex.supabase.co/auth/v1/token?grant_type=refresh_token:0
[53300737ms] [ERROR] TypeError: Failed to fetch
    at http://localhost:3000/_next/static/chunks/node_modules_%40supabase_auth-js_dist_module_0.pzobh._.js:597:23
    at _handleRequest (http://localhost:3000/_next/static/chunks/node_modules_%40supabase_auth-js_dist_module_0.pzobh._.js:951:24)
    at _request (http://localhost:3000/_next/static/chunks/node_modules_%40supabase_auth-js_dist_module_0.pzobh._.js:938:24)
    at http://localhost:3000/_next/static/chunks/node_modules_%40supabase_auth-js_dist_module_0.pzobh._.js:7482:220
    at http://localhost:3000/_next/static/chunks/node_modules_%40supabase_auth-js_dist_module_0.pzobh._.js:667:42
    at http://localhost:3000/_next/static/chunks/node_modules_%40supabase_auth-js_dist_module_0.pzobh._.js:679:11
    at new Promise (<anonymous>)
    at retryable (http://localhost:3000/_next/static/chunks/node_modules_%40supabase_auth-js_dist_module_0.pzobh._.js:661:21)
    at SupabaseAuthClient._refreshAccessToken (http://localhost:3000/_next/static/chunks/node_modules_%40supabase_auth-js_dist_module_0.pzobh._.js:7477:219)
    at SupabaseAuthClient._callRefreshToken (http://localhost:3000/_next/static/chunks/node_modules_%40supabase_auth-js_dist_module_0.pzobh._.js:7633:48)
    at SupabaseAuthClient.__loadSession (http://localhost:3000/_next/static/chunks/node_modules_%40supabase_auth-js_dist_module_0.pzobh._.js:5996:57)
    at async SupabaseAuthClient._useSession (http://localhost:3000/_next/static/chunks/node_modules_%40supabase_auth-js_dist_module_0.pzobh._.js:5926:28)
    at async http://localhost:3000/_next/static/chunks/node_modules_%40supabase_auth-js_dist_module_0.pzobh._.js:7903:32
    at async http://localhost:3000/_next/static/chunks/node_modules_%40supabase_auth-js_dist_module_0.pzobh._.js:5875:28 @ http://localhost:3000/_next/static/chunks/node_modules_next_dist_115brz8._.js:3272
[53304959ms] [ERROR] Failed to load resource: net::ERR_QUIC_PROTOCOL_ERROR @ https://wnitkyyodymmjedlttex.supabase.co/auth/v1/token?grant_type=refresh_token:0
[53304959ms] [ERROR] TypeError: Failed to fetch
    at http://localhost:3000/_next/static/chunks/node_modules_%40supabase_auth-js_dist_module_0.pzobh._.js:597:23
    at _handleRequest (http://localhost:3000/_next/static/chunks/node_modules_%40supabase_auth-js_dist_module_0.pzobh._.js:951:24)
    at _request (http://localhost:3000/_next/static/chunks/node_modules_%40supabase_auth-js_dist_module_0.pzobh._.js:938:24)
    at http://localhost:3000/_next/static/chunks/node_modules_%40supabase_auth-js_dist_module_0.pzobh._.js:7482:220
    at async http://localhost:3000/_next/static/chunks/node_modules_%40supabase_auth-js_dist_module_0.pzobh._.js:667:36 @ http://localhost:3000/_next/static/chunks/node_modules_next_dist_115brz8._.js:3272
[53309377ms] [ERROR] Failed to load resource: net::ERR_QUIC_PROTOCOL_ERROR @ https://wnitkyyodymmjedlttex.supabase.co/auth/v1/token?grant_type=refresh_token:0
[53309377ms] [ERROR] TypeError: Failed to fetch
    at http://localhost:3000/_next/static/chunks/node_modules_%40supabase_auth-js_dist_module_0.pzobh._.js:597:23
    at _handleRequest (http://localhost:3000/_next/static/chunks/node_modules_%40supabase_auth-js_dist_module_0.pzobh._.js:951:24)
    at _request (http://localhost:3000/_next/static/chunks/node_modules_%40supabase_auth-js_dist_module_0.pzobh._.js:938:24)
    at http://localhost:3000/_next/static/chunks/node_modules_%40supabase_auth-js_dist_module_0.pzobh._.js:7482:220
    at async http://localhost:3000/_next/static/chunks/node_modules_%40supabase_auth-js_dist_module_0.pzobh._.js:667:36 @ http://localhost:3000/_next/static/chunks/node_modules_next_dist_115brz8._.js:3272
[53314185ms] [ERROR] Failed to load resource: net::ERR_QUIC_PROTOCOL_ERROR @ https://wnitkyyodymmjedlttex.supabase.co/auth/v1/token?grant_type=refresh_token:0
[53314185ms] [ERROR] TypeError: Failed to fetch
    at http://localhost:3000/_next/static/chunks/node_modules_%40supabase_auth-js_dist_module_0.pzobh._.js:597:23
    at _handleRequest (http://localhost:3000/_next/static/chunks/node_modules_%40supabase_auth-js_dist_module_0.pzobh._.js:951:24)
    at _request (http://localhost:3000/_next/static/chunks/node_modules_%40supabase_auth-js_dist_module_0.pzobh._.js:938:24)
    at http://localhost:3000/_next/static/chunks/node_modules_%40supabase_auth-js_dist_module_0.pzobh._.js:7482:220
    at async http://localhost:3000/_next/static/chunks/node_modules_%40supabase_auth-js_dist_module_0.pzobh._.js:667:36 @ http://localhost:3000/_next/static/chunks/node_modules_next_dist_115brz8._.js:3272
[53319806ms] [ERROR] Failed to load resource: net::ERR_QUIC_PROTOCOL_ERROR @ https://wnitkyyodymmjedlttex.supabase.co/auth/v1/token?grant_type=refresh_token:0
[53319806ms] [ERROR] TypeError: Failed to fetch
    at http://localhost:3000/_next/static/chunks/node_modules_%40supabase_auth-js_dist_module_0.pzobh._.js:597:23
    at _handleRequest (http://localhost:3000/_next/static/chunks/node_modules_%40supabase_auth-js_dist_module_0.pzobh._.js:951:24)
    at _request (http://localhost:3000/_next/static/chunks/node_modules_%40supabase_auth-js_dist_module_0.pzobh._.js:938:24)
    at http://localhost:3000/_next/static/chunks/node_modules_%40supabase_auth-js_dist_module_0.pzobh._.js:7482:220
    at async http://localhost:3000/_next/static/chunks/node_modules_%40supabase_auth-js_dist_module_0.pzobh._.js:667:36 @ http://localhost:3000/_next/static/chunks/node_modules_next_dist_115brz8._.js:3272
[53327013ms] [ERROR] Failed to load resource: net::ERR_QUIC_PROTOCOL_ERROR @ https://wnitkyyodymmjedlttex.supabase.co/auth/v1/token?grant_type=refresh_token:0
[53327014ms] [ERROR] TypeError: Failed to fetch
    at http://localhost:3000/_next/static/chunks/node_modules_%40supabase_auth-js_dist_module_0.pzobh._.js:597:23
    at _handleRequest (http://localhost:3000/_next/static/chunks/node_modules_%40supabase_auth-js_dist_module_0.pzobh._.js:951:24)
    at _request (http://localhost:3000/_next/static/chunks/node_modules_%40supabase_auth-js_dist_module_0.pzobh._.js:938:24)
    at http://localhost:3000/_next/static/chunks/node_modules_%40supabase_auth-js_dist_module_0.pzobh._.js:7482:220
    at async http://localhost:3000/_next/static/chunks/node_modules_%40supabase_auth-js_dist_module_0.pzobh._.js:667:36 @ http://localhost:3000/_next/static/chunks/node_modules_next_dist_115brz8._.js:3272
[53331025ms] [ERROR] Failed to load resource: net::ERR_QUIC_PROTOCOL_ERROR @ https://wnitkyyodymmjedlttex.supabase.co/auth/v1/token?grant_type=refresh_token:0
[53331026ms] [ERROR] TypeError: Failed to fetch
    at http://localhost:3000/_next/static/chunks/node_modules_%40supabase_auth-js_dist_module_0.pzobh._.js:597:23
    at _handleRequest (http://localhost:3000/_next/static/chunks/node_modules_%40supabase_auth-js_dist_module_0.pzobh._.js:951:24)
    at _request (http://localhost:3000/_next/static/chunks/node_modules_%40supabase_auth-js_dist_module_0.pzobh._.js:938:24)
    at http://localhost:3000/_next/static/chunks/node_modules_%40supabase_auth-js_dist_module_0.pzobh._.js:7482:220
    at http://localhost:3000/_next/static/chunks/node_modules_%40supabase_auth-js_dist_module_0.pzobh._.js:667:42
    at http://localhost:3000/_next/static/chunks/node_modules_%40supabase_auth-js_dist_module_0.pzobh._.js:679:11
    at new Promise (<anonymous>)
    at retryable (http://localhost:3000/_next/static/chunks/node_modules_%40supabase_auth-js_dist_module_0.pzobh._.js:661:21)
    at SupabaseAuthClient._refreshAccessToken (http://localhost:3000/_next/static/chunks/node_modules_%40supabase_auth-js_dist_module_0.pzobh._.js:7477:219)
    at SupabaseAuthClient._callRefreshToken (http://localhost:3000/_next/static/chunks/node_modules_%40supabase_auth-js_dist_module_0.pzobh._.js:7633:48)
    at SupabaseAuthClient.__loadSession (http://localhost:3000/_next/static/chunks/node_modules_%40supabase_auth-js_dist_module_0.pzobh._.js:5996:57)
    at async SupabaseAuthClient._useSession (http://localhost:3000/_next/static/chunks/node_modules_%40supabase_auth-js_dist_module_0.pzobh._.js:5926:28)
    at async http://localhost:3000/_next/static/chunks/node_modules_%40supabase_auth-js_dist_module_0.pzobh._.js:7903:32
    at async http://localhost:3000/_next/static/chunks/node_modules_%40supabase_auth-js_dist_module_0.pzobh._.js:5875:28 @ http://localhost:3000/_next/static/chunks/node_modules_next_dist_115brz8._.js:3272
[53335243ms] [ERROR] Failed to load resource: net::ERR_QUIC_PROTOCOL_ERROR @ https://wnitkyyodymmjedlttex.supabase.co/auth/v1/token?grant_type=refresh_token:0
[53335243ms] [ERROR] TypeError: Failed to fetch
    at http://localhost:3000/_next/static/chunks/node_modules_%40supabase_auth-js_dist_module_0.pzobh._.js:597:23
    at _handleRequest (http://localhost:3000/_next/static/chunks/node_modules_%40supabase_auth-js_dist_module_0.pzobh._.js:951:24)
    at _request (http://localhost:3000/_next/static/chunks/node_modules_%40supabase_auth-js_dist_module_0.pzobh._.js:938:24)
    at http://localhost:3000/_next/static/chunks/node_modules_%40supabase_auth-js_dist_module_0.pzobh._.js:7482:220
    at async http://localhost:3000/_next/static/chunks/node_modules_%40supabase_auth-js_dist_module_0.pzobh._.js:667:36 @ http://localhost:3000/_next/static/chunks/node_modules_next_dist_115brz8._.js:3272
[53339657ms] [ERROR] Failed to load resource: net::ERR_QUIC_PROTOCOL_ERROR @ https://wnitkyyodymmjedlttex.supabase.co/auth/v1/token?grant_type=refresh_token:0
[53339658ms] [ERROR] TypeError: Failed to fetch
    at http://localhost:3000/_next/static/chunks/node_modules_%40supabase_auth-js_dist_module_0.pzobh._.js:597:23
    at _handleRequest (http://localhost:3000/_next/static/chunks/node_modules_%40supabase_auth-js_dist_module_0.pzobh._.js:951:24)
    at _request (http://localhost:3000/_next/static/chunks/node_modules_%40supabase_auth-js_dist_module_0.pzobh._.js:938:24)
    at http://localhost:3000/_next/static/chunks/node_modules_%40supabase_auth-js_dist_module_0.pzobh._.js:7482:220
    at async http://localhost:3000/_next/static/chunks/node_modules_%40supabase_auth-js_dist_module_0.pzobh._.js:667:36 @ http://localhost:3000/_next/static/chunks/node_modules_next_dist_115brz8._.js:3272
[53344481ms] [ERROR] Failed to load resource: net::ERR_QUIC_PROTOCOL_ERROR @ https://wnitkyyodymmjedlttex.supabase.co/auth/v1/token?grant_type=refresh_token:0
[53344481ms] [ERROR] TypeError: Failed to fetch
    at http://localhost:3000/_next/static/chunks/node_modules_%40supabase_auth-js_dist_module_0.pzobh._.js:597:23
    at _handleRequest (http://localhost:3000/_next/static/chunks/node_modules_%40supabase_auth-js_dist_module_0.pzobh._.js:951:24)
    at _request (http://localhost:3000/_next/static/chunks/node_modules_%40supabase_auth-js_dist_module_0.pzobh._.js:938:24)
    at http://localhost:3000/_next/static/chunks/node_modules_%40supabase_auth-js_dist_module_0.pzobh._.js:7482:220
    at async http://localhost:3000/_next/static/chunks/node_modules_%40supabase_auth-js_dist_module_0.pzobh._.js:667:36 @ http://localhost:3000/_next/static/chunks/node_modules_next_dist_115brz8._.js:3272
[53350112ms] [ERROR] Failed to load resource: net::ERR_QUIC_PROTOCOL_ERROR @ https://wnitkyyodymmjedlttex.supabase.co/auth/v1/token?grant_type=refresh_token:0
[53350113ms] [ERROR] TypeError: Failed to fetch
    at http://localhost:3000/_next/static/chunks/node_modules_%40supabase_auth-js_dist_module_0.pzobh._.js:597:23
    at _handleRequest (http://localhost:3000/_next/static/chunks/node_modules_%40supabase_auth-js_dist_module_0.pzobh._.js:951:24)
    at _request (http://localhost:3000/_next/static/chunks/node_modules_%40supabase_auth-js_dist_module_0.pzobh._.js:938:24)
    at http://localhost:3000/_next/static/chunks/node_modules_%40supabase_auth-js_dist_module_0.pzobh._.js:7482:220
    at async http://localhost:3000/_next/static/chunks/node_modules_%40supabase_auth-js_dist_module_0.pzobh._.js:667:36 @ http://localhost:3000/_next/static/chunks/node_modules_next_dist_115brz8._.js:3272
[53357334ms] [ERROR] Failed to load resource: net::ERR_QUIC_PROTOCOL_ERROR @ https://wnitkyyodymmjedlttex.supabase.co/auth/v1/token?grant_type=refresh_token:0
[53357335ms] [ERROR] TypeError: Failed to fetch
    at http://localhost:3000/_next/static/chunks/node_modules_%40supabase_auth-js_dist_module_0.pzobh._.js:597:23
    at _handleRequest (http://localhost:3000/_next/static/chunks/node_modules_%40supabase_auth-js_dist_module_0.pzobh._.js:951:24)
    at _request (http://localhost:3000/_next/static/chunks/node_modules_%40supabase_auth-js_dist_module_0.pzobh._.js:938:24)
    at http://localhost:3000/_next/static/chunks/node_modules_%40supabase_auth-js_dist_module_0.pzobh._.js:7482:220
    at async http://localhost:3000/_next/static/chunks/node_modules_%40supabase_auth-js_dist_module_0.pzobh._.js:667:36 @ http://localhost:3000/_next/static/chunks/node_modules_next_dist_115brz8._.js:3272
[53361342ms] [ERROR] Failed to load resource: net::ERR_QUIC_PROTOCOL_ERROR @ https://wnitkyyodymmjedlttex.supabase.co/auth/v1/token?grant_type=refresh_token:0
[53361343ms] [ERROR] TypeError: Failed to fetch
    at http://localhost:3000/_next/static/chunks/node_modules_%40supabase_auth-js_dist_module_0.pzobh._.js:597:23
    at _handleRequest (http://localhost:3000/_next/static/chunks/node_modules_%40supabase_auth-js_dist_module_0.pzobh._.js:951:24)
    at _request (http://localhost:3000/_next/static/chunks/node_modules_%40supabase_auth-js_dist_module_0.pzobh._.js:938:24)
    at http://localhost:3000/_next/static/chunks/node_modules_%40supabase_auth-js_dist_module_0.pzobh._.js:7482:220
    at http://localhost:3000/_next/static/chunks/node_modules_%40supabase_auth-js_dist_module_0.pzobh._.js:667:42
    at http://localhost:3000/_next/static/chunks/node_modules_%40supabase_auth-js_dist_module_0.pzobh._.js:679:11
    at new Promise (<anonymous>)
    at retryable (http://localhost:3000/_next/static/chunks/node_modules_%40supabase_auth-js_dist_module_0.pzobh._.js:661:21)
    at SupabaseAuthClient._refreshAccessToken (http://localhost:3000/_next/static/chunks/node_modules_%40supabase_auth-js_dist_module_0.pzobh._.js:7477:219)
    at SupabaseAuthClient._callRefreshToken (http://localhost:3000/_next/static/chunks/node_modules_%40supabase_auth-js_dist_module_0.pzobh._.js:7633:48)
    at SupabaseAuthClient.__loadSession (http://localhost:3000/_next/static/chunks/node_modules_%40supabase_auth-js_dist_module_0.pzobh._.js:5996:57)
    at async SupabaseAuthClient._useSession (http://localhost:3000/_next/static/chunks/node_modules_%40supabase_auth-js_dist_module_0.pzobh._.js:5926:28)
    at async http://localhost:3000/_next/static/chunks/node_modules_%40supabase_auth-js_dist_module_0.pzobh._.js:7903:32
    at async http://localhost:3000/_next/static/chunks/node_modules_%40supabase_auth-js_dist_module_0.pzobh._.js:5875:28 @ http://localhost:3000/_next/static/chunks/node_modules_next_dist_115brz8._.js:3272
[53365565ms] [ERROR] Failed to load resource: net::ERR_QUIC_PROTOCOL_ERROR @ https://wnitkyyodymmjedlttex.supabase.co/auth/v1/token?grant_type=refresh_token:0
[53365566ms] [ERROR] TypeError: Failed to fetch
    at http://localhost:3000/_next/static/chunks/node_modules_%40supabase_auth-js_dist_module_0.pzobh._.js:597:23
    at _handleRequest (http://localhost:3000/_next/static/chunks/node_modules_%40supabase_auth-js_dist_module_0.pzobh._.js:951:24)
    at _request (http://localhost:3000/_next/static/chunks/node_modules_%40supabase_auth-js_dist_module_0.pzobh._.js:938:24)
    at http://localhost:3000/_next/static/chunks/node_modules_%40supabase_auth-js_dist_module_0.pzobh._.js:7482:220
    at async http://localhost:3000/_next/static/chunks/node_modules_%40supabase_auth-js_dist_module_0.pzobh._.js:667:36 @ http://localhost:3000/_next/static/chunks/node_modules_next_dist_115brz8._.js:3272
[53369989ms] [ERROR] Failed to load resource: net::ERR_QUIC_PROTOCOL_ERROR @ https://wnitkyyodymmjedlttex.supabase.co/auth/v1/token?grant_type=refresh_token:0
[53369989ms] [ERROR] TypeError: Failed to fetch
    at http://localhost:3000/_next/static/chunks/node_modules_%40supabase_auth-js_dist_module_0.pzobh._.js:597:23
    at _handleRequest (http://localhost:3000/_next/static/chunks/node_modules_%40supabase_auth-js_dist_module_0.pzobh._.js:951:24)
    at _request (http://localhost:3000/_next/static/chunks/node_modules_%40supabase_auth-js_dist_module_0.pzobh._.js:938:24)
    at http://localhost:3000/_next/static/chunks/node_modules_%40supabase_auth-js_dist_module_0.pzobh._.js:7482:220
    at async http://localhost:3000/_next/static/chunks/node_modules_%40supabase_auth-js_dist_module_0.pzobh._.js:667:36 @ http://localhost:3000/_next/static/chunks/node_modules_next_dist_115brz8._.js:3272
[53374808ms] [ERROR] Failed to load resource: net::ERR_QUIC_PROTOCOL_ERROR @ https://wnitkyyodymmjedlttex.supabase.co/auth/v1/token?grant_type=refresh_token:0
[53374808ms] [ERROR] TypeError: Failed to fetch
    at http://localhost:3000/_next/static/chunks/node_modules_%40supabase_auth-js_dist_module_0.pzobh._.js:597:23
    at _handleRequest (http://localhost:3000/_next/static/chunks/node_modules_%40supabase_auth-js_dist_module_0.pzobh._.js:951:24)
    at _request (http://localhost:3000/_next/static/chunks/node_modules_%40supabase_auth-js_dist_module_0.pzobh._.js:938:24)
    at http://localhost:3000/_next/static/chunks/node_modules_%40supabase_auth-js_dist_module_0.pzobh._.js:7482:220
    at async http://localhost:3000/_next/static/chunks/node_modules_%40supabase_auth-js_dist_module_0.pzobh._.js:667:36 @ http://localhost:3000/_next/static/chunks/node_modules_next_dist_115brz8._.js:3272
[53380422ms] [ERROR] Failed to load resource: net::ERR_QUIC_PROTOCOL_ERROR @ https://wnitkyyodymmjedlttex.supabase.co/auth/v1/token?grant_type=refresh_token:0
[53380422ms] [ERROR] TypeError: Failed to fetch
    at http://localhost:3000/_next/static/chunks/node_modules_%40supabase_auth-js_dist_module_0.pzobh._.js:597:23
    at _handleRequest (http://localhost:3000/_next/static/chunks/node_modules_%40supabase_auth-js_dist_module_0.pzobh._.js:951:24)
    at _request (http://localhost:3000/_next/static/chunks/node_modules_%40supabase_auth-js_dist_module_0.pzobh._.js:938:24)
    at http://localhost:3000/_next/static/chunks/node_modules_%40supabase_auth-js_dist_module_0.pzobh._.js:7482:220
    at async http://localhost:3000/_next/static/chunks/node_modules_%40supabase_auth-js_dist_module_0.pzobh._.js:667:36 @ http://localhost:3000/_next/static/chunks/node_modules_next_dist_115brz8._.js:3272
[53387637ms] [ERROR] Failed to load resource: net::ERR_QUIC_PROTOCOL_ERROR @ https://wnitkyyodymmjedlttex.supabase.co/auth/v1/token?grant_type=refresh_token:0
[53387638ms] [ERROR] TypeError: Failed to fetch
    at http://localhost:3000/_next/static/chunks/node_modules_%40supabase_auth-js_dist_module_0.pzobh._.js:597:23
    at _handleRequest (http://localhost:3000/_next/static/chunks/node_modules_%40supabase_auth-js_dist_module_0.pzobh._.js:951:24)
    at _request (http://localhost:3000/_next/static/chunks/node_modules_%40supabase_auth-js_dist_module_0.pzobh._.js:938:24)
    at http://localhost:3000/_next/static/chunks/node_modules_%40supabase_auth-js_dist_module_0.pzobh._.js:7482:220
    at async http://localhost:3000/_next/static/chunks/node_modules_%40supabase_auth-js_dist_module_0.pzobh._.js:667:36 @ http://localhost:3000/_next/static/chunks/node_modules_next_dist_115brz8._.js:3272
[53391649ms] [ERROR] Failed to load resource: net::ERR_QUIC_PROTOCOL_ERROR @ https://wnitkyyodymmjedlttex.supabase.co/auth/v1/token?grant_type=refresh_token:0
[53391649ms] [ERROR] TypeError: Failed to fetch
    at http://localhost:3000/_next/static/chunks/node_modules_%40supabase_auth-js_dist_module_0.pzobh._.js:597:23
    at _handleRequest (http://localhost:3000/_next/static/chunks/node_modules_%40supabase_auth-js_dist_module_0.pzobh._.js:951:24)
    at _request (http://localhost:3000/_next/static/chunks/node_modules_%40supabase_auth-js_dist_module_0.pzobh._.js:938:24)
    at http://localhost:3000/_next/static/chunks/node_modules_%40supabase_auth-js_dist_module_0.pzobh._.js:7482:220
    at http://localhost:3000/_next/static/chunks/node_modules_%40supabase_auth-js_dist_module_0.pzobh._.js:667:42
    at http://localhost:3000/_next/static/chunks/node_modules_%40supabase_auth-js_dist_module_0.pzobh._.js:679:11
    at new Promise (<anonymous>)
    at retryable (http://localhost:3000/_next/static/chunks/node_modules_%40supabase_auth-js_dist_module_0.pzobh._.js:661:21)
    at SupabaseAuthClient._refreshAccessToken (http://localhost:3000/_next/static/chunks/node_modules_%40supabase_auth-js_dist_module_0.pzobh._.js:7477:219)
    at SupabaseAuthClient._callRefreshToken (http://localhost:3000/_next/static/chunks/node_modules_%40supabase_auth-js_dist_module_0.pzobh._.js:7633:48)
    at SupabaseAuthClient.__loadSession (http://localhost:3000/_next/static/chunks/node_modules_%40supabase_auth-js_dist_module_0.pzobh._.js:5996:57)
    at async SupabaseAuthClient._useSession (http://localhost:3000/_next/static/chunks/node_modules_%40supabase_auth-js_dist_module_0.pzobh._.js:5926:28)
    at async http://localhost:3000/_next/static/chunks/node_modules_%40supabase_auth-js_dist_module_0.pzobh._.js:7903:32
    at async http://localhost:3000/_next/static/chunks/node_modules_%40supabase_auth-js_dist_module_0.pzobh._.js:5875:28 @ http://localhost:3000/_next/static/chunks/node_modules_next_dist_115brz8._.js:3272
[53395855ms] [ERROR] Failed to load resource: net::ERR_QUIC_PROTOCOL_ERROR @ https://wnitkyyodymmjedlttex.supabase.co/auth/v1/token?grant_type=refresh_token:0
[53395855ms] [ERROR] TypeError: Failed to fetch
    at http://localhost:3000/_next/static/chunks/node_modules_%40supabase_auth-js_dist_module_0.pzobh._.js:597:23
    at _handleRequest (http://localhost:3000/_next/static/chunks/node_modules_%40supabase_auth-js_dist_module_0.pzobh._.js:951:24)
    at _request (http://localhost:3000/_next/static/chunks/node_modules_%40supabase_auth-js_dist_module_0.pzobh._.js:938:24)
    at http://localhost:3000/_next/static/chunks/node_modules_%40supabase_auth-js_dist_module_0.pzobh._.js:7482:220
    at async http://localhost:3000/_next/static/chunks/node_modules_%40supabase_auth-js_dist_module_0.pzobh._.js:667:36 @ http://localhost:3000/_next/static/chunks/node_modules_next_dist_115brz8._.js:3272
[53400265ms] [ERROR] Failed to load resource: net::ERR_QUIC_PROTOCOL_ERROR @ https://wnitkyyodymmjedlttex.supabase.co/auth/v1/token?grant_type=refresh_token:0
[53400265ms] [ERROR] TypeError: Failed to fetch
    at http://localhost:3000/_next/static/chunks/node_modules_%40supabase_auth-js_dist_module_0.pzobh._.js:597:23
    at _handleRequest (http://localhost:3000/_next/static/chunks/node_modules_%40supabase_auth-js_dist_module_0.pzobh._.js:951:24)
    at _request (http://localhost:3000/_next/static/chunks/node_modules_%40supabase_auth-js_dist_module_0.pzobh._.js:938:24)
    at http://localhost:3000/_next/static/chunks/node_modules_%40supabase_auth-js_dist_module_0.pzobh._.js:7482:220
    at async http://localhost:3000/_next/static/chunks/node_modules_%40supabase_auth-js_dist_module_0.pzobh._.js:667:36 @ http://localhost:3000/_next/static/chunks/node_modules_next_dist_115brz8._.js:3272
[53405088ms] [ERROR] Failed to load resource: net::ERR_QUIC_PROTOCOL_ERROR @ https://wnitkyyodymmjedlttex.supabase.co/auth/v1/token?grant_type=refresh_token:0
[53405088ms] [ERROR] TypeError: Failed to fetch
    at http://localhost:3000/_next/static/chunks/node_modules_%40supabase_auth-js_dist_module_0.pzobh._.js:597:23
    at _handleRequest (http://localhost:3000/_next/static/chunks/node_modules_%40supabase_auth-js_dist_module_0.pzobh._.js:951:24)
    at _request (http://localhost:3000/_next/static/chunks/node_modules_%40supabase_auth-js_dist_module_0.pzobh._.js:938:24)
    at http://localhost:3000/_next/static/chunks/node_modules_%40supabase_auth-js_dist_module_0.pzobh._.js:7482:220
    at async http://localhost:3000/_next/static/chunks/node_modules_%40supabase_auth-js_dist_module_0.pzobh._.js:667:36 @ http://localhost:3000/_next/static/chunks/node_modules_next_dist_115brz8._.js:3272
[53410702ms] [ERROR] Failed to load resource: net::ERR_QUIC_PROTOCOL_ERROR @ https://wnitkyyodymmjedlttex.supabase.co/auth/v1/token?grant_type=refresh_token:0
[53410702ms] [ERROR] TypeError: Failed to fetch
    at http://localhost:3000/_next/static/chunks/node_modules_%40supabase_auth-js_dist_module_0.pzobh._.js:597:23
    at _handleRequest (http://localhost:3000/_next/static/chunks/node_modules_%40supabase_auth-js_dist_module_0.pzobh._.js:951:24)
    at _request (http://localhost:3000/_next/static/chunks/node_modules_%40supabase_auth-js_dist_module_0.pzobh._.js:938:24)
    at http://localhost:3000/_next/static/chunks/node_modules_%40supabase_auth-js_dist_module_0.pzobh._.js:7482:220
    at async http://localhost:3000/_next/static/chunks/node_modules_%40supabase_auth-js_dist_module_0.pzobh._.js:667:36 @ http://localhost:3000/_next/static/chunks/node_modules_next_dist_115brz8._.js:3272
[53417920ms] [ERROR] Failed to load resource: net::ERR_QUIC_PROTOCOL_ERROR @ https://wnitkyyodymmjedlttex.supabase.co/auth/v1/token?grant_type=refresh_token:0
[53417921ms] [ERROR] TypeError: Failed to fetch
    at http://localhost:3000/_next/static/chunks/node_modules_%40supabase_auth-js_dist_module_0.pzobh._.js:597:23
    at _handleRequest (http://localhost:3000/_next/static/chunks/node_modules_%40supabase_auth-js_dist_module_0.pzobh._.js:951:24)
    at _request (http://localhost:3000/_next/static/chunks/node_modules_%40supabase_auth-js_dist_module_0.pzobh._.js:938:24)
    at http://localhost:3000/_next/static/chunks/node_modules_%40supabase_auth-js_dist_module_0.pzobh._.js:7482:220
    at async http://localhost:3000/_next/static/chunks/node_modules_%40supabase_auth-js_dist_module_0.pzobh._.js:667:36 @ http://localhost:3000/_next/static/chunks/node_modules_next_dist_115brz8._.js:3272
[53421938ms] [ERROR] Failed to load resource: net::ERR_QUIC_PROTOCOL_ERROR @ https://wnitkyyodymmjedlttex.supabase.co/auth/v1/token?grant_type=refresh_token:0
[53421939ms] [ERROR] TypeError: Failed to fetch
    at http://localhost:3000/_next/static/chunks/node_modules_%40supabase_auth-js_dist_module_0.pzobh._.js:597:23
    at _handleRequest (http://localhost:3000/_next/static/chunks/node_modules_%40supabase_auth-js_dist_module_0.pzobh._.js:951:24)
    at _request (http://localhost:3000/_next/static/chunks/node_modules_%40supabase_auth-js_dist_module_0.pzobh._.js:938:24)
    at http://localhost:3000/_next/static/chunks/node_modules_%40supabase_auth-js_dist_module_0.pzobh._.js:7482:220
    at http://localhost:3000/_next/static/chunks/node_modules_%40supabase_auth-js_dist_module_0.pzobh._.js:667:42
    at http://localhost:3000/_next/static/chunks/node_modules_%40supabase_auth-js_dist_module_0.pzobh._.js:679:11
    at new Promise (<anonymous>)
    at retryable (http://localhost:3000/_next/static/chunks/node_modules_%40supabase_auth-js_dist_module_0.pzobh._.js:661:21)
    at SupabaseAuthClient._refreshAccessToken (http://localhost:3000/_next/static/chunks/node_modules_%40supabase_auth-js_dist_module_0.pzobh._.js:7477:219)
    at SupabaseAuthClient._callRefreshToken (http://localhost:3000/_next/static/chunks/node_modules_%40supabase_auth-js_dist_module_0.pzobh._.js:7633:48)
    at SupabaseAuthClient.__loadSession (http://localhost:3000/_next/static/chunks/node_modules_%40supabase_auth-js_dist_module_0.pzobh._.js:5996:57)
    at async SupabaseAuthClient._useSession (http://localhost:3000/_next/static/chunks/node_modules_%40supabase_auth-js_dist_module_0.pzobh._.js:5926:28)
    at async http://localhost:3000/_next/static/chunks/node_modules_%40supabase_auth-js_dist_module_0.pzobh._.js:7903:32
    at async http://localhost:3000/_next/static/chunks/node_modules_%40supabase_auth-js_dist_module_0.pzobh._.js:5875:28 @ http://localhost:3000/_next/static/chunks/node_modules_next_dist_115brz8._.js:3272
[53426167ms] [ERROR] Failed to load resource: net::ERR_QUIC_PROTOCOL_ERROR @ https://wnitkyyodymmjedlttex.supabase.co/auth/v1/token?grant_type=refresh_token:0
[53426167ms] [ERROR] TypeError: Failed to fetch
    at http://localhost:3000/_next/static/chunks/node_modules_%40supabase_auth-js_dist_module_0.pzobh._.js:597:23
    at _handleRequest (http://localhost:3000/_next/static/chunks/node_modules_%40supabase_auth-js_dist_module_0.pzobh._.js:951:24)
    at _request (http://localhost:3000/_next/static/chunks/node_modules_%40supabase_auth-js_dist_module_0.pzobh._.js:938:24)
    at http://localhost:3000/_next/static/chunks/node_modules_%40supabase_auth-js_dist_module_0.pzobh._.js:7482:220
    at async http://localhost:3000/_next/static/chunks/node_modules_%40supabase_auth-js_dist_module_0.pzobh._.js:667:36 @ http://localhost:3000/_next/static/chunks/node_modules_next_dist_115brz8._.js:3272
[53430582ms] [ERROR] Failed to load resource: net::ERR_QUIC_PROTOCOL_ERROR @ https://wnitkyyodymmjedlttex.supabase.co/auth/v1/token?grant_type=refresh_token:0
[53430582ms] [ERROR] TypeError: Failed to fetch
    at http://localhost:3000/_next/static/chunks/node_modules_%40supabase_auth-js_dist_module_0.pzobh._.js:597:23
    at _handleRequest (http://localhost:3000/_next/static/chunks/node_modules_%40supabase_auth-js_dist_module_0.pzobh._.js:951:24)
    at _request (http://localhost:3000/_next/static/chunks/node_modules_%40supabase_auth-js_dist_module_0.pzobh._.js:938:24)
    at http://localhost:3000/_next/static/chunks/node_modules_%40supabase_auth-js_dist_module_0.pzobh._.js:7482:220
    at async http://localhost:3000/_next/static/chunks/node_modules_%40supabase_auth-js_dist_module_0.pzobh._.js:667:36 @ http://localhost:3000/_next/static/chunks/node_modules_next_dist_115brz8._.js:3272
[53435400ms] [ERROR] Failed to load resource: net::ERR_QUIC_PROTOCOL_ERROR @ https://wnitkyyodymmjedlttex.supabase.co/auth/v1/token?grant_type=refresh_token:0
[53435401ms] [ERROR] TypeError: Failed to fetch
    at http://localhost:3000/_next/static/chunks/node_modules_%40supabase_auth-js_dist_module_0.pzobh._.js:597:23
    at _handleRequest (http://localhost:3000/_next/static/chunks/node_modules_%40supabase_auth-js_dist_module_0.pzobh._.js:951:24)
    at _request (http://localhost:3000/_next/static/chunks/node_modules_%40supabase_auth-js_dist_module_0.pzobh._.js:938:24)
    at http://localhost:3000/_next/static/chunks/node_modules_%40supabase_auth-js_dist_module_0.pzobh._.js:7482:220
    at async http://localhost:3000/_next/static/chunks/node_modules_%40supabase_auth-js_dist_module_0.pzobh._.js:667:36 @ http://localhost:3000/_next/static/chunks/node_modules_next_dist_115brz8._.js:3272
[53441021ms] [ERROR] Failed to load resource: net::ERR_QUIC_PROTOCOL_ERROR @ https://wnitkyyodymmjedlttex.supabase.co/auth/v1/token?grant_type=refresh_token:0
[53441021ms] [ERROR] TypeError: Failed to fetch
    at http://localhost:3000/_next/static/chunks/node_modules_%40supabase_auth-js_dist_module_0.pzobh._.js:597:23
    at _handleRequest (http://localhost:3000/_next/static/chunks/node_modules_%40supabase_auth-js_dist_module_0.pzobh._.js:951:24)
    at _request (http://localhost:3000/_next/static/chunks/node_modules_%40supabase_auth-js_dist_module_0.pzobh._.js:938:24)
    at http://localhost:3000/_next/static/chunks/node_modules_%40supabase_auth-js_dist_module_0.pzobh._.js:7482:220
    at async http://localhost:3000/_next/static/chunks/node_modules_%40supabase_auth-js_dist_module_0.pzobh._.js:667:36 @ http://localhost:3000/_next/static/chunks/node_modules_next_dist_115brz8._.js:3272
[53448229ms] [ERROR] Failed to load resource: net::ERR_QUIC_PROTOCOL_ERROR @ https://wnitkyyodymmjedlttex.supabase.co/auth/v1/token?grant_type=refresh_token:0
[53448230ms] [ERROR] TypeError: Failed to fetch
    at http://localhost:3000/_next/static/chunks/node_modules_%40supabase_auth-js_dist_module_0.pzobh._.js:597:23
    at _handleRequest (http://localhost:3000/_next/static/chunks/node_modules_%40supabase_auth-js_dist_module_0.pzobh._.js:951:24)
    at _request (http://localhost:3000/_next/static/chunks/node_modules_%40supabase_auth-js_dist_module_0.pzobh._.js:938:24)
    at http://localhost:3000/_next/static/chunks/node_modules_%40supabase_auth-js_dist_module_0.pzobh._.js:7482:220
    at async http://localhost:3000/_next/static/chunks/node_modules_%40supabase_auth-js_dist_module_0.pzobh._.js:667:36 @ http://localhost:3000/_next/static/chunks/node_modules_next_dist_115brz8._.js:3272
[53452232ms] [ERROR] Failed to load resource: net::ERR_QUIC_PROTOCOL_ERROR @ https://wnitkyyodymmjedlttex.supabase.co/auth/v1/token?grant_type=refresh_token:0
[53452232ms] [ERROR] TypeError: Failed to fetch
    at http://localhost:3000/_next/static/chunks/node_modules_%40supabase_auth-js_dist_module_0.pzobh._.js:597:23
    at _handleRequest (http://localhost:3000/_next/static/chunks/node_modules_%40supabase_auth-js_dist_module_0.pzobh._.js:951:24)
    at _request (http://localhost:3000/_next/static/chunks/node_modules_%40supabase_auth-js_dist_module_0.pzobh._.js:938:24)
    at http://localhost:3000/_next/static/chunks/node_modules_%40supabase_auth-js_dist_module_0.pzobh._.js:7482:220
    at http://localhost:3000/_next/static/chunks/node_modules_%40supabase_auth-js_dist_module_0.pzobh._.js:667:42
    at http://localhost:3000/_next/static/chunks/node_modules_%40supabase_auth-js_dist_module_0.pzobh._.js:679:11
    at new Promise (<anonymous>)
    at retryable (http://localhost:3000/_next/static/chunks/node_modules_%40supabase_auth-js_dist_module_0.pzobh._.js:661:21)
    at SupabaseAuthClient._refreshAccessToken (http://localhost:3000/_next/static/chunks/node_modules_%40supabase_auth-js_dist_module_0.pzobh._.js:7477:219)
    at SupabaseAuthClient._callRefreshToken (http://localhost:3000/_next/static/chunks/node_modules_%40supabase_auth-js_dist_module_0.pzobh._.js:7633:48)
    at SupabaseAuthClient.__loadSession (http://localhost:3000/_next/static/chunks/node_modules_%40supabase_auth-js_dist_module_0.pzobh._.js:5996:57)
    at async SupabaseAuthClient._useSession (http://localhost:3000/_next/static/chunks/node_modules_%40supabase_auth-js_dist_module_0.pzobh._.js:5926:28)
    at async http://localhost:3000/_next/static/chunks/node_modules_%40supabase_auth-js_dist_module_0.pzobh._.js:7903:32
    at async http://localhost:3000/_next/static/chunks/node_modules_%40supabase_auth-js_dist_module_0.pzobh._.js:5875:28 @ http://localhost:3000/_next/static/chunks/node_modules_next_dist_115brz8._.js:3272
[53456446ms] [ERROR] Failed to load resource: net::ERR_QUIC_PROTOCOL_ERROR @ https://wnitkyyodymmjedlttex.supabase.co/auth/v1/token?grant_type=refresh_token:0
[53456446ms] [ERROR] TypeError: Failed to fetch
    at http://localhost:3000/_next/static/chunks/node_modules_%40supabase_auth-js_dist_module_0.pzobh._.js:597:23
    at _handleRequest (http://localhost:3000/_next/static/chunks/node_modules_%40supabase_auth-js_dist_module_0.pzobh._.js:951:24)
    at _request (http://localhost:3000/_next/static/chunks/node_modules_%40supabase_auth-js_dist_module_0.pzobh._.js:938:24)
    at http://localhost:3000/_next/static/chunks/node_modules_%40supabase_auth-js_dist_module_0.pzobh._.js:7482:220
    at async http://localhost:3000/_next/static/chunks/node_modules_%40supabase_auth-js_dist_module_0.pzobh._.js:667:36 @ http://localhost:3000/_next/static/chunks/node_modules_next_dist_115brz8._.js:3272
[53460856ms] [ERROR] Failed to load resource: net::ERR_QUIC_PROTOCOL_ERROR @ https://wnitkyyodymmjedlttex.supabase.co/auth/v1/token?grant_type=refresh_token:0
[53460857ms] [ERROR] TypeError: Failed to fetch
    at http://localhost:3000/_next/static/chunks/node_modules_%40supabase_auth-js_dist_module_0.pzobh._.js:597:23
    at _handleRequest (http://localhost:3000/_next/static/chunks/node_modules_%40supabase_auth-js_dist_module_0.pzobh._.js:951:24)
    at _request (http://localhost:3000/_next/static/chunks/node_modules_%40supabase_auth-js_dist_module_0.pzobh._.js:938:24)
    at http://localhost:3000/_next/static/chunks/node_modules_%40supabase_auth-js_dist_module_0.pzobh._.js:7482:220
    at async http://localhost:3000/_next/static/chunks/node_modules_%40supabase_auth-js_dist_module_0.pzobh._.js:667:36 @ http://localhost:3000/_next/static/chunks/node_modules_next_dist_115brz8._.js:3272
[53465666ms] [ERROR] Failed to load resource: net::ERR_QUIC_PROTOCOL_ERROR @ https://wnitkyyodymmjedlttex.supabase.co/auth/v1/token?grant_type=refresh_token:0
[53465666ms] [ERROR] TypeError: Failed to fetch
    at http://localhost:3000/_next/static/chunks/node_modules_%40supabase_auth-js_dist_module_0.pzobh._.js:597:23
    at _handleRequest (http://localhost:3000/_next/static/chunks/node_modules_%40supabase_auth-js_dist_module_0.pzobh._.js:951:24)
    at _request (http://localhost:3000/_next/static/chunks/node_modules_%40supabase_auth-js_dist_module_0.pzobh._.js:938:24)
    at http://localhost:3000/_next/static/chunks/node_modules_%40supabase_auth-js_dist_module_0.pzobh._.js:7482:220
    at async http://localhost:3000/_next/static/chunks/node_modules_%40supabase_auth-js_dist_module_0.pzobh._.js:667:36 @ http://localhost:3000/_next/static/chunks/node_modules_next_dist_115brz8._.js:3272
[53471277ms] [ERROR] Failed to load resource: net::ERR_QUIC_PROTOCOL_ERROR @ https://wnitkyyodymmjedlttex.supabase.co/auth/v1/token?grant_type=refresh_token:0
[53471278ms] [ERROR] TypeError: Failed to fetch
    at http://localhost:3000/_next/static/chunks/node_modules_%40supabase_auth-js_dist_module_0.pzobh._.js:597:23
    at _handleRequest (http://localhost:3000/_next/static/chunks/node_modules_%40supabase_auth-js_dist_module_0.pzobh._.js:951:24)
    at _request (http://localhost:3000/_next/static/chunks/node_modules_%40supabase_auth-js_dist_module_0.pzobh._.js:938:24)
    at http://localhost:3000/_next/static/chunks/node_modules_%40supabase_auth-js_dist_module_0.pzobh._.js:7482:220
    at async http://localhost:3000/_next/static/chunks/node_modules_%40supabase_auth-js_dist_module_0.pzobh._.js:667:36 @ http://localhost:3000/_next/static/chunks/node_modules_next_dist_115brz8._.js:3272
[53478484ms] [ERROR] Failed to load resource: net::ERR_QUIC_PROTOCOL_ERROR @ https://wnitkyyodymmjedlttex.supabase.co/auth/v1/token?grant_type=refresh_token:0
[53478484ms] [ERROR] TypeError: Failed to fetch
    at http://localhost:3000/_next/static/chunks/node_modules_%40supabase_auth-js_dist_module_0.pzobh._.js:597:23
    at _handleRequest (http://localhost:3000/_next/static/chunks/node_modules_%40supabase_auth-js_dist_module_0.pzobh._.js:951:24)
    at _request (http://localhost:3000/_next/static/chunks/node_modules_%40supabase_auth-js_dist_module_0.pzobh._.js:938:24)
    at http://localhost:3000/_next/static/chunks/node_modules_%40supabase_auth-js_dist_module_0.pzobh._.js:7482:220
    at async http://localhost:3000/_next/static/chunks/node_modules_%40supabase_auth-js_dist_module_0.pzobh._.js:667:36 @ http://localhost:3000/_next/static/chunks/node_modules_next_dist_115brz8._.js:3272
[53482497ms] [ERROR] Failed to load resource: net::ERR_QUIC_PROTOCOL_ERROR @ https://wnitkyyodymmjedlttex.supabase.co/auth/v1/token?grant_type=refresh_token:0
[53482497ms] [ERROR] TypeError: Failed to fetch
    at http://localhost:3000/_next/static/chunks/node_modules_%40supabase_auth-js_dist_module_0.pzobh._.js:597:23
    at _handleRequest (http://localhost:3000/_next/static/chunks/node_modules_%40supabase_auth-js_dist_module_0.pzobh._.js:951:24)
    at _request (http://localhost:3000/_next/static/chunks/node_modules_%40supabase_auth-js_dist_module_0.pzobh._.js:938:24)
    at http://localhost:3000/_next/static/chunks/node_modules_%40supabase_auth-js_dist_module_0.pzobh._.js:7482:220
    at http://localhost:3000/_next/static/chunks/node_modules_%40supabase_auth-js_dist_module_0.pzobh._.js:667:42
    at http://localhost:3000/_next/static/chunks/node_modules_%40supabase_auth-js_dist_module_0.pzobh._.js:679:11
    at new Promise (<anonymous>)
    at retryable (http://localhost:3000/_next/static/chunks/node_modules_%40supabase_auth-js_dist_module_0.pzobh._.js:661:21)
    at SupabaseAuthClient._refreshAccessToken (http://localhost:3000/_next/static/chunks/node_modules_%40supabase_auth-js_dist_module_0.pzobh._.js:7477:219)
    at SupabaseAuthClient._callRefreshToken (http://localhost:3000/_next/static/chunks/node_modules_%40supabase_auth-js_dist_module_0.pzobh._.js:7633:48)
    at SupabaseAuthClient.__loadSession (http://localhost:3000/_next/static/chunks/node_modules_%40supabase_auth-js_dist_module_0.pzobh._.js:5996:57)
    at async SupabaseAuthClient._useSession (http://localhost:3000/_next/static/chunks/node_modules_%40supabase_auth-js_dist_module_0.pzobh._.js:5926:28)
    at async http://localhost:3000/_next/static/chunks/node_modules_%40supabase_auth-js_dist_module_0.pzobh._.js:7903:32
    at async http://localhost:3000/_next/static/chunks/node_modules_%40supabase_auth-js_dist_module_0.pzobh._.js:5875:28 @ http://localhost:3000/_next/static/chunks/node_modules_next_dist_115brz8._.js:3272
[53486707ms] [ERROR] Failed to load resource: net::ERR_QUIC_PROTOCOL_ERROR @ https://wnitkyyodymmjedlttex.supabase.co/auth/v1/token?grant_type=refresh_token:0
[53486707ms] [ERROR] TypeError: Failed to fetch
    at http://localhost:3000/_next/static/chunks/node_modules_%40supabase_auth-js_dist_module_0.pzobh._.js:597:23
    at _handleRequest (http://localhost:3000/_next/static/chunks/node_modules_%40supabase_auth-js_dist_module_0.pzobh._.js:951:24)
    at _request (http://localhost:3000/_next/static/chunks/node_modules_%40supabase_auth-js_dist_module_0.pzobh._.js:938:24)
    at http://localhost:3000/_next/static/chunks/node_modules_%40supabase_auth-js_dist_module_0.pzobh._.js:7482:220
    at async http://localhost:3000/_next/static/chunks/node_modules_%40supabase_auth-js_dist_module_0.pzobh._.js:667:36 @ http://localhost:3000/_next/static/chunks/node_modules_next_dist_115brz8._.js:3272
[53491130ms] [ERROR] Failed to load resource: net::ERR_QUIC_PROTOCOL_ERROR @ https://wnitkyyodymmjedlttex.supabase.co/auth/v1/token?grant_type=refresh_token:0
[53491130ms] [ERROR] TypeError: Failed to fetch
    at http://localhost:3000/_next/static/chunks/node_modules_%40supabase_auth-js_dist_module_0.pzobh._.js:597:23
    at _handleRequest (http://localhost:3000/_next/static/chunks/node_modules_%40supabase_auth-js_dist_module_0.pzobh._.js:951:24)
    at _request (http://localhost:3000/_next/static/chunks/node_modules_%40supabase_auth-js_dist_module_0.pzobh._.js:938:24)
    at http://localhost:3000/_next/static/chunks/node_modules_%40supabase_auth-js_dist_module_0.pzobh._.js:7482:220
    at async http://localhost:3000/_next/static/chunks/node_modules_%40supabase_auth-js_dist_module_0.pzobh._.js:667:36 @ http://localhost:3000/_next/static/chunks/node_modules_next_dist_115brz8._.js:3272
[53495946ms] [ERROR] Failed to load resource: net::ERR_QUIC_PROTOCOL_ERROR @ https://wnitkyyodymmjedlttex.supabase.co/auth/v1/token?grant_type=refresh_token:0
[53495946ms] [ERROR] TypeError: Failed to fetch
    at http://localhost:3000/_next/static/chunks/node_modules_%40supabase_auth-js_dist_module_0.pzobh._.js:597:23
    at _handleRequest (http://localhost:3000/_next/static/chunks/node_modules_%40supabase_auth-js_dist_module_0.pzobh._.js:951:24)
    at _request (http://localhost:3000/_next/static/chunks/node_modules_%40supabase_auth-js_dist_module_0.pzobh._.js:938:24)
    at http://localhost:3000/_next/static/chunks/node_modules_%40supabase_auth-js_dist_module_0.pzobh._.js:7482:220
    at async http://localhost:3000/_next/static/chunks/node_modules_%40supabase_auth-js_dist_module_0.pzobh._.js:667:36 @ http://localhost:3000/_next/static/chunks/node_modules_next_dist_115brz8._.js:3272
[53501555ms] [ERROR] Failed to load resource: net::ERR_QUIC_PROTOCOL_ERROR @ https://wnitkyyodymmjedlttex.supabase.co/auth/v1/token?grant_type=refresh_token:0
[53501555ms] [ERROR] TypeError: Failed to fetch
    at http://localhost:3000/_next/static/chunks/node_modules_%40supabase_auth-js_dist_module_0.pzobh._.js:597:23
    at _handleRequest (http://localhost:3000/_next/static/chunks/node_modules_%40supabase_auth-js_dist_module_0.pzobh._.js:951:24)
    at _request (http://localhost:3000/_next/static/chunks/node_modules_%40supabase_auth-js_dist_module_0.pzobh._.js:938:24)
    at http://localhost:3000/_next/static/chunks/node_modules_%40supabase_auth-js_dist_module_0.pzobh._.js:7482:220
    at async http://localhost:3000/_next/static/chunks/node_modules_%40supabase_auth-js_dist_module_0.pzobh._.js:667:36 @ http://localhost:3000/_next/static/chunks/node_modules_next_dist_115brz8._.js:3272
[53508780ms] [ERROR] Failed to load resource: net::ERR_QUIC_PROTOCOL_ERROR @ https://wnitkyyodymmjedlttex.supabase.co/auth/v1/token?grant_type=refresh_token:0
[53508780ms] [ERROR] TypeError: Failed to fetch
    at http://localhost:3000/_next/static/chunks/node_modules_%40supabase_auth-js_dist_module_0.pzobh._.js:597:23
    at _handleRequest (http://localhost:3000/_next/static/chunks/node_modules_%40supabase_auth-js_dist_module_0.pzobh._.js:951:24)
    at _request (http://localhost:3000/_next/static/chunks/node_modules_%40supabase_auth-js_dist_module_0.pzobh._.js:938:24)
    at http://localhost:3000/_next/static/chunks/node_modules_%40supabase_auth-js_dist_module_0.pzobh._.js:7482:220
    at async http://localhost:3000/_next/static/chunks/node_modules_%40supabase_auth-js_dist_module_0.pzobh._.js:667:36 @ http://localhost:3000/_next/static/chunks/node_modules_next_dist_115brz8._.js:3272
[53512795ms] [ERROR] Failed to load resource: net::ERR_QUIC_PROTOCOL_ERROR @ https://wnitkyyodymmjedlttex.supabase.co/auth/v1/token?grant_type=refresh_token:0
[53512795ms] [ERROR] TypeError: Failed to fetch
    at http://localhost:3000/_next/static/chunks/node_modules_%40supabase_auth-js_dist_module_0.pzobh._.js:597:23
    at _handleRequest (http://localhost:3000/_next/static/chunks/node_modules_%40supabase_auth-js_dist_module_0.pzobh._.js:951:24)
    at _request (http://localhost:3000/_next/static/chunks/node_modules_%40supabase_auth-js_dist_module_0.pzobh._.js:938:24)
    at http://localhost:3000/_next/static/chunks/node_modules_%40supabase_auth-js_dist_module_0.pzobh._.js:7482:220
    at http://localhost:3000/_next/static/chunks/node_modules_%40supabase_auth-js_dist_module_0.pzobh._.js:667:42
    at http://localhost:3000/_next/static/chunks/node_modules_%40supabase_auth-js_dist_module_0.pzobh._.js:679:11
    at new Promise (<anonymous>)
    at retryable (http://localhost:3000/_next/static/chunks/node_modules_%40supabase_auth-js_dist_module_0.pzobh._.js:661:21)
    at SupabaseAuthClient._refreshAccessToken (http://localhost:3000/_next/static/chunks/node_modules_%40supabase_auth-js_dist_module_0.pzobh._.js:7477:219)
    at SupabaseAuthClient._callRefreshToken (http://localhost:3000/_next/static/chunks/node_modules_%40supabase_auth-js_dist_module_0.pzobh._.js:7633:48)
    at SupabaseAuthClient.__loadSession (http://localhost:3000/_next/static/chunks/node_modules_%40supabase_auth-js_dist_module_0.pzobh._.js:5996:57)
    at async SupabaseAuthClient._useSession (http://localhost:3000/_next/static/chunks/node_modules_%40supabase_auth-js_dist_module_0.pzobh._.js:5926:28)
    at async http://localhost:3000/_next/static/chunks/node_modules_%40supabase_auth-js_dist_module_0.pzobh._.js:7903:32
    at async http://localhost:3000/_next/static/chunks/node_modules_%40supabase_auth-js_dist_module_0.pzobh._.js:5875:28 @ http://localhost:3000/_next/static/chunks/node_modules_next_dist_115brz8._.js:3272
[53517008ms] [ERROR] Failed to load resource: net::ERR_QUIC_PROTOCOL_ERROR @ https://wnitkyyodymmjedlttex.supabase.co/auth/v1/token?grant_type=refresh_token:0
[53517008ms] [ERROR] TypeError: Failed to fetch
    at http://localhost:3000/_next/static/chunks/node_modules_%40supabase_auth-js_dist_module_0.pzobh._.js:597:23
    at _handleRequest (http://localhost:3000/_next/static/chunks/node_modules_%40supabase_auth-js_dist_module_0.pzobh._.js:951:24)
    at _request (http://localhost:3000/_next/static/chunks/node_modules_%40supabase_auth-js_dist_module_0.pzobh._.js:938:24)
    at http://localhost:3000/_next/static/chunks/node_modules_%40supabase_auth-js_dist_module_0.pzobh._.js:7482:220
    at async http://localhost:3000/_next/static/chunks/node_modules_%40supabase_auth-js_dist_module_0.pzobh._.js:667:36 @ http://localhost:3000/_next/static/chunks/node_modules_next_dist_115brz8._.js:3272
[53521433ms] [ERROR] Failed to load resource: net::ERR_QUIC_PROTOCOL_ERROR @ https://wnitkyyodymmjedlttex.supabase.co/auth/v1/token?grant_type=refresh_token:0
[53521433ms] [ERROR] TypeError: Failed to fetch
    at http://localhost:3000/_next/static/chunks/node_modules_%40supabase_auth-js_dist_module_0.pzobh._.js:597:23
    at _handleRequest (http://localhost:3000/_next/static/chunks/node_modules_%40supabase_auth-js_dist_module_0.pzobh._.js:951:24)
    at _request (http://localhost:3000/_next/static/chunks/node_modules_%40supabase_auth-js_dist_module_0.pzobh._.js:938:24)
    at http://localhost:3000/_next/static/chunks/node_modules_%40supabase_auth-js_dist_module_0.pzobh._.js:7482:220
    at async http://localhost:3000/_next/static/chunks/node_modules_%40supabase_auth-js_dist_module_0.pzobh._.js:667:36 @ http://localhost:3000/_next/static/chunks/node_modules_next_dist_115brz8._.js:3272
[53526251ms] [ERROR] Failed to load resource: net::ERR_QUIC_PROTOCOL_ERROR @ https://wnitkyyodymmjedlttex.supabase.co/auth/v1/token?grant_type=refresh_token:0
[53526251ms] [ERROR] TypeError: Failed to fetch
    at http://localhost:3000/_next/static/chunks/node_modules_%40supabase_auth-js_dist_module_0.pzobh._.js:597:23
    at _handleRequest (http://localhost:3000/_next/static/chunks/node_modules_%40supabase_auth-js_dist_module_0.pzobh._.js:951:24)
    at _request (http://localhost:3000/_next/static/chunks/node_modules_%40supabase_auth-js_dist_module_0.pzobh._.js:938:24)
    at http://localhost:3000/_next/static/chunks/node_modules_%40supabase_auth-js_dist_module_0.pzobh._.js:7482:220
    at async http://localhost:3000/_next/static/chunks/node_modules_%40supabase_auth-js_dist_module_0.pzobh._.js:667:36 @ http://localhost:3000/_next/static/chunks/node_modules_next_dist_115brz8._.js:3272
[53531870ms] [ERROR] Failed to load resource: net::ERR_QUIC_PROTOCOL_ERROR @ https://wnitkyyodymmjedlttex.supabase.co/auth/v1/token?grant_type=refresh_token:0
[53531870ms] [ERROR] TypeError: Failed to fetch
    at http://localhost:3000/_next/static/chunks/node_modules_%40supabase_auth-js_dist_module_0.pzobh._.js:597:23
    at _handleRequest (http://localhost:3000/_next/static/chunks/node_modules_%40supabase_auth-js_dist_module_0.pzobh._.js:951:24)
    at _request (http://localhost:3000/_next/static/chunks/node_modules_%40supabase_auth-js_dist_module_0.pzobh._.js:938:24)
    at http://localhost:3000/_next/static/chunks/node_modules_%40supabase_auth-js_dist_module_0.pzobh._.js:7482:220
    at async http://localhost:3000/_next/static/chunks/node_modules_%40supabase_auth-js_dist_module_0.pzobh._.js:667:36 @ http://localhost:3000/_next/static/chunks/node_modules_next_dist_115brz8._.js:3272
[53539100ms] [ERROR] Failed to load resource: net::ERR_QUIC_PROTOCOL_ERROR @ https://wnitkyyodymmjedlttex.supabase.co/auth/v1/token?grant_type=refresh_token:0
[53539101ms] [ERROR] TypeError: Failed to fetch
    at http://localhost:3000/_next/static/chunks/node_modules_%40supabase_auth-js_dist_module_0.pzobh._.js:597:23
    at _handleRequest (http://localhost:3000/_next/static/chunks/node_modules_%40supabase_auth-js_dist_module_0.pzobh._.js:951:24)
    at _request (http://localhost:3000/_next/static/chunks/node_modules_%40supabase_auth-js_dist_module_0.pzobh._.js:938:24)
    at http://localhost:3000/_next/static/chunks/node_modules_%40supabase_auth-js_dist_module_0.pzobh._.js:7482:220
    at async http://localhost:3000/_next/static/chunks/node_modules_%40supabase_auth-js_dist_module_0.pzobh._.js:667:36 @ http://localhost:3000/_next/static/chunks/node_modules_next_dist_115brz8._.js:3272
[53543117ms] [ERROR] Failed to load resource: net::ERR_QUIC_PROTOCOL_ERROR @ https://wnitkyyodymmjedlttex.supabase.co/auth/v1/token?grant_type=refresh_token:0
[53543117ms] [ERROR] TypeError: Failed to fetch
    at http://localhost:3000/_next/static/chunks/node_modules_%40supabase_auth-js_dist_module_0.pzobh._.js:597:23
    at _handleRequest (http://localhost:3000/_next/static/chunks/node_modules_%40supabase_auth-js_dist_module_0.pzobh._.js:951:24)
    at _request (http://localhost:3000/_next/static/chunks/node_modules_%40supabase_auth-js_dist_module_0.pzobh._.js:938:24)
    at http://localhost:3000/_next/static/chunks/node_modules_%40supabase_auth-js_dist_module_0.pzobh._.js:7482:220
    at http://localhost:3000/_next/static/chunks/node_modules_%40supabase_auth-js_dist_module_0.pzobh._.js:667:42
    at http://localhost:3000/_next/static/chunks/node_modules_%40supabase_auth-js_dist_module_0.pzobh._.js:679:11
    at new Promise (<anonymous>)
    at retryable (http://localhost:3000/_next/static/chunks/node_modules_%40supabase_auth-js_dist_module_0.pzobh._.js:661:21)
    at SupabaseAuthClient._refreshAccessToken (http://localhost:3000/_next/static/chunks/node_modules_%40supabase_auth-js_dist_module_0.pzobh._.js:7477:219)
    at SupabaseAuthClient._callRefreshToken (http://localhost:3000/_next/static/chunks/node_modules_%40supabase_auth-js_dist_module_0.pzobh._.js:7633:48)
    at SupabaseAuthClient.__loadSession (http://localhost:3000/_next/static/chunks/node_modules_%40supabase_auth-js_dist_module_0.pzobh._.js:5996:57)
    at async SupabaseAuthClient._useSession (http://localhost:3000/_next/static/chunks/node_modules_%40supabase_auth-js_dist_module_0.pzobh._.js:5926:28)
    at async http://localhost:3000/_next/static/chunks/node_modules_%40supabase_auth-js_dist_module_0.pzobh._.js:7903:32
    at async http://localhost:3000/_next/static/chunks/node_modules_%40supabase_auth-js_dist_module_0.pzobh._.js:5875:28 @ http://localhost:3000/_next/static/chunks/node_modules_next_dist_115brz8._.js:3272
[53547327ms] [ERROR] Failed to load resource: net::ERR_QUIC_PROTOCOL_ERROR @ https://wnitkyyodymmjedlttex.supabase.co/auth/v1/token?grant_type=refresh_token:0
[53547327ms] [ERROR] TypeError: Failed to fetch
    at http://localhost:3000/_next/static/chunks/node_modules_%40supabase_auth-js_dist_module_0.pzobh._.js:597:23
    at _handleRequest (http://localhost:3000/_next/static/chunks/node_modules_%40supabase_auth-js_dist_module_0.pzobh._.js:951:24)
    at _request (http://localhost:3000/_next/static/chunks/node_modules_%40supabase_auth-js_dist_module_0.pzobh._.js:938:24)
    at http://localhost:3000/_next/static/chunks/node_modules_%40supabase_auth-js_dist_module_0.pzobh._.js:7482:220
    at async http://localhost:3000/_next/static/chunks/node_modules_%40supabase_auth-js_dist_module_0.pzobh._.js:667:36 @ http://localhost:3000/_next/static/chunks/node_modules_next_dist_115brz8._.js:3272
[53551743ms] [ERROR] Failed to load resource: net::ERR_QUIC_PROTOCOL_ERROR @ https://wnitkyyodymmjedlttex.supabase.co/auth/v1/token?grant_type=refresh_token:0
[53551744ms] [ERROR] TypeError: Failed to fetch
    at http://localhost:3000/_next/static/chunks/node_modules_%40supabase_auth-js_dist_module_0.pzobh._.js:597:23
    at _handleRequest (http://localhost:3000/_next/static/chunks/node_modules_%40supabase_auth-js_dist_module_0.pzobh._.js:951:24)
    at _request (http://localhost:3000/_next/static/chunks/node_modules_%40supabase_auth-js_dist_module_0.pzobh._.js:938:24)
    at http://localhost:3000/_next/static/chunks/node_modules_%40supabase_auth-js_dist_module_0.pzobh._.js:7482:220
    at async http://localhost:3000/_next/static/chunks/node_modules_%40supabase_auth-js_dist_module_0.pzobh._.js:667:36 @ http://localhost:3000/_next/static/chunks/node_modules_next_dist_115brz8._.js:3272
[53556573ms] [ERROR] Failed to load resource: net::ERR_QUIC_PROTOCOL_ERROR @ https://wnitkyyodymmjedlttex.supabase.co/auth/v1/token?grant_type=refresh_token:0
[53556573ms] [ERROR] TypeError: Failed to fetch
    at http://localhost:3000/_next/static/chunks/node_modules_%40supabase_auth-js_dist_module_0.pzobh._.js:597:23
    at _handleRequest (http://localhost:3000/_next/static/chunks/node_modules_%40supabase_auth-js_dist_module_0.pzobh._.js:951:24)
    at _request (http://localhost:3000/_next/static/chunks/node_modules_%40supabase_auth-js_dist_module_0.pzobh._.js:938:24)
    at http://localhost:3000/_next/static/chunks/node_modules_%40supabase_auth-js_dist_module_0.pzobh._.js:7482:220
    at async http://localhost:3000/_next/static/chunks/node_modules_%40supabase_auth-js_dist_module_0.pzobh._.js:667:36 @ http://localhost:3000/_next/static/chunks/node_modules_next_dist_115brz8._.js:3272
[53562189ms] [ERROR] Failed to load resource: net::ERR_QUIC_PROTOCOL_ERROR @ https://wnitkyyodymmjedlttex.supabase.co/auth/v1/token?grant_type=refresh_token:0
[53562190ms] [ERROR] TypeError: Failed to fetch
    at http://localhost:3000/_next/static/chunks/node_modules_%40supabase_auth-js_dist_module_0.pzobh._.js:597:23
    at _handleRequest (http://localhost:3000/_next/static/chunks/node_modules_%40supabase_auth-js_dist_module_0.pzobh._.js:951:24)
    at _request (http://localhost:3000/_next/static/chunks/node_modules_%40supabase_auth-js_dist_module_0.pzobh._.js:938:24)
    at http://localhost:3000/_next/static/chunks/node_modules_%40supabase_auth-js_dist_module_0.pzobh._.js:7482:220
    at async http://localhost:3000/_next/static/chunks/node_modules_%40supabase_auth-js_dist_module_0.pzobh._.js:667:36 @ http://localhost:3000/_next/static/chunks/node_modules_next_dist_115brz8._.js:3272
[53569402ms] [ERROR] Failed to load resource: net::ERR_QUIC_PROTOCOL_ERROR @ https://wnitkyyodymmjedlttex.supabase.co/auth/v1/token?grant_type=refresh_token:0
[53569402ms] [ERROR] TypeError: Failed to fetch
    at http://localhost:3000/_next/static/chunks/node_modules_%40supabase_auth-js_dist_module_0.pzobh._.js:597:23
    at _handleRequest (http://localhost:3000/_next/static/chunks/node_modules_%40supabase_auth-js_dist_module_0.pzobh._.js:951:24)
    at _request (http://localhost:3000/_next/static/chunks/node_modules_%40supabase_auth-js_dist_module_0.pzobh._.js:938:24)
    at http://localhost:3000/_next/static/chunks/node_modules_%40supabase_auth-js_dist_module_0.pzobh._.js:7482:220
    at async http://localhost:3000/_next/static/chunks/node_modules_%40supabase_auth-js_dist_module_0.pzobh._.js:667:36 @ http://localhost:3000/_next/static/chunks/node_modules_next_dist_115brz8._.js:3272
[53573405ms] [ERROR] Failed to load resource: net::ERR_QUIC_PROTOCOL_ERROR @ https://wnitkyyodymmjedlttex.supabase.co/auth/v1/token?grant_type=refresh_token:0
[53573405ms] [ERROR] TypeError: Failed to fetch
    at http://localhost:3000/_next/static/chunks/node_modules_%40supabase_auth-js_dist_module_0.pzobh._.js:597:23
    at _handleRequest (http://localhost:3000/_next/static/chunks/node_modules_%40supabase_auth-js_dist_module_0.pzobh._.js:951:24)
    at _request (http://localhost:3000/_next/static/chunks/node_modules_%40supabase_auth-js_dist_module_0.pzobh._.js:938:24)
    at http://localhost:3000/_next/static/chunks/node_modules_%40supabase_auth-js_dist_module_0.pzobh._.js:7482:220
    at http://localhost:3000/_next/static/chunks/node_modules_%40supabase_auth-js_dist_module_0.pzobh._.js:667:42
    at http://localhost:3000/_next/static/chunks/node_modules_%40supabase_auth-js_dist_module_0.pzobh._.js:679:11
    at new Promise (<anonymous>)
    at retryable (http://localhost:3000/_next/static/chunks/node_modules_%40supabase_auth-js_dist_module_0.pzobh._.js:661:21)
    at SupabaseAuthClient._refreshAccessToken (http://localhost:3000/_next/static/chunks/node_modules_%40supabase_auth-js_dist_module_0.pzobh._.js:7477:219)
    at SupabaseAuthClient._callRefreshToken (http://localhost:3000/_next/static/chunks/node_modules_%40supabase_auth-js_dist_module_0.pzobh._.js:7633:48)
    at SupabaseAuthClient.__loadSession (http://localhost:3000/_next/static/chunks/node_modules_%40supabase_auth-js_dist_module_0.pzobh._.js:5996:57)
    at async SupabaseAuthClient._useSession (http://localhost:3000/_next/static/chunks/node_modules_%40supabase_auth-js_dist_module_0.pzobh._.js:5926:28)
    at async http://localhost:3000/_next/static/chunks/node_modules_%40supabase_auth-js_dist_module_0.pzobh._.js:7903:32
    at async http://localhost:3000/_next/static/chunks/node_modules_%40supabase_auth-js_dist_module_0.pzobh._.js:5875:28 @ http://localhost:3000/_next/static/chunks/node_modules_next_dist_115brz8._.js:3272
[53577618ms] [ERROR] Failed to load resource: net::ERR_QUIC_PROTOCOL_ERROR @ https://wnitkyyodymmjedlttex.supabase.co/auth/v1/token?grant_type=refresh_token:0
[53577619ms] [ERROR] TypeError: Failed to fetch
    at http://localhost:3000/_next/static/chunks/node_modules_%40supabase_auth-js_dist_module_0.pzobh._.js:597:23
    at _handleRequest (http://localhost:3000/_next/static/chunks/node_modules_%40supabase_auth-js_dist_module_0.pzobh._.js:951:24)
    at _request (http://localhost:3000/_next/static/chunks/node_modules_%40supabase_auth-js_dist_module_0.pzobh._.js:938:24)
    at http://localhost:3000/_next/static/chunks/node_modules_%40supabase_auth-js_dist_module_0.pzobh._.js:7482:220
    at async http://localhost:3000/_next/static/chunks/node_modules_%40supabase_auth-js_dist_module_0.pzobh._.js:667:36 @ http://localhost:3000/_next/static/chunks/node_modules_next_dist_115brz8._.js:3272
[53582031ms] [ERROR] Failed to load resource: net::ERR_QUIC_PROTOCOL_ERROR @ https://wnitkyyodymmjedlttex.supabase.co/auth/v1/token?grant_type=refresh_token:0
[53582031ms] [ERROR] TypeError: Failed to fetch
    at http://localhost:3000/_next/static/chunks/node_modules_%40supabase_auth-js_dist_module_0.pzobh._.js:597:23
    at _handleRequest (http://localhost:3000/_next/static/chunks/node_modules_%40supabase_auth-js_dist_module_0.pzobh._.js:951:24)
    at _request (http://localhost:3000/_next/static/chunks/node_modules_%40supabase_auth-js_dist_module_0.pzobh._.js:938:24)
    at http://localhost:3000/_next/static/chunks/node_modules_%40supabase_auth-js_dist_module_0.pzobh._.js:7482:220
    at async http://localhost:3000/_next/static/chunks/node_modules_%40supabase_auth-js_dist_module_0.pzobh._.js:667:36 @ http://localhost:3000/_next/static/chunks/node_modules_next_dist_115brz8._.js:3272
[53586848ms] [ERROR] Failed to load resource: net::ERR_QUIC_PROTOCOL_ERROR @ https://wnitkyyodymmjedlttex.supabase.co/auth/v1/token?grant_type=refresh_token:0
[53586849ms] [ERROR] TypeError: Failed to fetch
    at http://localhost:3000/_next/static/chunks/node_modules_%40supabase_auth-js_dist_module_0.pzobh._.js:597:23
    at _handleRequest (http://localhost:3000/_next/static/chunks/node_modules_%40supabase_auth-js_dist_module_0.pzobh._.js:951:24)
    at _request (http://localhost:3000/_next/static/chunks/node_modules_%40supabase_auth-js_dist_module_0.pzobh._.js:938:24)
    at http://localhost:3000/_next/static/chunks/node_modules_%40supabase_auth-js_dist_module_0.pzobh._.js:7482:220
    at async http://localhost:3000/_next/static/chunks/node_modules_%40supabase_auth-js_dist_module_0.pzobh._.js:667:36 @ http://localhost:3000/_next/static/chunks/node_modules_next_dist_115brz8._.js:3272
[53592458ms] [ERROR] Failed to load resource: net::ERR_QUIC_PROTOCOL_ERROR @ https://wnitkyyodymmjedlttex.supabase.co/auth/v1/token?grant_type=refresh_token:0
[53592458ms] [ERROR] TypeError: Failed to fetch
    at http://localhost:3000/_next/static/chunks/node_modules_%40supabase_auth-js_dist_module_0.pzobh._.js:597:23
    at _handleRequest (http://localhost:3000/_next/static/chunks/node_modules_%40supabase_auth-js_dist_module_0.pzobh._.js:951:24)
    at _request (http://localhost:3000/_next/static/chunks/node_modules_%40supabase_auth-js_dist_module_0.pzobh._.js:938:24)
    at http://localhost:3000/_next/static/chunks/node_modules_%40supabase_auth-js_dist_module_0.pzobh._.js:7482:220
    at async http://localhost:3000/_next/static/chunks/node_modules_%40supabase_auth-js_dist_module_0.pzobh._.js:667:36 @ http://localhost:3000/_next/static/chunks/node_modules_next_dist_115brz8._.js:3272
[53599674ms] [ERROR] Failed to load resource: net::ERR_QUIC_PROTOCOL_ERROR @ https://wnitkyyodymmjedlttex.supabase.co/auth/v1/token?grant_type=refresh_token:0
[53599674ms] [ERROR] TypeError: Failed to fetch
    at http://localhost:3000/_next/static/chunks/node_modules_%40supabase_auth-js_dist_module_0.pzobh._.js:597:23
    at _handleRequest (http://localhost:3000/_next/static/chunks/node_modules_%40supabase_auth-js_dist_module_0.pzobh._.js:951:24)
    at _request (http://localhost:3000/_next/static/chunks/node_modules_%40supabase_auth-js_dist_module_0.pzobh._.js:938:24)
    at http://localhost:3000/_next/static/chunks/node_modules_%40supabase_auth-js_dist_module_0.pzobh._.js:7482:220
    at async http://localhost:3000/_next/static/chunks/node_modules_%40supabase_auth-js_dist_module_0.pzobh._.js:667:36 @ http://localhost:3000/_next/static/chunks/node_modules_next_dist_115brz8._.js:3272
[53603683ms] [ERROR] Failed to load resource: net::ERR_QUIC_PROTOCOL_ERROR @ https://wnitkyyodymmjedlttex.supabase.co/auth/v1/token?grant_type=refresh_token:0
[53603683ms] [ERROR] TypeError: Failed to fetch
    at http://localhost:3000/_next/static/chunks/node_modules_%40supabase_auth-js_dist_module_0.pzobh._.js:597:23
    at _handleRequest (http://localhost:3000/_next/static/chunks/node_modules_%40supabase_auth-js_dist_module_0.pzobh._.js:951:24)
    at _request (http://localhost:3000/_next/static/chunks/node_modules_%40supabase_auth-js_dist_module_0.pzobh._.js:938:24)
    at http://localhost:3000/_next/static/chunks/node_modules_%40supabase_auth-js_dist_module_0.pzobh._.js:7482:220
    at http://localhost:3000/_next/static/chunks/node_modules_%40supabase_auth-js_dist_module_0.pzobh._.js:667:42
    at http://localhost:3000/_next/static/chunks/node_modules_%40supabase_auth-js_dist_module_0.pzobh._.js:679:11
    at new Promise (<anonymous>)
    at retryable (http://localhost:3000/_next/static/chunks/node_modules_%40supabase_auth-js_dist_module_0.pzobh._.js:661:21)
    at SupabaseAuthClient._refreshAccessToken (http://localhost:3000/_next/static/chunks/node_modules_%40supabase_auth-js_dist_module_0.pzobh._.js:7477:219)
    at SupabaseAuthClient._callRefreshToken (http://localhost:3000/_next/static/chunks/node_modules_%40supabase_auth-js_dist_module_0.pzobh._.js:7633:48)
    at SupabaseAuthClient.__loadSession (http://localhost:3000/_next/static/chunks/node_modules_%40supabase_auth-js_dist_module_0.pzobh._.js:5996:57)
    at async SupabaseAuthClient._useSession (http://localhost:3000/_next/static/chunks/node_modules_%40supabase_auth-js_dist_module_0.pzobh._.js:5926:28)
    at async http://localhost:3000/_next/static/chunks/node_modules_%40supabase_auth-js_dist_module_0.pzobh._.js:7903:32
    at async http://localhost:3000/_next/static/chunks/node_modules_%40supabase_auth-js_dist_module_0.pzobh._.js:5875:28 @ http://localhost:3000/_next/static/chunks/node_modules_next_dist_115brz8._.js:3272
[53607900ms] [ERROR] Failed to load resource: net::ERR_QUIC_PROTOCOL_ERROR @ https://wnitkyyodymmjedlttex.supabase.co/auth/v1/token?grant_type=refresh_token:0
[53607901ms] [ERROR] TypeError: Failed to fetch
    at http://localhost:3000/_next/static/chunks/node_modules_%40supabase_auth-js_dist_module_0.pzobh._.js:597:23
    at _handleRequest (http://localhost:3000/_next/static/chunks/node_modules_%40supabase_auth-js_dist_module_0.pzobh._.js:951:24)
    at _request (http://localhost:3000/_next/static/chunks/node_modules_%40supabase_auth-js_dist_module_0.pzobh._.js:938:24)
    at http://localhost:3000/_next/static/chunks/node_modules_%40supabase_auth-js_dist_module_0.pzobh._.js:7482:220
    at async http://localhost:3000/_next/static/chunks/node_modules_%40supabase_auth-js_dist_module_0.pzobh._.js:667:36 @ http://localhost:3000/_next/static/chunks/node_modules_next_dist_115brz8._.js:3272
[53612319ms] [ERROR] Failed to load resource: net::ERR_QUIC_PROTOCOL_ERROR @ https://wnitkyyodymmjedlttex.supabase.co/auth/v1/token?grant_type=refresh_token:0
[53612319ms] [ERROR] TypeError: Failed to fetch
    at http://localhost:3000/_next/static/chunks/node_modules_%40supabase_auth-js_dist_module_0.pzobh._.js:597:23
    at _handleRequest (http://localhost:3000/_next/static/chunks/node_modules_%40supabase_auth-js_dist_module_0.pzobh._.js:951:24)
    at _request (http://localhost:3000/_next/static/chunks/node_modules_%40supabase_auth-js_dist_module_0.pzobh._.js:938:24)
    at http://localhost:3000/_next/static/chunks/node_modules_%40supabase_auth-js_dist_module_0.pzobh._.js:7482:220
    at async http://localhost:3000/_next/static/chunks/node_modules_%40supabase_auth-js_dist_module_0.pzobh._.js:667:36 @ http://localhost:3000/_next/static/chunks/node_modules_next_dist_115brz8._.js:3272
[53617136ms] [ERROR] Failed to load resource: net::ERR_QUIC_PROTOCOL_ERROR @ https://wnitkyyodymmjedlttex.supabase.co/auth/v1/token?grant_type=refresh_token:0
[53617136ms] [ERROR] TypeError: Failed to fetch
    at http://localhost:3000/_next/static/chunks/node_modules_%40supabase_auth-js_dist_module_0.pzobh._.js:597:23
    at _handleRequest (http://localhost:3000/_next/static/chunks/node_modules_%40supabase_auth-js_dist_module_0.pzobh._.js:951:24)
    at _request (http://localhost:3000/_next/static/chunks/node_modules_%40supabase_auth-js_dist_module_0.pzobh._.js:938:24)
    at http://localhost:3000/_next/static/chunks/node_modules_%40supabase_auth-js_dist_module_0.pzobh._.js:7482:220
    at async http://localhost:3000/_next/static/chunks/node_modules_%40supabase_auth-js_dist_module_0.pzobh._.js:667:36 @ http://localhost:3000/_next/static/chunks/node_modules_next_dist_115brz8._.js:3272
[53622762ms] [ERROR] Failed to load resource: net::ERR_QUIC_PROTOCOL_ERROR @ https://wnitkyyodymmjedlttex.supabase.co/auth/v1/token?grant_type=refresh_token:0
[53622763ms] [ERROR] TypeError: Failed to fetch
    at http://localhost:3000/_next/static/chunks/node_modules_%40supabase_auth-js_dist_module_0.pzobh._.js:597:23
    at _handleRequest (http://localhost:3000/_next/static/chunks/node_modules_%40supabase_auth-js_dist_module_0.pzobh._.js:951:24)
    at _request (http://localhost:3000/_next/static/chunks/node_modules_%40supabase_auth-js_dist_module_0.pzobh._.js:938:24)
    at http://localhost:3000/_next/static/chunks/node_modules_%40supabase_auth-js_dist_module_0.pzobh._.js:7482:220
    at async http://localhost:3000/_next/static/chunks/node_modules_%40supabase_auth-js_dist_module_0.pzobh._.js:667:36 @ http://localhost:3000/_next/static/chunks/node_modules_next_dist_115brz8._.js:3272
[53629971ms] [ERROR] Failed to load resource: net::ERR_QUIC_PROTOCOL_ERROR @ https://wnitkyyodymmjedlttex.supabase.co/auth/v1/token?grant_type=refresh_token:0
[53629972ms] [ERROR] TypeError: Failed to fetch
    at http://localhost:3000/_next/static/chunks/node_modules_%40supabase_auth-js_dist_module_0.pzobh._.js:597:23
    at _handleRequest (http://localhost:3000/_next/static/chunks/node_modules_%40supabase_auth-js_dist_module_0.pzobh._.js:951:24)
    at _request (http://localhost:3000/_next/static/chunks/node_modules_%40supabase_auth-js_dist_module_0.pzobh._.js:938:24)
    at http://localhost:3000/_next/static/chunks/node_modules_%40supabase_auth-js_dist_module_0.pzobh._.js:7482:220
    at async http://localhost:3000/_next/static/chunks/node_modules_%40supabase_auth-js_dist_module_0.pzobh._.js:667:36 @ http://localhost:3000/_next/static/chunks/node_modules_next_dist_115brz8._.js:3272
[53633984ms] [ERROR] Failed to load resource: net::ERR_QUIC_PROTOCOL_ERROR @ https://wnitkyyodymmjedlttex.supabase.co/auth/v1/token?grant_type=refresh_token:0
[53633985ms] [ERROR] TypeError: Failed to fetch
    at http://localhost:3000/_next/static/chunks/node_modules_%40supabase_auth-js_dist_module_0.pzobh._.js:597:23
    at _handleRequest (http://localhost:3000/_next/static/chunks/node_modules_%40supabase_auth-js_dist_module_0.pzobh._.js:951:24)
    at _request (http://localhost:3000/_next/static/chunks/node_modules_%40supabase_auth-js_dist_module_0.pzobh._.js:938:24)
    at http://localhost:3000/_next/static/chunks/node_modules_%40supabase_auth-js_dist_module_0.pzobh._.js:7482:220
    at http://localhost:3000/_next/static/chunks/node_modules_%40supabase_auth-js_dist_module_0.pzobh._.js:667:42
    at http://localhost:3000/_next/static/chunks/node_modules_%40supabase_auth-js_dist_module_0.pzobh._.js:679:11
    at new Promise (<anonymous>)
    at retryable (http://localhost:3000/_next/static/chunks/node_modules_%40supabase_auth-js_dist_module_0.pzobh._.js:661:21)
    at SupabaseAuthClient._refreshAccessToken (http://localhost:3000/_next/static/chunks/node_modules_%40supabase_auth-js_dist_module_0.pzobh._.js:7477:219)
    at SupabaseAuthClient._callRefreshToken (http://localhost:3000/_next/static/chunks/node_modules_%40supabase_auth-js_dist_module_0.pzobh._.js:7633:48)
    at SupabaseAuthClient.__loadSession (http://localhost:3000/_next/static/chunks/node_modules_%40supabase_auth-js_dist_module_0.pzobh._.js:5996:57)
    at async SupabaseAuthClient._useSession (http://localhost:3000/_next/static/chunks/node_modules_%40supabase_auth-js_dist_module_0.pzobh._.js:5926:28)
    at async http://localhost:3000/_next/static/chunks/node_modules_%40supabase_auth-js_dist_module_0.pzobh._.js:7903:32
    at async http://localhost:3000/_next/static/chunks/node_modules_%40supabase_auth-js_dist_module_0.pzobh._.js:5875:28 @ http://localhost:3000/_next/static/chunks/node_modules_next_dist_115brz8._.js:3272
[53638208ms] [ERROR] Failed to load resource: net::ERR_QUIC_PROTOCOL_ERROR @ https://wnitkyyodymmjedlttex.supabase.co/auth/v1/token?grant_type=refresh_token:0
[53638208ms] [ERROR] TypeError: Failed to fetch
    at http://localhost:3000/_next/static/chunks/node_modules_%40supabase_auth-js_dist_module_0.pzobh._.js:597:23
    at _handleRequest (http://localhost:3000/_next/static/chunks/node_modules_%40supabase_auth-js_dist_module_0.pzobh._.js:951:24)
    at _request (http://localhost:3000/_next/static/chunks/node_modules_%40supabase_auth-js_dist_module_0.pzobh._.js:938:24)
    at http://localhost:3000/_next/static/chunks/node_modules_%40supabase_auth-js_dist_module_0.pzobh._.js:7482:220
    at async http://localhost:3000/_next/static/chunks/node_modules_%40supabase_auth-js_dist_module_0.pzobh._.js:667:36 @ http://localhost:3000/_next/static/chunks/node_modules_next_dist_115brz8._.js:3272
[53642634ms] [ERROR] Failed to load resource: net::ERR_QUIC_PROTOCOL_ERROR @ https://wnitkyyodymmjedlttex.supabase.co/auth/v1/token?grant_type=refresh_token:0
[53642634ms] [ERROR] TypeError: Failed to fetch
    at http://localhost:3000/_next/static/chunks/node_modules_%40supabase_auth-js_dist_module_0.pzobh._.js:597:23
    at _handleRequest (http://localhost:3000/_next/static/chunks/node_modules_%40supabase_auth-js_dist_module_0.pzobh._.js:951:24)
    at _request (http://localhost:3000/_next/static/chunks/node_modules_%40supabase_auth-js_dist_module_0.pzobh._.js:938:24)
    at http://localhost:3000/_next/static/chunks/node_modules_%40supabase_auth-js_dist_module_0.pzobh._.js:7482:220
    at async http://localhost:3000/_next/static/chunks/node_modules_%40supabase_auth-js_dist_module_0.pzobh._.js:667:36 @ http://localhost:3000/_next/static/chunks/node_modules_next_dist_115brz8._.js:3272
[53647444ms] [ERROR] Failed to load resource: net::ERR_QUIC_PROTOCOL_ERROR @ https://wnitkyyodymmjedlttex.supabase.co/auth/v1/token?grant_type=refresh_token:0
[53647444ms] [ERROR] TypeError: Failed to fetch
    at http://localhost:3000/_next/static/chunks/node_modules_%40supabase_auth-js_dist_module_0.pzobh._.js:597:23
    at _handleRequest (http://localhost:3000/_next/static/chunks/node_modules_%40supabase_auth-js_dist_module_0.pzobh._.js:951:24)
    at _request (http://localhost:3000/_next/static/chunks/node_modules_%40supabase_auth-js_dist_module_0.pzobh._.js:938:24)
    at http://localhost:3000/_next/static/chunks/node_modules_%40supabase_auth-js_dist_module_0.pzobh._.js:7482:220
    at async http://localhost:3000/_next/static/chunks/node_modules_%40supabase_auth-js_dist_module_0.pzobh._.js:667:36 @ http://localhost:3000/_next/static/chunks/node_modules_next_dist_115brz8._.js:3272
[53653059ms] [ERROR] Failed to load resource: net::ERR_QUIC_PROTOCOL_ERROR @ https://wnitkyyodymmjedlttex.supabase.co/auth/v1/token?grant_type=refresh_token:0
[53653059ms] [ERROR] TypeError: Failed to fetch
    at http://localhost:3000/_next/static/chunks/node_modules_%40supabase_auth-js_dist_module_0.pzobh._.js:597:23
    at _handleRequest (http://localhost:3000/_next/static/chunks/node_modules_%40supabase_auth-js_dist_module_0.pzobh._.js:951:24)
    at _request (http://localhost:3000/_next/static/chunks/node_modules_%40supabase_auth-js_dist_module_0.pzobh._.js:938:24)
    at http://localhost:3000/_next/static/chunks/node_modules_%40supabase_auth-js_dist_module_0.pzobh._.js:7482:220
    at async http://localhost:3000/_next/static/chunks/node_modules_%40supabase_auth-js_dist_module_0.pzobh._.js:667:36 @ http://localhost:3000/_next/static/chunks/node_modules_next_dist_115brz8._.js:3272
[53660292ms] [ERROR] Failed to load resource: net::ERR_QUIC_PROTOCOL_ERROR @ https://wnitkyyodymmjedlttex.supabase.co/auth/v1/token?grant_type=refresh_token:0
[53660292ms] [ERROR] TypeError: Failed to fetch
    at http://localhost:3000/_next/static/chunks/node_modules_%40supabase_auth-js_dist_module_0.pzobh._.js:597:23
    at _handleRequest (http://localhost:3000/_next/static/chunks/node_modules_%40supabase_auth-js_dist_module_0.pzobh._.js:951:24)
    at _request (http://localhost:3000/_next/static/chunks/node_modules_%40supabase_auth-js_dist_module_0.pzobh._.js:938:24)
    at http://localhost:3000/_next/static/chunks/node_modules_%40supabase_auth-js_dist_module_0.pzobh._.js:7482:220
    at async http://localhost:3000/_next/static/chunks/node_modules_%40supabase_auth-js_dist_module_0.pzobh._.js:667:36 @ http://localhost:3000/_next/static/chunks/node_modules_next_dist_115brz8._.js:3272
[53664300ms] [ERROR] Failed to load resource: net::ERR_QUIC_PROTOCOL_ERROR @ https://wnitkyyodymmjedlttex.supabase.co/auth/v1/token?grant_type=refresh_token:0
[53664300ms] [ERROR] TypeError: Failed to fetch
    at http://localhost:3000/_next/static/chunks/node_modules_%40supabase_auth-js_dist_module_0.pzobh._.js:597:23
    at _handleRequest (http://localhost:3000/_next/static/chunks/node_modules_%40supabase_auth-js_dist_module_0.pzobh._.js:951:24)
    at _request (http://localhost:3000/_next/static/chunks/node_modules_%40supabase_auth-js_dist_module_0.pzobh._.js:938:24)
    at http://localhost:3000/_next/static/chunks/node_modules_%40supabase_auth-js_dist_module_0.pzobh._.js:7482:220
    at http://localhost:3000/_next/static/chunks/node_modules_%40supabase_auth-js_dist_module_0.pzobh._.js:667:42
    at http://localhost:3000/_next/static/chunks/node_modules_%40supabase_auth-js_dist_module_0.pzobh._.js:679:11
    at new Promise (<anonymous>)
    at retryable (http://localhost:3000/_next/static/chunks/node_modules_%40supabase_auth-js_dist_module_0.pzobh._.js:661:21)
    at SupabaseAuthClient._refreshAccessToken (http://localhost:3000/_next/static/chunks/node_modules_%40supabase_auth-js_dist_module_0.pzobh._.js:7477:219)
    at SupabaseAuthClient._callRefreshToken (http://localhost:3000/_next/static/chunks/node_modules_%40supabase_auth-js_dist_module_0.pzobh._.js:7633:48)
    at SupabaseAuthClient.__loadSession (http://localhost:3000/_next/static/chunks/node_modules_%40supabase_auth-js_dist_module_0.pzobh._.js:5996:57)
    at async SupabaseAuthClient._useSession (http://localhost:3000/_next/static/chunks/node_modules_%40supabase_auth-js_dist_module_0.pzobh._.js:5926:28)
    at async http://localhost:3000/_next/static/chunks/node_modules_%40supabase_auth-js_dist_module_0.pzobh._.js:7903:32
    at async http://localhost:3000/_next/static/chunks/node_modules_%40supabase_auth-js_dist_module_0.pzobh._.js:5875:28 @ http://localhost:3000/_next/static/chunks/node_modules_next_dist_115brz8._.js:3272
[53668534ms] [ERROR] Failed to load resource: net::ERR_QUIC_PROTOCOL_ERROR @ https://wnitkyyodymmjedlttex.supabase.co/auth/v1/token?grant_type=refresh_token:0
[53668534ms] [ERROR] TypeError: Failed to fetch
    at http://localhost:3000/_next/static/chunks/node_modules_%40supabase_auth-js_dist_module_0.pzobh._.js:597:23
    at _handleRequest (http://localhost:3000/_next/static/chunks/node_modules_%40supabase_auth-js_dist_module_0.pzobh._.js:951:24)
    at _request (http://localhost:3000/_next/static/chunks/node_modules_%40supabase_auth-js_dist_module_0.pzobh._.js:938:24)
    at http://localhost:3000/_next/static/chunks/node_modules_%40supabase_auth-js_dist_module_0.pzobh._.js:7482:220
    at async http://localhost:3000/_next/static/chunks/node_modules_%40supabase_auth-js_dist_module_0.pzobh._.js:667:36 @ http://localhost:3000/_next/static/chunks/node_modules_next_dist_115brz8._.js:3272
[53672950ms] [ERROR] Failed to load resource: net::ERR_QUIC_PROTOCOL_ERROR @ https://wnitkyyodymmjedlttex.supabase.co/auth/v1/token?grant_type=refresh_token:0
[53672951ms] [ERROR] TypeError: Failed to fetch
    at http://localhost:3000/_next/static/chunks/node_modules_%40supabase_auth-js_dist_module_0.pzobh._.js:597:23
    at _handleRequest (http://localhost:3000/_next/static/chunks/node_modules_%40supabase_auth-js_dist_module_0.pzobh._.js:951:24)
    at _request (http://localhost:3000/_next/static/chunks/node_modules_%40supabase_auth-js_dist_module_0.pzobh._.js:938:24)
    at http://localhost:3000/_next/static/chunks/node_modules_%40supabase_auth-js_dist_module_0.pzobh._.js:7482:220
    at async http://localhost:3000/_next/static/chunks/node_modules_%40supabase_auth-js_dist_module_0.pzobh._.js:667:36 @ http://localhost:3000/_next/static/chunks/node_modules_next_dist_115brz8._.js:3272
[53677783ms] [ERROR] Failed to load resource: net::ERR_QUIC_PROTOCOL_ERROR @ https://wnitkyyodymmjedlttex.supabase.co/auth/v1/token?grant_type=refresh_token:0
[53677783ms] [ERROR] TypeError: Failed to fetch
    at http://localhost:3000/_next/static/chunks/node_modules_%40supabase_auth-js_dist_module_0.pzobh._.js:597:23
    at _handleRequest (http://localhost:3000/_next/static/chunks/node_modules_%40supabase_auth-js_dist_module_0.pzobh._.js:951:24)
    at _request (http://localhost:3000/_next/static/chunks/node_modules_%40supabase_auth-js_dist_module_0.pzobh._.js:938:24)
    at http://localhost:3000/_next/static/chunks/node_modules_%40supabase_auth-js_dist_module_0.pzobh._.js:7482:220
    at async http://localhost:3000/_next/static/chunks/node_modules_%40supabase_auth-js_dist_module_0.pzobh._.js:667:36 @ http://localhost:3000/_next/static/chunks/node_modules_next_dist_115brz8._.js:3272
[53683402ms] [ERROR] Failed to load resource: net::ERR_QUIC_PROTOCOL_ERROR @ https://wnitkyyodymmjedlttex.supabase.co/auth/v1/token?grant_type=refresh_token:0
[53683402ms] [ERROR] TypeError: Failed to fetch
    at http://localhost:3000/_next/static/chunks/node_modules_%40supabase_auth-js_dist_module_0.pzobh._.js:597:23
    at _handleRequest (http://localhost:3000/_next/static/chunks/node_modules_%40supabase_auth-js_dist_module_0.pzobh._.js:951:24)
    at _request (http://localhost:3000/_next/static/chunks/node_modules_%40supabase_auth-js_dist_module_0.pzobh._.js:938:24)
    at http://localhost:3000/_next/static/chunks/node_modules_%40supabase_auth-js_dist_module_0.pzobh._.js:7482:220
    at async http://localhost:3000/_next/static/chunks/node_modules_%40supabase_auth-js_dist_module_0.pzobh._.js:667:36 @ http://localhost:3000/_next/static/chunks/node_modules_next_dist_115brz8._.js:3272
[53690624ms] [ERROR] Failed to load resource: net::ERR_QUIC_PROTOCOL_ERROR @ https://wnitkyyodymmjedlttex.supabase.co/auth/v1/token?grant_type=refresh_token:0
[53690624ms] [ERROR] TypeError: Failed to fetch
    at http://localhost:3000/_next/static/chunks/node_modules_%40supabase_auth-js_dist_module_0.pzobh._.js:597:23
    at _handleRequest (http://localhost:3000/_next/static/chunks/node_modules_%40supabase_auth-js_dist_module_0.pzobh._.js:951:24)
    at _request (http://localhost:3000/_next/static/chunks/node_modules_%40supabase_auth-js_dist_module_0.pzobh._.js:938:24)
    at http://localhost:3000/_next/static/chunks/node_modules_%40supabase_auth-js_dist_module_0.pzobh._.js:7482:220
    at async http://localhost:3000/_next/static/chunks/node_modules_%40supabase_auth-js_dist_module_0.pzobh._.js:667:36 @ http://localhost:3000/_next/static/chunks/node_modules_next_dist_115brz8._.js:3272
[53694630ms] [ERROR] Failed to load resource: net::ERR_QUIC_PROTOCOL_ERROR @ https://wnitkyyodymmjedlttex.supabase.co/auth/v1/token?grant_type=refresh_token:0
[53694630ms] [ERROR] TypeError: Failed to fetch
    at http://localhost:3000/_next/static/chunks/node_modules_%40supabase_auth-js_dist_module_0.pzobh._.js:597:23
    at _handleRequest (http://localhost:3000/_next/static/chunks/node_modules_%40supabase_auth-js_dist_module_0.pzobh._.js:951:24)
    at _request (http://localhost:3000/_next/static/chunks/node_modules_%40supabase_auth-js_dist_module_0.pzobh._.js:938:24)
    at http://localhost:3000/_next/static/chunks/node_modules_%40supabase_auth-js_dist_module_0.pzobh._.js:7482:220
    at http://localhost:3000/_next/static/chunks/node_modules_%40supabase_auth-js_dist_module_0.pzobh._.js:667:42
    at http://localhost:3000/_next/static/chunks/node_modules_%40supabase_auth-js_dist_module_0.pzobh._.js:679:11
    at new Promise (<anonymous>)
    at retryable (http://localhost:3000/_next/static/chunks/node_modules_%40supabase_auth-js_dist_module_0.pzobh._.js:661:21)
    at SupabaseAuthClient._refreshAccessToken (http://localhost:3000/_next/static/chunks/node_modules_%40supabase_auth-js_dist_module_0.pzobh._.js:7477:219)
    at SupabaseAuthClient._callRefreshToken (http://localhost:3000/_next/static/chunks/node_modules_%40supabase_auth-js_dist_module_0.pzobh._.js:7633:48)
    at SupabaseAuthClient.__loadSession (http://localhost:3000/_next/static/chunks/node_modules_%40supabase_auth-js_dist_module_0.pzobh._.js:5996:57)
    at async SupabaseAuthClient._useSession (http://localhost:3000/_next/static/chunks/node_modules_%40supabase_auth-js_dist_module_0.pzobh._.js:5926:28)
    at async http://localhost:3000/_next/static/chunks/node_modules_%40supabase_auth-js_dist_module_0.pzobh._.js:7903:32
    at async http://localhost:3000/_next/static/chunks/node_modules_%40supabase_auth-js_dist_module_0.pzobh._.js:5875:28 @ http://localhost:3000/_next/static/chunks/node_modules_next_dist_115brz8._.js:3272
[53698840ms] [ERROR] Failed to load resource: net::ERR_QUIC_PROTOCOL_ERROR @ https://wnitkyyodymmjedlttex.supabase.co/auth/v1/token?grant_type=refresh_token:0
[53698840ms] [ERROR] TypeError: Failed to fetch
    at http://localhost:3000/_next/static/chunks/node_modules_%40supabase_auth-js_dist_module_0.pzobh._.js:597:23
    at _handleRequest (http://localhost:3000/_next/static/chunks/node_modules_%40supabase_auth-js_dist_module_0.pzobh._.js:951:24)
    at _request (http://localhost:3000/_next/static/chunks/node_modules_%40supabase_auth-js_dist_module_0.pzobh._.js:938:24)
    at http://localhost:3000/_next/static/chunks/node_modules_%40supabase_auth-js_dist_module_0.pzobh._.js:7482:220
    at async http://localhost:3000/_next/static/chunks/node_modules_%40supabase_auth-js_dist_module_0.pzobh._.js:667:36 @ http://localhost:3000/_next/static/chunks/node_modules_next_dist_115brz8._.js:3272
[53703261ms] [ERROR] Failed to load resource: net::ERR_QUIC_PROTOCOL_ERROR @ https://wnitkyyodymmjedlttex.supabase.co/auth/v1/token?grant_type=refresh_token:0
[53703262ms] [ERROR] TypeError: Failed to fetch
    at http://localhost:3000/_next/static/chunks/node_modules_%40supabase_auth-js_dist_module_0.pzobh._.js:597:23
    at _handleRequest (http://localhost:3000/_next/static/chunks/node_modules_%40supabase_auth-js_dist_module_0.pzobh._.js:951:24)
    at _request (http://localhost:3000/_next/static/chunks/node_modules_%40supabase_auth-js_dist_module_0.pzobh._.js:938:24)
    at http://localhost:3000/_next/static/chunks/node_modules_%40supabase_auth-js_dist_module_0.pzobh._.js:7482:220
    at async http://localhost:3000/_next/static/chunks/node_modules_%40supabase_auth-js_dist_module_0.pzobh._.js:667:36 @ http://localhost:3000/_next/static/chunks/node_modules_next_dist_115brz8._.js:3272
[53708073ms] [ERROR] Failed to load resource: net::ERR_QUIC_PROTOCOL_ERROR @ https://wnitkyyodymmjedlttex.supabase.co/auth/v1/token?grant_type=refresh_token:0
[53708073ms] [ERROR] TypeError: Failed to fetch
    at http://localhost:3000/_next/static/chunks/node_modules_%40supabase_auth-js_dist_module_0.pzobh._.js:597:23
    at _handleRequest (http://localhost:3000/_next/static/chunks/node_modules_%40supabase_auth-js_dist_module_0.pzobh._.js:951:24)
    at _request (http://localhost:3000/_next/static/chunks/node_modules_%40supabase_auth-js_dist_module_0.pzobh._.js:938:24)
    at http://localhost:3000/_next/static/chunks/node_modules_%40supabase_auth-js_dist_module_0.pzobh._.js:7482:220
    at async http://localhost:3000/_next/static/chunks/node_modules_%40supabase_auth-js_dist_module_0.pzobh._.js:667:36 @ http://localhost:3000/_next/static/chunks/node_modules_next_dist_115brz8._.js:3272
[53713703ms] [ERROR] Failed to load resource: net::ERR_QUIC_PROTOCOL_ERROR @ https://wnitkyyodymmjedlttex.supabase.co/auth/v1/token?grant_type=refresh_token:0
[53713703ms] [ERROR] TypeError: Failed to fetch
    at http://localhost:3000/_next/static/chunks/node_modules_%40supabase_auth-js_dist_module_0.pzobh._.js:597:23
    at _handleRequest (http://localhost:3000/_next/static/chunks/node_modules_%40supabase_auth-js_dist_module_0.pzobh._.js:951:24)
    at _request (http://localhost:3000/_next/static/chunks/node_modules_%40supabase_auth-js_dist_module_0.pzobh._.js:938:24)
    at http://localhost:3000/_next/static/chunks/node_modules_%40supabase_auth-js_dist_module_0.pzobh._.js:7482:220
    at async http://localhost:3000/_next/static/chunks/node_modules_%40supabase_auth-js_dist_module_0.pzobh._.js:667:36 @ http://localhost:3000/_next/static/chunks/node_modules_next_dist_115brz8._.js:3272
[53720921ms] [ERROR] Failed to load resource: net::ERR_QUIC_PROTOCOL_ERROR @ https://wnitkyyodymmjedlttex.supabase.co/auth/v1/token?grant_type=refresh_token:0
[53720922ms] [ERROR] TypeError: Failed to fetch
    at http://localhost:3000/_next/static/chunks/node_modules_%40supabase_auth-js_dist_module_0.pzobh._.js:597:23
    at _handleRequest (http://localhost:3000/_next/static/chunks/node_modules_%40supabase_auth-js_dist_module_0.pzobh._.js:951:24)
    at _request (http://localhost:3000/_next/static/chunks/node_modules_%40supabase_auth-js_dist_module_0.pzobh._.js:938:24)
    at http://localhost:3000/_next/static/chunks/node_modules_%40supabase_auth-js_dist_module_0.pzobh._.js:7482:220
    at async http://localhost:3000/_next/static/chunks/node_modules_%40supabase_auth-js_dist_module_0.pzobh._.js:667:36 @ http://localhost:3000/_next/static/chunks/node_modules_next_dist_115brz8._.js:3272
[53729151ms] [ERROR] Failed to load resource: net::ERR_QUIC_PROTOCOL_ERROR @ https://wnitkyyodymmjedlttex.supabase.co/auth/v1/token?grant_type=refresh_token:0
[53729151ms] [ERROR] TypeError: Failed to fetch
    at http://localhost:3000/_next/static/chunks/node_modules_%40supabase_auth-js_dist_module_0.pzobh._.js:597:23
    at _handleRequest (http://localhost:3000/_next/static/chunks/node_modules_%40supabase_auth-js_dist_module_0.pzobh._.js:951:24)
    at _request (http://localhost:3000/_next/static/chunks/node_modules_%40supabase_auth-js_dist_module_0.pzobh._.js:938:24)
    at http://localhost:3000/_next/static/chunks/node_modules_%40supabase_auth-js_dist_module_0.pzobh._.js:7482:220
    at async http://localhost:3000/_next/static/chunks/node_modules_%40supabase_auth-js_dist_module_0.pzobh._.js:667:36 @ http://localhost:3000/_next/static/chunks/node_modules_next_dist_115brz8._.js:3272
[53729152ms] [ERROR] WebSocket is already in CLOSING or CLOSED state. @ http://localhost:3000/_next/static/chunks/node_modules_next_dist_115brz8._.js:2790
[53731187ms] [ERROR] WebSocket connection to 'ws://localhost:3000/_next/webpack-hmr?id=-Ehv_mLFayj92mS-ZhwPo' failed: Error in connection establishment: net::ERR_CONNECTION_REFUSED @ http://localhost:3000/_next/static/chunks/node_modules_next_dist_client_0fhqo1d._.js:13299
[53733578ms] [ERROR] Failed to load resource: net::ERR_QUIC_PROTOCOL_ERROR @ https://wnitkyyodymmjedlttex.supabase.co/auth/v1/token?grant_type=refresh_token:0
[53733578ms] [ERROR] TypeError: Failed to fetch
    at http://localhost:3000/_next/static/chunks/node_modules_%40supabase_auth-js_dist_module_0.pzobh._.js:597:23
    at _handleRequest (http://localhost:3000/_next/static/chunks/node_modules_%40supabase_auth-js_dist_module_0.pzobh._.js:951:24)
    at _request (http://localhost:3000/_next/static/chunks/node_modules_%40supabase_auth-js_dist_module_0.pzobh._.js:938:24)
    at http://localhost:3000/_next/static/chunks/node_modules_%40supabase_auth-js_dist_module_0.pzobh._.js:7482:220
    at async http://localhost:3000/_next/static/chunks/node_modules_%40supabase_auth-js_dist_module_0.pzobh._.js:667:36 @ http://localhost:3000/_next/static/chunks/node_modules_next_dist_115brz8._.js:3272
[53733579ms] [ERROR] WebSocket is already in CLOSING or CLOSED state. @ http://localhost:3000/_next/static/chunks/node_modules_next_dist_115brz8._.js:2790
[53738390ms] [ERROR] Failed to load resource: net::ERR_QUIC_PROTOCOL_ERROR @ https://wnitkyyodymmjedlttex.supabase.co/auth/v1/token?grant_type=refresh_token:0
[53738390ms] [ERROR] TypeError: Failed to fetch
    at http://localhost:3000/_next/static/chunks/node_modules_%40supabase_auth-js_dist_module_0.pzobh._.js:597:23
    at _handleRequest (http://localhost:3000/_next/static/chunks/node_modules_%40supabase_auth-js_dist_module_0.pzobh._.js:951:24)
    at _request (http://localhost:3000/_next/static/chunks/node_modules_%40supabase_auth-js_dist_module_0.pzobh._.js:938:24)
    at http://localhost:3000/_next/static/chunks/node_modules_%40supabase_auth-js_dist_module_0.pzobh._.js:7482:220
    at async http://localhost:3000/_next/static/chunks/node_modules_%40supabase_auth-js_dist_module_0.pzobh._.js:667:36 @ http://localhost:3000/_next/static/chunks/node_modules_next_dist_115brz8._.js:3272
[53738391ms] [ERROR] WebSocket is already in CLOSING or CLOSED state. @ http://localhost:3000/_next/static/chunks/node_modules_next_dist_115brz8._.js:2790
[53744001ms] [ERROR] Failed to load resource: net::ERR_QUIC_PROTOCOL_ERROR @ https://wnitkyyodymmjedlttex.supabase.co/auth/v1/token?grant_type=refresh_token:0
[53744002ms] [ERROR] TypeError: Failed to fetch
    at http://localhost:3000/_next/static/chunks/node_modules_%40supabase_auth-js_dist_module_0.pzobh._.js:597:23
    at _handleRequest (http://localhost:3000/_next/static/chunks/node_modules_%40supabase_auth-js_dist_module_0.pzobh._.js:951:24)
    at _request (http://localhost:3000/_next/static/chunks/node_modules_%40supabase_auth-js_dist_module_0.pzobh._.js:938:24)
    at http://localhost:3000/_next/static/chunks/node_modules_%40supabase_auth-js_dist_module_0.pzobh._.js:7482:220
    at async http://localhost:3000/_next/static/chunks/node_modules_%40supabase_auth-js_dist_module_0.pzobh._.js:667:36 @ http://localhost:3000/_next/static/chunks/node_modules_next_dist_115brz8._.js:3272
[53744002ms] [ERROR] WebSocket is already in CLOSING or CLOSED state. @ http://localhost:3000/_next/static/chunks/node_modules_next_dist_115brz8._.js:2790
[53747513ms] [ERROR] WebSocket connection to 'ws://localhost:3000/_next/webpack-hmr?id=-Ehv_mLFayj92mS-ZhwPo' failed: Error in connection establishment: net::ERR_CONNECTION_REFUSED @ http://localhost:3000/_next/static/chunks/node_modules_next_dist_client_0fhqo1d._.js:13299
[53751211ms] [ERROR] Failed to load resource: net::ERR_QUIC_PROTOCOL_ERROR @ https://wnitkyyodymmjedlttex.supabase.co/auth/v1/token?grant_type=refresh_token:0
[53751211ms] [ERROR] TypeError: Failed to fetch
    at http://localhost:3000/_next/static/chunks/node_modules_%40supabase_auth-js_dist_module_0.pzobh._.js:597:23
    at _handleRequest (http://localhost:3000/_next/static/chunks/node_modules_%40supabase_auth-js_dist_module_0.pzobh._.js:951:24)
    at _request (http://localhost:3000/_next/static/chunks/node_modules_%40supabase_auth-js_dist_module_0.pzobh._.js:938:24)
    at http://localhost:3000/_next/static/chunks/node_modules_%40supabase_auth-js_dist_module_0.pzobh._.js:7482:220
    at async http://localhost:3000/_next/static/chunks/node_modules_%40supabase_auth-js_dist_module_0.pzobh._.js:667:36 @ http://localhost:3000/_next/static/chunks/node_modules_next_dist_115brz8._.js:3272
[53751212ms] [ERROR] WebSocket is already in CLOSING or CLOSED state. @ http://localhost:3000/_next/static/chunks/node_modules_next_dist_115brz8._.js:2790
[53755218ms] [ERROR] Failed to load resource: net::ERR_QUIC_PROTOCOL_ERROR @ https://wnitkyyodymmjedlttex.supabase.co/auth/v1/token?grant_type=refresh_token:0
[53755218ms] [ERROR] TypeError: Failed to fetch
    at http://localhost:3000/_next/static/chunks/node_modules_%40supabase_auth-js_dist_module_0.pzobh._.js:597:23
    at _handleRequest (http://localhost:3000/_next/static/chunks/node_modules_%40supabase_auth-js_dist_module_0.pzobh._.js:951:24)
    at _request (http://localhost:3000/_next/static/chunks/node_modules_%40supabase_auth-js_dist_module_0.pzobh._.js:938:24)
    at http://localhost:3000/_next/static/chunks/node_modules_%40supabase_auth-js_dist_module_0.pzobh._.js:7482:220
    at http://localhost:3000/_next/static/chunks/node_modules_%40supabase_auth-js_dist_module_0.pzobh._.js:667:42
    at http://localhost:3000/_next/static/chunks/node_modules_%40supabase_auth-js_dist_module_0.pzobh._.js:679:11
    at new Promise (<anonymous>)
    at retryable (http://localhost:3000/_next/static/chunks/node_modules_%40supabase_auth-js_dist_module_0.pzobh._.js:661:21)
    at SupabaseAuthClient._refreshAccessToken (http://localhost:3000/_next/static/chunks/node_modules_%40supabase_auth-js_dist_module_0.pzobh._.js:7477:219)
    at SupabaseAuthClient._callRefreshToken (http://localhost:3000/_next/static/chunks/node_modules_%40supabase_auth-js_dist_module_0.pzobh._.js:7633:48)
    at SupabaseAuthClient.__loadSession (http://localhost:3000/_next/static/chunks/node_modules_%40supabase_auth-js_dist_module_0.pzobh._.js:5996:57)
    at async SupabaseAuthClient._useSession (http://localhost:3000/_next/static/chunks/node_modules_%40supabase_auth-js_dist_module_0.pzobh._.js:5926:28)
    at async http://localhost:3000/_next/static/chunks/node_modules_%40supabase_auth-js_dist_module_0.pzobh._.js:7903:32
    at async http://localhost:3000/_next/static/chunks/node_modules_%40supabase_auth-js_dist_module_0.pzobh._.js:5875:28 @ http://localhost:3000/_next/static/chunks/node_modules_next_dist_115brz8._.js:3272
[53755219ms] [ERROR] WebSocket is already in CLOSING or CLOSED state. @ http://localhost:3000/_next/static/chunks/node_modules_next_dist_115brz8._.js:2790
[53759433ms] [ERROR] Failed to load resource: net::ERR_QUIC_PROTOCOL_ERROR @ https://wnitkyyodymmjedlttex.supabase.co/auth/v1/token?grant_type=refresh_token:0
[53759433ms] [ERROR] TypeError: Failed to fetch
    at http://localhost:3000/_next/static/chunks/node_modules_%40supabase_auth-js_dist_module_0.pzobh._.js:597:23
    at _handleRequest (http://localhost:3000/_next/static/chunks/node_modules_%40supabase_auth-js_dist_module_0.pzobh._.js:951:24)
    at _request (http://localhost:3000/_next/static/chunks/node_modules_%40supabase_auth-js_dist_module_0.pzobh._.js:938:24)
    at http://localhost:3000/_next/static/chunks/node_modules_%40supabase_auth-js_dist_module_0.pzobh._.js:7482:220
    at async http://localhost:3000/_next/static/chunks/node_modules_%40supabase_auth-js_dist_module_0.pzobh._.js:667:36 @ http://localhost:3000/_next/static/chunks/node_modules_next_dist_115brz8._.js:3272
[53759434ms] [ERROR] WebSocket is already in CLOSING or CLOSED state. @ http://localhost:3000/_next/static/chunks/node_modules_next_dist_115brz8._.js:2790
[53763825ms] [ERROR] WebSocket connection to 'ws://localhost:3000/_next/webpack-hmr?id=-Ehv_mLFayj92mS-ZhwPo' failed: Error in connection establishment: net::ERR_CONNECTION_REFUSED @ http://localhost:3000/_next/static/chunks/node_modules_next_dist_client_0fhqo1d._.js:13299
[53763846ms] [ERROR] Failed to load resource: net::ERR_QUIC_PROTOCOL_ERROR @ https://wnitkyyodymmjedlttex.supabase.co/auth/v1/token?grant_type=refresh_token:0
[53763847ms] [ERROR] TypeError: Failed to fetch
    at http://localhost:3000/_next/static/chunks/node_modules_%40supabase_auth-js_dist_module_0.pzobh._.js:597:23
    at _handleRequest (http://localhost:3000/_next/static/chunks/node_modules_%40supabase_auth-js_dist_module_0.pzobh._.js:951:24)
    at _request (http://localhost:3000/_next/static/chunks/node_modules_%40supabase_auth-js_dist_module_0.pzobh._.js:938:24)
    at http://localhost:3000/_next/static/chunks/node_modules_%40supabase_auth-js_dist_module_0.pzobh._.js:7482:220
    at async http://localhost:3000/_next/static/chunks/node_modules_%40supabase_auth-js_dist_module_0.pzobh._.js:667:36 @ http://localhost:3000/_next/static/chunks/node_modules_next_dist_115brz8._.js:3272
[53763848ms] [ERROR] WebSocket is already in CLOSING or CLOSED state. @ http://localhost:3000/_next/static/chunks/node_modules_next_dist_115brz8._.js:2790
[53780144ms] [ERROR] WebSocket connection to 'ws://localhost:3000/_next/webpack-hmr?id=-Ehv_mLFayj92mS-ZhwPo' failed: Error in connection establishment: net::ERR_CONNECTION_REFUSED @ http://localhost:3000/_next/static/chunks/node_modules_next_dist_client_0fhqo1d._.js:13299
[53796460ms] [ERROR] WebSocket connection to 'ws://localhost:3000/_next/webpack-hmr?id=-Ehv_mLFayj92mS-ZhwPo' failed: Error in connection establishment: net::ERR_CONNECTION_REFUSED @ http://localhost:3000/_next/static/chunks/node_modules_next_dist_client_0fhqo1d._.js:13299
[53812791ms] [ERROR] WebSocket connection to 'ws://localhost:3000/_next/webpack-hmr?id=-Ehv_mLFayj92mS-ZhwPo' failed: Error in connection establishment: net::ERR_CONNECTION_REFUSED @ http://localhost:3000/_next/static/chunks/node_modules_next_dist_client_0fhqo1d._.js:13299
[53829179ms] [ERROR] WebSocket connection to 'ws://localhost:3000/_next/webpack-hmr?id=-Ehv_mLFayj92mS-ZhwPo' failed: Error in connection establishment: net::ERR_CONNECTION_REFUSED @ http://localhost:3000/_next/static/chunks/node_modules_next_dist_client_0fhqo1d._.js:13299
[53845513ms] [ERROR] WebSocket connection to 'ws://localhost:3000/_next/webpack-hmr?id=-Ehv_mLFayj92mS-ZhwPo' failed: Error in connection establishment: net::ERR_CONNECTION_REFUSED @ http://localhost:3000/_next/static/chunks/node_modules_next_dist_client_0fhqo1d._.js:13299
[53861867ms] [ERROR] WebSocket connection to 'ws://localhost:3000/_next/webpack-hmr?id=-Ehv_mLFayj92mS-ZhwPo' failed: Error in connection establishment: net::ERR_CONNECTION_REFUSED @ http://localhost:3000/_next/static/chunks/node_modules_next_dist_client_0fhqo1d._.js:13299
[53878164ms] [ERROR] WebSocket connection to 'ws://localhost:3000/_next/webpack-hmr?id=-Ehv_mLFayj92mS-ZhwPo' failed: Error in connection establishment: net::ERR_CONNECTION_REFUSED @ http://localhost:3000/_next/static/chunks/node_modules_next_dist_client_0fhqo1d._.js:13299
[53894519ms] [ERROR] WebSocket connection to 'ws://localhost:3000/_next/webpack-hmr?id=-Ehv_mLFayj92mS-ZhwPo' failed: Error in connection establishment: net::ERR_CONNECTION_REFUSED @ http://localhost:3000/_next/static/chunks/node_modules_next_dist_client_0fhqo1d._.js:13299
[53910810ms] [ERROR] WebSocket connection to 'ws://localhost:3000/_next/webpack-hmr?id=-Ehv_mLFayj92mS-ZhwPo' failed: Error in connection establishment: net::ERR_CONNECTION_REFUSED @ http://localhost:3000/_next/static/chunks/node_modules_next_dist_client_0fhqo1d._.js:13299
